기획전ID,기획전 타이틀,기획전_시작일,기획전_종료일,노출순서,상품ID,상품명,매장명,카테고리명,판매가,등록일,베타 광고 여부
1680,12월_바라클라바,2025-12-22,2026-01-15,0,585748,세일) 호랑이바라클 털모자 바라클라바 목도리 비니 겨울모자 니트모자 화이트 H474,스위니,비니/트루퍼,6000,2024-12-18,
1680,12월_바라클라바,2025-12-22,2026-01-15,1,617602,니트 바라클라바,인(IN),비니/트루퍼,10000,2025-02-07,
1680,12월_바라클라바,2025-12-22,2026-01-15,2,731866,두꺼운 남여공용 바라클라바 울니트 방한 모자,느와드코코,벙거지/페도라/버킷,4500,2025-06-25,
1680,12월_바라클라바,2025-12-22,2026-01-15,3,789486,미시우 삼각 니트 두건 (여성 겨울 신상 커치프 레이어드 쁘띠 스카프 바라클라바 숄 망토,나이스앨리스,두건/베레모,10000,2025-09-17,
1680,12월_바라클라바,2025-12-22,2026-01-15,4,826484,보니)뽀글이 귀달이 5칼라(귀돌이 패딩캡 바라클라바 후드 벙거지 모자),놈,벙거지/페도라/버킷,10000,2025-11-12,
1680,12월_바라클라바,2025-12-22,2026-01-15,5,829480,사이즈 조절 접이식 패딩 귀마개 EMBT511B,햇빛,귀마개,4000,2025-11-14,
1680,12월_바라클라바,2025-12-22,2026-01-15,6,617673,하찌 바라클라바,인(IN),비니/트루퍼,10000,2025-02-07,
1680,12월_바라클라바,2025-12-22,2026-01-15,7,827121,민자 접이식 귀마개 EMBT511A,햇빛,귀마개,3000,2025-11-12,
1680,12월_바라클라바,2025-12-22,2026-01-15,8,852027,B 바라클라바 숄더백 크로스백 토드백 모자 겨울 패딩 패딩백 가방 윈터,애니원,비니/트루퍼,8000,2025-12-17,
1680,12월_바라클라바,2025-12-22,2026-01-15,9,815217,배색 군밤 귀마개 귀도리 양모 양털 보온 방한용품 남녀공용 스키장 눈썰매 데일리 단체 특이,위드삐삐마켓,귀마개,7000,2025-10-31,
1680,12월_바라클라바,2025-12-22,2026-01-15,10,852018,베리귀돌이 귀마개 니트 벙거지 비니 모자,라익(like),귀마개,6000,2025-12-17,
1680,12월_바라클라바,2025-12-22,2026-01-15,11,848290,어그털 귀마개,사론,비니/트루퍼,7000,2025-12-10,
1680,12월_바라클라바,2025-12-22,2026-01-15,12,813492,고급퍼 귀마개,카라(kara),귀마개,4000,2025-10-29,
1680,12월_바라클라바,2025-12-22,2026-01-15,13,845832,믹스 니트 이어 플랩 모자 겨울 방한 귀마개 귀커버 벙거지 비니,매니굳즈,비니/트루퍼,7500,2025-12-07,
1680,12월_바라클라바,2025-12-22,2026-01-15,14,848200,강아지 귀 귀여운 놀이동산 배색 군밤 귀마개 귀도리 양모 양털 보온 방한용품 남녀공용 스키,위드삐삐마켓,귀마개,7000,2025-12-10,
1680,12월_바라클라바,2025-12-22,2026-01-15,15,845831,여성 니트퍼 귀도리 귀마개 이어커버 방한 포근 귀돌이,매니굳즈,귀마개,7500,2025-12-07,
1680,12월_바라클라바,2025-12-22,2026-01-15,16,841117,꽃 귀마개 비니,뉴블랙,비니/트루퍼,12000,2025-11-30,
1680,12월_바라클라바,2025-12-22,2026-01-15,17,826417,뽀글이 자수 사과 귀마개 ??,마이 하비,귀마개,6000,2025-11-11,
1680,12월_바라클라바,2025-12-22,2026-01-15,18,826414,무스탕 접이식 털 귀마개 ??,마이 하비,귀마개,5000,2025-11-11,
1680,12월_바라클라바,2025-12-22,2026-01-15,19,826410,호피무늬 퍼 귀마개 접이식 귀마개,마이 하비,헤어밴드/터번/반다나,4000,2025-11-11,
1680,12월_바라클라바,2025-12-22,2026-01-15,20,826030,토끼털귀마개06,블루,귀마개,3500,2025-11-11,
1680,12월_바라클라바,2025-12-22,2026-01-15,21,826029,토끼털귀마개05,블루,귀마개,4000,2025-11-11,
1680,12월_바라클라바,2025-12-22,2026-01-15,22,826027,토끼털귀마개04,블루,귀마개,2800,2025-11-11,
1680,12월_바라클라바,2025-12-22,2026-01-15,23,826024,토끼털귀마개03,블루,귀마개,5000,2025-11-11,
1680,12월_바라클라바,2025-12-22,2026-01-15,24,826003,토끼털귀마개02,블루,귀마개,4500,2025-11-11,
1680,12월_바라클라바,2025-12-22,2026-01-15,25,826001,토끼털귀마개01,블루,귀마개,4000,2025-11-11,
1680,12월_바라클라바,2025-12-22,2026-01-15,26,852811,노르딕 니트 후드 넥워머 단추형 겨울 방한 바라클라바,느와드코코,머플러/숄,5500,2025-12-17,
1680,12월_바라클라바,2025-12-22,2026-01-15,27,852000,루밍 비니모자 바라클라바,라익(like),비니/트루퍼,9000,2025-12-17,
1680,12월_바라클라바,2025-12-22,2026-01-15,28,851450,단추 바라클라바 aa,웁스,비니/트루퍼,5000,2025-12-16,
1680,12월_바라클라바,2025-12-22,2026-01-15,29,850541,패딩바라클라바모자,어썸,비니/트루퍼,9000,2025-12-15,
1680,12월_바라클라바,2025-12-22,2026-01-15,30,851448,러블리 바라클라바 AA,웁스,비니/트루퍼,5000,2025-12-16,
1680,12월_바라클라바,2025-12-22,2026-01-15,31,850539,신상 꽈베기 바라클라바 모자 캡,어썸,비니/트루퍼,10000,2025-12-15,
1680,12월_바라클라바,2025-12-22,2026-01-15,32,850540,A바라클라바모자 겨울베스트 아이템 패딩 잡화 숄더백 가방 신발 슈즈,어썸,비니/트루퍼,9000,2025-12-15,
1680,12월_바라클라바,2025-12-22,2026-01-15,33,844183,니트 스트링 버튼 바라클라바,뉴얼리 newerly,비니/트루퍼,6000,2025-12-04,
1680,12월_바라클라바,2025-12-22,2026-01-15,34,849521,신상 단추 바라클라바 캡 숄더백크로스백토드백 백팩 모자 머플러 장갑 겨울,어썸,두건/베레모,5000,2025-12-12,
1680,12월_바라클라바,2025-12-22,2026-01-15,35,841699,[겨울방한] 단추 연말 떡볶이 윈터 후드 바라클라바,쥬쥬,머플러/숄,4500,2025-12-01,
1680,12월_바라클라바,2025-12-22,2026-01-15,36,841697,[겨울방한] 기모 데일리 여성 바라클라바,쥬쥬,머플러/숄,3500,2025-12-01,
1680,12월_바라클라바,2025-12-22,2026-01-15,37,841698,[겨울방한] 니트 모자 목도리 여성 글로시 바라클라바,쥬쥬,머플러/숄,3500,2025-12-01,
1680,12월_바라클라바,2025-12-22,2026-01-15,38,840007,m85리본바라클라바,핏보우,머플러/숄,10000,2025-11-28,
1680,12월_바라클라바,2025-12-22,2026-01-15,39,837743,바라클라바 모자,영광사,귀마개,4000,2025-11-25,
1680,12월_바라클라바,2025-12-22,2026-01-15,40,833275,NEW)122 겨울 털 모자 바라클라바 낱장가능,다인,비니/트루퍼,12000,2025-11-18,
1680,12월_바라클라바,2025-12-22,2026-01-15,41,833278,NEW)121 바라클라바 겨울 모자 머플러 낱장가능,다인,머플러/숄,11000,2025-11-18,
1680,12월_바라클라바,2025-12-22,2026-01-15,42,819686,방한) 노이노이 니트 바라클라바,노이노이,머플러/숄,3500,2025-11-05,
1680,12월_바라클라바,2025-12-22,2026-01-15,43,819534,카밀라)삼각숄 머플러7칼라(니트 스카프 후드 넥 머플러 바라클라바 워머),놈,머플러/숄,5000,2025-11-05,
1680,12월_바라클라바,2025-12-22,2026-01-15,44,825516,후드 목도리 일체형 넥워머 니트 바라클라바 방한모자,느와드코코,머플러/숄,5500,2025-11-11,
1680,12월_바라클라바,2025-12-22,2026-01-15,45,819671,방한) 노이노이 단추 바라클라바,노이노이,머플러/숄,4500,2025-11-05,
1680,12월_바라클라바,2025-12-22,2026-01-15,46,819511,하입)비니 2칼라(노르딕 후리스 패딩 니트 무스탕 바라클라바 겨울 모자),놈,비니/트루퍼,5000,2025-11-05,
1680,12월_바라클라바,2025-12-22,2026-01-15,47,578707,토깽이귀마개 방한 겨울 목도리 바라클라바 귀도리 귀돌이 귀덮개 머플러 겨울용품 E469,스위니,귀마개,6900,2024-12-04,
1680,12월_바라클라바,2025-12-22,2026-01-15,48,830021,귀마개 패딩,디케이악세사리,귀마개,4000,2025-11-15,
1680,12월_바라클라바,2025-12-22,2026-01-15,49,819677,방한) 노이노이 안기모 바라클라바,노이노이,머플러/숄,3500,2025-11-05,
1680,12월_바라클라바,2025-12-22,2026-01-15,50,818843,똑딱 바라클라바,카라(kara),비니/트루퍼,8000,2025-11-04,
1680,12월_바라클라바,2025-12-22,2026-01-15,51,813865,울 니트 바라클라바 후드 골지 넥워머 방한 방풍 겨울 모자 988,언바운디드,비니/트루퍼,6000,2025-10-30,
1680,12월_바라클라바,2025-12-22,2026-01-15,52,819509,폴인)보카시 비니 4칼라(귀도리 비니 바라클라바 후드),놈,비니/트루퍼,8000,2025-11-05,
1680,12월_바라클라바,2025-12-22,2026-01-15,53,826471,캐시바라클라바 털모자 비니,카바나,비니/트루퍼,11000,2025-11-12,
1680,12월_바라클라바,2025-12-22,2026-01-15,54,807176,세일)푸들바라클 털모자 바라클라바 목도리 비니 겨울모자 니트모자 방한모자 뽀글이 H471,베이비블루 babyblue,비니/트루퍼,9000,2025-10-22,
1680,12월_바라클라바,2025-12-22,2026-01-15,55,819526,미아)부클 귀달이 3칼라(니트 패딩캡 바라클라바 벙거지 모자),놈,벙거지/페도라/버킷,10000,2025-11-05,
1680,12월_바라클라바,2025-12-22,2026-01-15,56,813861,바라클라바 후드워머 목토시 고급 니트 방한 방풍 니트넥워머 방풍모자,언바운디드,비니/트루퍼,7000,2025-10-30,
1680,12월_바라클라바,2025-12-22,2026-01-15,57,813870,겨울 니트 바라클라바 워머 후드 투버튼 와이드핏 방풍 방한 모자 999,언바운디드,비니/트루퍼,5000,2025-10-30,
1680,12월_바라클라바,2025-12-22,2026-01-15,58,802435,떡볶이 노르딕 니트 단추 비비드 후드 바라클라바 후드집업 목도리 머플러 목도리 비니 모자,위드삐삐마켓,비니/트루퍼,8800,2025-10-14,
1680,12월_바라클라바,2025-12-22,2026-01-15,59,807746,덤블 러블리 후드 바라클라바 모자 워머 목도리 벙거지 털모자 보온 가을 겨울,엘은진,벙거지/페도라/버킷,3800,2025-10-22,
1680,12월_바라클라바,2025-12-22,2026-01-15,60,807179,세일)푸들바라클 털모자 바라클라바 목도리 비니 겨울모자 니트모자 방한모자 뽀글이 H471,아이즈  Eyes,헤어밴드/터번/반다나,9000,2025-10-22,
1680,12월_바라클라바,2025-12-22,2026-01-15,61,802341,와플 바라클라바,카라(kara),벙거지/페도라/버킷,10000,2025-10-14,
1680,12월_바라클라바,2025-12-22,2026-01-15,62,802213,니트 단추 비비드 뽀글이 페이크퍼 후드 바라클라바 후드집업 목도리 머플러 목도리 비니 모자,위드삐삐마켓,두건/베레모,5500,2025-10-14,
1680,12월_바라클라바,2025-12-22,2026-01-15,63,798887,NEW)515 바라클라바 스트라이프 귀도리 모자 낱장가능,다인,비니/트루퍼,8000,2025-10-01,
1680,12월_바라클라바,2025-12-22,2026-01-15,64,813851,니트 루돌프 바라클라바 크리스마스 넥워머 방한 방풍 스트링 와이드핏 모자 997,언바운디드,비니/트루퍼,7000,2025-10-30,
1680,12월_바라클라바,2025-12-22,2026-01-15,65,798886,NEW)812 겨울 바라클라바 꽈배기 귀도리 모자 낱장가능,다인,비니/트루퍼,10000,2025-10-01,
1680,12월_바라클라바,2025-12-22,2026-01-15,66,796219,라인바라클라바,카라(kara),벙거지/페도라/버킷,9000,2025-09-26,
1681,12월_스마트톡,2025-12-22,2026-01-15,0,855188,눈사람 콩눈이 그립톡 맥세이프 베이비 스노우맨,달다,모바일악세사리,4500,2025-12-23,
1681,12월_스마트톡,2025-12-22,2026-01-15,1,855176,○단추○ 그립톡 앤 맥세이프,달다,모바일악세사리,3800,2025-12-23,
1681,12월_스마트톡,2025-12-22,2026-01-15,2,857801,슈나우져 말티즈 푸들 강아지 귀여운 스마트톡 데일리 선물 소품 소품샵 악세사리 핸드폰거치대,위드삐삐마켓,기타,1500,2025-12-31,
1681,12월_스마트톡,2025-12-22,2026-01-15,3,853911,"[GT016]정품맥세이프 5컬러 츄비 클리어 네잎클로버 호마이카 스마트톡,행운템,커플템",마이데이,모바일악세사리,3000,2025-12-20,
1681,12월_스마트톡,2025-12-22,2026-01-15,4,853559,(개별포장) 붕어빵 붕어 붕어빵그립톡 스마트톡 그립톡 톡홀더 맥 폰악세사리 스트랩 플라스틱,플라스틱,기타부속재료,1500,2025-12-19,
1681,12월_스마트톡,2025-12-22,2026-01-15,5,828254,스마트톡2개,로하,기타,1000,2025-11-13,
1681,12월_스마트톡,2025-12-22,2026-01-15,6,797811,25가을)[데일리샵]고양이얼굴스마트톡3p,애플네,모바일악세사리,3000,2025-09-30,
1681,12월_스마트톡,2025-12-22,2026-01-15,7,799661,백합??맥세이프 꽃 그립톡,릴리,모바일악세사리,4000,2025-10-08,
1681,12월_스마트톡,2025-12-22,2026-01-15,8,798232,(제작) 행운의 꼬질이 멍뭉 키링 스마트톡 그립톡,감성놀이,키링/가방악세사리,3500,2025-10-01,
1681,12월_스마트톡,2025-12-22,2026-01-15,9,852115,[ETC1485] 미니눈알트리키링/스마트톡,엔유이,키링/가방악세사리,4500,2025-12-17,
1681,12월_스마트톡,2025-12-22,2026-01-15,10,850437,"세일, 곰돌이 인형 스마트톡 _ 핸드폰거치대",샤빌,모바일악세사리,1500,2025-12-14,
1681,12월_스마트톡,2025-12-22,2026-01-15,11,852326,[ETC1500] 크리스마스양키링/스마트톡,엔유이,키링/가방악세사리,4500,2025-12-17,
1681,12월_스마트톡,2025-12-22,2026-01-15,12,851052,세일) 뽀글이 토끼 스마트톡 핸드폰거치대 (재진행x),샤빌,모바일악세사리,1500,2025-12-15,
1681,12월_스마트톡,2025-12-22,2026-01-15,13,830647,크리스마스 동글 눈사람 스마트톡(맥세이프가능),앤디어,모바일악세사리,4800,2025-11-16,
1681,12월_스마트톡,2025-12-22,2026-01-15,14,830644,크리스마스 울퉁 눈사람 스마트톡(맥세이프가능),앤디어,모바일악세사리,4800,2025-11-16,
1681,12월_스마트톡,2025-12-22,2026-01-15,15,822956,"토마토가 되고 싶다 홀로그램 스마트톡,토마토스마트톡,키치,갸루,y2k",마이데이,모바일악세사리,5000,2025-11-07,
1681,12월_스마트톡,2025-12-22,2026-01-15,16,818200,목도리(귀도리) 콩눈이 반구 호마이카 레진 그립톡 겨울 눈코 스마트톡,달다,모바일악세사리,4600,2025-11-04,
1681,12월_스마트톡,2025-12-22,2026-01-15,17,818002,호마이카 돌 스톤 석기시대 초콜렛 행운 럭키 국내제작 소품샵 추천 스마트톡,위드삐삐마켓,기타,3900,2025-11-03,
1681,12월_스마트톡,2025-12-22,2026-01-15,18,817988,겨울 아이보리 베이지 블랙 학생 하이틴 소품샵 추천 페이크퍼 퍼 플라워 스마트톡 핸드폰거치,위드삐삐마켓,기타,1800,2025-11-03,
1681,12월_스마트톡,2025-12-22,2026-01-15,19,817985,미술 부자재 패딩 꽃 플라워 DIY 파츠 겨울 스마트톡 뱃찌,위드삐삐마켓,기타부속재료,1000,2025-11-03,
1681,12월_스마트톡,2025-12-22,2026-01-15,20,817979,하트 겨울 가을 폼폼이 통통 솜 털 귀여운 제주도 소품샵 멀티 스마트톡 핸드폰거치대,위드삐삐마켓,기타,1300,2025-11-03,
1681,12월_스마트톡,2025-12-22,2026-01-15,21,817975,고급 유니크 투명 가죽 레더 블랙 리본 링클 소품샵 러블리 귀여운 스마트톡,위드삐삐마켓,기타,2700,2025-11-03,
1681,12월_스마트톡,2025-12-22,2026-01-15,22,797835,25가을)[데일리샵]원베어스마트톡,애플네,모바일악세사리,3000,2025-09-30,
1681,12월_스마트톡,2025-12-22,2026-01-15,23,793168,유광 붕어빵 조약돌 그립톡 맥세이프 스마트톡,달다,모바일악세사리,4000,2025-09-21,
1681,12월_스마트톡,2025-12-22,2026-01-15,24,792358,팥 붕어빵 레진 그립톡 스마트톡,젤리젤리,모바일악세사리,2000,2025-09-19,
1681,12월_스마트톡,2025-12-22,2026-01-15,25,779369,(SALE) 아크릴스마트톡,엔유이,모바일악세사리,1000,2025-09-05,
1681,12월_스마트톡,2025-12-22,2026-01-15,26,777069,네잎클로버 맥세이프 그립톡 스마트톡 거치대,루씨드,모바일악세사리,3800,2025-09-04,
1681,12월_스마트톡,2025-12-22,2026-01-15,27,775617,맥세이프 그립톡 스마트톡 재료,루씨드,모바일악세사리,2500,2025-09-03,
1681,12월_스마트톡,2025-12-22,2026-01-15,28,762364,하트 라운드 핑거링 스마트톡 손가락 그립톡,달다,모바일악세사리,1200,2025-08-25,
1681,12월_스마트톡,2025-12-22,2026-01-15,29,816063,레드 산타모자 산타 선물 목도리 겨울 크리스마스 곰돌이 인형 테디베어 스마트톡,위드삐삐마켓,기타,2500,2025-10-31,
1681,12월_스마트톡,2025-12-22,2026-01-15,30,812603,토마토 단추 핑거링 스마트톡 링 거치대 그립톡,달다,모바일악세사리,1800,2025-10-29,
1681,12월_스마트톡,2025-12-22,2026-01-15,31,817566,겨울 폼폼이 밍크 페이크퍼 부드러운 털 동그란 공 볼 스마트톡 핸드폰거치대,위드삐삐마켓,기타,1600,2025-11-03,
1681,12월_스마트톡,2025-12-22,2026-01-15,32,762338,파스텔 하트 리본 핑거링 스마트톡 손가락 거치대 그립톡,달다,모바일악세사리,2300,2025-08-25,
1681,12월_스마트톡,2025-12-22,2026-01-15,34,762332,쭈글조약돌 핑거링톡 손가락 스마트톡 호마이카 그립톡,달다,모바일악세사리,2600,2025-08-25,
1681,12월_스마트톡,2025-12-22,2026-01-15,35,793339,자체제작 과일 거북이 터틀 호마이카 빵 소품샵 추천 스마트톡 핸드폰거치대 아쿠아리움 제주도,위드삐삐마켓,기타,5000,2025-09-22,
1681,12월_스마트톡,2025-12-22,2026-01-15,36,797815,25가을)[데일리샵]곰파자마스마트톡3p,애플네,실내복,3000,2025-09-30,
1681,12월_스마트톡,2025-12-22,2026-01-15,37,793169,따숩 겨울버전 콩눈이 유광 쭈글조약돌 호마이카 얼굴 그립톡 눈코 스마트톡,달다,모바일악세사리,4500,2025-09-21,
1681,12월_스마트톡,2025-12-22,2026-01-15,38,817577,스마일 특이한 귀여운 거울 아크릴 동그라미 컬러 소품샵 추천 핸드폰 악세사리 스마트톡,위드삐삐마켓,기타,1800,2025-11-03,
1681,12월_스마트톡,2025-12-22,2026-01-15,39,817273,고퀄 사과 애플 과일 호마이카 펄 실버 소품샵 추천 스마트톡 핸드폰거치대 판촉 이벤트 선물,위드삐삐마켓,기타,5300,2025-11-03,
1681,12월_스마트톡,2025-12-22,2026-01-15,40,801618,야광 과일 거북이 터틀 호마이카 빵 소품샵 추천 스마트톡 핸드폰거치대 아쿠아리움 제주도,위드삐삐마켓,기타,1600,2025-10-13,
1681,12월_스마트톡,2025-12-22,2026-01-15,41,817572,인기폭발 특이한 유니크 키치한 하이틴 아크릴 거울 하트 러브 빅사이즈 학생 스마트톡 핸드폰,위드삐삐마켓,기타,2200,2025-11-03,
1681,12월_스마트톡,2025-12-22,2026-01-15,42,793172,네잎클로버가방 뽀글미니토끼 그립톡 인형 스마트톡,달다,모바일악세사리,3600,2025-09-21,
1681,12월_스마트톡,2025-12-22,2026-01-15,43,797829,25가을)[데일리샵]비글강이지스마트톡,애플네,모바일악세사리,3000,2025-09-30,
1681,12월_스마트톡,2025-12-22,2026-01-15,44,799986,투명곰토끼 스마트톡,재영,모바일악세사리,1300,2025-10-10,
1681,12월_스마트톡,2025-12-22,2026-01-15,45,736412,엔젤 천사 날개 호마이카 글리터리 키치한 러블리 위시코어 국내제작 소품샵 추천 스마트톡 핸,위드삐삐마켓,기타,6000,2025-07-08,
1681,12월_스마트톡,2025-12-22,2026-01-15,46,721791,여우비 맥세이프 마그네틱 그립톡 스마트톡 20 네잎클로버,여우비,모바일악세사리,3000,2025-06-03,
1681,12월_스마트톡,2025-12-22,2026-01-15,47,721788,여우비 맥세이프 마그네틱 그립톡 스마트톡 18 네잎클로버,여우비,모바일악세사리,2500,2025-06-03,
1681,12월_스마트톡,2025-12-22,2026-01-15,48,717105,[GT009] 상큼 프레시 레몬 라임 스마트톡,마이데이,모바일악세사리,5000,2025-05-25,
1681,12월_스마트톡,2025-12-22,2026-01-15,49,762372,실버스타 실버하트 핑거링 별 스마트톡 메탈 그립톡,달다,모바일악세사리,2200,2025-08-25,
1681,12월_스마트톡,2025-12-22,2026-01-15,50,762345,핑크 골드 스톤 핑거링 스마트톡 조약돌 그립톤,달다,모바일악세사리,2400,2025-08-25,
1681,12월_스마트톡,2025-12-22,2026-01-15,51,762339,엔젤 거북이 핑거링 스마트톡 천사 그립톡,달다,모바일악세사리,2300,2025-08-25,
1681,12월_스마트톡,2025-12-22,2026-01-15,52,761103,거북이 터틀 호마이카 빵 메론빵 소품샵 추천 스마트톡 핸드폰거치대 아쿠아리움 제주도,위드삐삐마켓,기타,5400,2025-08-22,
1681,12월_스마트톡,2025-12-22,2026-01-15,53,762335,하트 스톤 조각 핑거링 핑거스마트톡 조약돌 그립톡,달다,모바일악세사리,2800,2025-08-25,
1681,12월_스마트톡,2025-12-22,2026-01-15,54,754573,오므라이스 간장계란밥 콩눈이 그립톡 얼굴 눈코 스마트톡,달다,모바일악세사리,4500,2025-08-14,
1681,12월_스마트톡,2025-12-22,2026-01-15,55,737204,조개 쉘 호마이카 글리터리 키치한 러블리 위시코어 국내제작 소품샵 추천 스마트톡 핸드폰거치,위드삐삐마켓,기타,5000,2025-07-10,
1681,12월_스마트톡,2025-12-22,2026-01-15,56,730496,도트 로즈 스마트톡,앤디어,모바일악세사리,1500,2025-06-21,
1681,12월_스마트톡,2025-12-22,2026-01-15,57,740991,자체제작 토마토 과일 사과 소품샵 추천 스마트톡 핸드폰거치대 판촉 이벤트 선물 유니크,위드삐삐마켓,기타,4400,2025-07-22,
1681,12월_스마트톡,2025-12-22,2026-01-15,58,736083,진주꽃 꽃모양 스마트톡 휴대폰 거치대 폰 거치대 083,로즈리본,모바일악세사리,1500,2025-07-08,
1681,12월_스마트톡,2025-12-22,2026-01-15,59,721792,여우비 맥세이프 마그네틱 그립톡 스마트톡 21 리본,여우비,모바일악세사리,3500,2025-06-03,
1681,12월_스마트톡,2025-12-22,2026-01-15,60,735322,화이트 마블 조개 스마트톡 자석 그립톡 맥세이프,감성놀이,모바일악세사리,4500,2025-07-05,
1681,12월_스마트톡,2025-12-22,2026-01-15,61,730497,도트 빅로즈 스마트톡,앤디어,모바일악세사리,1500,2025-06-21,
1681,12월_스마트톡,2025-12-22,2026-01-15,62,726139,생화 글리터리 펄 레진 핸드폰거치대 클로버 네잎클로버 리얼 행운 럭키 소품샵 스마트톡,위드삐삐마켓,기타,4500,2025-06-12,
1681,12월_스마트톡,2025-12-22,2026-01-15,63,746680,수박 귤 토마토 과일 사과 소품샵 추천 스마트톡 핸드폰거치대 판촉 이벤트 선물 제주도 감귤,위드삐삐마켓,기타,1100,2025-08-05,
1681,12월_스마트톡,2025-12-22,2026-01-15,64,745506,자체제작 인형 토마토 과일 사과 소품샵 추천 스마트톡 핸드폰거치대 판촉 이벤트 선물 유니크,위드삐삐마켓,기타,1400,2025-07-31,
1681,12월_스마트톡,2025-12-22,2026-01-15,65,750223,행성 반구 42mm 영롱 그립톡 스마트톡,달다,모바일악세사리,3300,2025-08-13,
1681,12월_스마트톡,2025-12-22,2026-01-15,66,741538,여름 바다 스마트톡 자석 그립톡 마그넷,감성놀이,모바일악세사리,6500,2025-07-23,
1681,12월_스마트톡,2025-12-22,2026-01-15,67,734627,??네잎클로버 행운 스마트톡 스마트폰 맥세이프 그립톡 거치대 톡홀더,루씨드,모바일악세사리,1500,2025-07-02,
1681,12월_스마트톡,2025-12-22,2026-01-15,68,750226,토마토 콩눈이 반구 42mm 그립톡 얼굴 과일 스마트톡,달다,모바일악세사리,4000,2025-08-13,
1681,12월_스마트톡,2025-12-22,2026-01-15,69,745220,엔젤코어 날개 레진 스마트톡 그립톡,젤리젤리,모바일악세사리,5500,2025-07-30,
1681,12월_스마트톡,2025-12-22,2026-01-15,70,721801,여우비 맥세이프 마그네틱 그립톡 스마트톡 26 카피바라,여우비,모바일악세사리,2500,2025-06-03,
1681,12월_스마트톡,2025-12-22,2026-01-15,71,717103,[GT010] 파스텔 글로시 하트 조약돌 스마트톡,마이데이,모바일악세사리,5000,2025-05-25,
1681,12월_스마트톡,2025-12-22,2026-01-15,72,728513,맥세이프?? 핑크 리본 사과 거울 그립톡 스마트톡,릴리,모바일악세사리,4000,2025-06-17,
1681,12월_스마트톡,2025-12-22,2026-01-15,73,737930,조개군 가리비양 콩눈이 마블호마이카 반려 얼굴그립톡 스마트톡 맥세이프,달다,모바일악세사리,5000,2025-07-14,
1683,12월_비즈 키링,2025-12-22,2026-01-15,0,853437,핸드메이드 자수 말 브로치 비즈키링,림스비쥬,키링/가방악세사리,6000,2025-12-18,
1683,12월_비즈 키링,2025-12-22,2026-01-15,1,854142,물고기 클로버 비즈 키링 스트랩,감성놀이,키링/가방악세사리,2200,2025-12-22,
1683,12월_비즈 키링,2025-12-22,2026-01-15,2,843458,세일) 시루키링 핸드폰스트랩 핸드폰고리 열쇠고리 백참 하트 조개 리본 비즈스트랩 KR405,베이비블루 babyblue,키링/가방악세사리,1400,2025-12-03,
1683,12월_비즈 키링,2025-12-22,2026-01-15,3,842758,세일) 푸린키링 열쇠고리 핸드폰스트랩 핸드폰고리 비즈키링 핸드폰줄 백참 가방고리 KR349,베이비블루 babyblue,키링/가방악세사리,2300,2025-12-02,
1683,12월_비즈 키링,2025-12-22,2026-01-15,4,839397,보석스트랩 키링 핸드폰줄 핸드폰고리 비즈스트랩 스트랩키링 백참 폰스트랩 KR1007,베이비블루 babyblue,키링/가방악세사리,3500,2025-11-27,
1683,12월_비즈 키링,2025-12-22,2026-01-15,5,839394,보석스트랩 키링 핸드폰줄 핸드폰고리 비즈스트랩 스트랩키링 백참 폰스트랩 KR1007,데이오프,키링/가방악세사리,3500,2025-11-27,
1683,12월_비즈 키링,2025-12-22,2026-01-15,6,835127,눈송이 비즈 트리 키링,젤리젤리,키링/가방악세사리,1800,2025-11-21,
1683,12월_비즈 키링,2025-12-22,2026-01-15,7,834243,크리스마스 쿠키 글라스 비즈 핸드폰줄 키링,젤리젤리,키링/가방악세사리,2500,2025-11-20,
1683,12월_비즈 키링,2025-12-22,2026-01-15,8,833289,"[made.by.tj] 겨울 어그 비즈리본키링,베이비핑크 어그키링",티제이,키링/가방악세사리,4200,2025-11-18,
1683,12월_비즈 키링,2025-12-22,2026-01-15,9,830875,행운 클로버 비즈 폰 스트랩 폰줄 키링,젤리젤리,키링/가방악세사리,1100,2025-11-17,
1683,12월_비즈 키링,2025-12-22,2026-01-15,10,827965,크리스마스 리스 비즈 키링 열쇠고리,엔리코,키링/가방악세사리,2200,2025-11-13,
1683,12월_비즈 키링,2025-12-22,2026-01-15,11,821587,비즈 토끼,팡팡J,키링/가방악세사리,13000,2025-11-07,
1683,12월_비즈 키링,2025-12-22,2026-01-15,12,821575,비즈 곰돌이 곰순이,팡팡J,키링/가방악세사리,13000,2025-11-07,
1683,12월_비즈 키링,2025-12-22,2026-01-15,13,821549,비즈 팬더곰 핸드폰줄,팡팡J,키링/가방악세사리,13000,2025-11-07,
1683,12월_비즈 키링,2025-12-22,2026-01-15,14,818483,세일) 눈송이키링 핸드폰줄 핸드폰고리 폰스트랩 비즈스트랩 백참 가방고리 열쇠고리 KR925,데이오프,키링/가방악세사리,1000,2025-11-04,
1683,12월_비즈 키링,2025-12-22,2026-01-15,15,816876,진주퍼피비즈별키링,에그니 ,키링/가방악세사리,9800,2025-11-02,
1683,12월_비즈 키링,2025-12-22,2026-01-15,16,815219,비즈 영롱한 크리스마스 산타 눈사람 루돌프 트리 선물 DIY 키링 열쇠고리 폰줄 가방꾸미기,위드삐삐마켓,키링/가방악세사리,1800,2025-10-31,
1683,12월_비즈 키링,2025-12-22,2026-01-15,17,813319,블루오션 키링 조개 바다 비즈스트랩 핸드폰줄 핸드폰고리 키홀더 열쇠고리 백참 KR923,데이오프,키링/가방악세사리,1800,2025-10-29,
1683,12월_비즈 키링,2025-12-22,2026-01-15,18,810883,쉘스타 키링 핸드폰줄 핸드폰고리 조개 비즈 스트랩 폰스트랩 바다 폰꾸미기 KR914,아이즈  Eyes,키링/가방악세사리,1600,2025-10-27,
1683,12월_비즈 키링,2025-12-22,2026-01-15,19,810875,쉘스타 키링 핸드폰줄 핸드폰고리 조개 비즈 스트랩 폰스트랩 바다 폰꾸미기 KR914,데이오프,키링/가방악세사리,1600,2025-10-27,
1683,12월_비즈 키링,2025-12-22,2026-01-15,20,809350,폭신 리본 비즈 진주 리본 키링,슈슈,키링/가방악세사리,5000,2025-10-24,
1683,12월_비즈 키링,2025-12-22,2026-01-15,21,809178,핑구름스트랩 비즈 스트랩 키링 핸드폰고리 핸드폰줄 폰스트랩 KR908,데이오프,키링/가방악세사리,3400,2025-10-24,
1683,12월_비즈 키링,2025-12-22,2026-01-15,22,807703,[ETC1428] 눈송이비즈키링,엔유이,키링/가방악세사리,4500,2025-10-22,
1683,12월_비즈 키링,2025-12-22,2026-01-15,23,807071,비즈 딸기 리본 키링 핸드폰 스트랩 키홀더 열쇠고리 가방고리,귀요미,키링/가방악세사리,3200,2025-10-22,
1683,12월_비즈 키링,2025-12-22,2026-01-15,24,806512,비즈 리본 키링 핸드폰줄 가방꾸미기,슈슈,키링/가방악세사리,3000,2025-10-21,
1683,12월_비즈 키링,2025-12-22,2026-01-15,25,804409,세일) 블랙베어키링 옷핀키링 열쇠고리 핸드폰고리 핸드폰스트랩 곰돌이 비즈악세사리 KR449,아이즈  Eyes,키링/가방악세사리,900,2025-10-17,
1683,12월_비즈 키링,2025-12-22,2026-01-15,26,804341,부밍키링 핸드폰스트랩 키링 굿즈 백참 핸드폰고리 비즈악세사리 소품샵 잡화점 키치 KR735,아이즈  Eyes,키링/가방악세사리,1300,2025-10-17,
1683,12월_비즈 키링,2025-12-22,2026-01-15,27,804335,꼬뜨키링 핸드폰줄 핸드폰고리 폰스트랩 키치키링 비즈스트랩 잡화점 y2k KR629,아이즈  Eyes,키링/가방악세사리,1300,2025-10-17,
1683,12월_비즈 키링,2025-12-22,2026-01-15,28,799950,키링 레인보우 테디베어 스트랩 키링 백참 (미국산 비즈 제품 사용) 휴대폰악세사리,마이핏,키링/가방악세사리,9000,2025-10-10,
1683,12월_비즈 키링,2025-12-22,2026-01-15,29,798006,루미너스테슬비즈홀스키링 포니키링,에그니 ,키링/가방악세사리,9800,2025-09-30,
1683,12월_비즈 키링,2025-12-22,2026-01-15,30,796728,제작하루걸려요) 비즈 덩굴 플라워 화분 키링 _ 화분꽃 라벤더 등나무꽃 비즈키링,샤빌,키링/가방악세사리,3000,2025-09-28,
1683,12월_비즈 키링,2025-12-22,2026-01-15,31,796707,"제작,5칼라) 비즈 덩굴 플라워 키링 _ 라벤더 등나무꽃 비즈키링",샤빌,키링/가방악세사리,2800,2025-09-28,
1683,12월_비즈 키링,2025-12-22,2026-01-15,32,796103,바람 나뭇잎 비즈 도자기 써지컬 체인 가방 키링 핸드폰 가방 악세사리,BROOKLYN nature,키링/가방악세사리,4500,2025-09-26,
1683,12월_비즈 키링,2025-12-22,2026-01-15,33,795133,행운 토마토 비즈 키링,모모베리,키링/가방악세사리,1200,2025-09-24,
1683,12월_비즈 키링,2025-12-22,2026-01-15,34,793134,감귤 오렌지 비즈 폰줄 키링 폰스트랩,젤리젤리,키링/가방악세사리,1800,2025-09-21,
1683,12월_비즈 키링,2025-12-22,2026-01-15,35,786189,"비즈 리본키링,발렛코어비즈 키링",티제이,키링/가방악세사리,3800,2025-09-14,
1683,12월_비즈 키링,2025-12-22,2026-01-15,36,784358,별체리키링 키치 귀여운 선물 잡화점 소품샵 핸드폰고리 열쇠고리 백참 비즈악세사리 KR803,아이즈  Eyes,키링/가방악세사리,1600,2025-09-11,
1683,12월_비즈 키링,2025-12-22,2026-01-15,37,784337,핑크캣키링 핸드폰스트랩 비즈 열쇠고리 핸드폰고리 고양이 굿즈 keyring KR439,아이즈  Eyes,키링/가방악세사리,1700,2025-09-11,
1683,12월_비즈 키링,2025-12-22,2026-01-15,38,784021,정품 비즈피규어키링,Hi high,키링/가방악세사리,4500,2025-09-11,
1683,12월_비즈 키링,2025-12-22,2026-01-15,39,780193,비즈 은방울꽃 키링 _ 비즈 방울꽃 키고리 열쇠고리 핸드폰키링,샤빌,키링/가방악세사리,1800,2025-09-07,
1683,12월_비즈 키링,2025-12-22,2026-01-15,40,775191,키링) 레이스 비즈 리본 키링,스틸팔구,키링/가방악세사리,4000,2025-09-02,
1683,12월_비즈 키링,2025-12-22,2026-01-15,41,769766,(자체 제작) 은빛 클로버와 금붕어 키링 폰줄 비즈스트랩,감성놀이,키링/가방악세사리,2000,2025-08-28,
1683,12월_비즈 키링,2025-12-22,2026-01-15,42,762105,앵두 비즈스트랩 핸드폰줄 키링,누보,키링/가방악세사리,4000,2025-08-24,
1683,12월_비즈 키링,2025-12-22,2026-01-15,43,762103,딸기 리본 비즈스트랩 핸드폰줄 키링,누보,키링/가방악세사리,4000,2025-08-24,
1683,12월_비즈 키링,2025-12-22,2026-01-15,44,760825,딸기 비즈 키링,누보,키링/가방악세사리,2500,2025-08-22,
1683,12월_비즈 키링,2025-12-22,2026-01-15,45,749510,[정품]비즈스트랩 키링,챌렉트,키링/가방악세사리,6500,2025-08-11,
1683,12월_비즈 키링,2025-12-22,2026-01-15,46,748447,체크애플키링 비즈악세사리 핸드폰스트랩 사과 풋사과 키치 소품샵 잡화점 선물상점 KR818,데이오프,키링/가방악세사리,1700,2025-08-08,
1683,12월_비즈 키링,2025-12-22,2026-01-15,47,748265,체리비즈핸드폰스트랩 아이폰스트랩 핸드폰고리 비즈 핸드폰줄 아이폰케이스 핸드폰케이스 A255,아이즈  Eyes,키링/가방악세사리,1500,2025-08-08,
1683,12월_비즈 키링,2025-12-22,2026-01-15,48,745732,비즈키링 유니크키링 가방꾸미기 백참 학생키링 가방키링 [KR-0260 펠티드],라모드,키링/가방악세사리,2000,2025-07-31,
1683,12월_비즈 키링,2025-12-22,2026-01-15,49,744820,비즈키링 유니크키링 가방꾸미기 백참 학생키링 가방키링 [KR-0217 코란],라모드,키링/가방악세사리,5000,2025-07-30,
1683,12월_비즈 키링,2025-12-22,2026-01-15,50,743148,비즈키링 스트링키링 가방꾸미기 백참 학생키링 가방키링 [KR-0202 다로],라모드,키링/가방악세사리,6000,2025-07-28,
1683,12월_비즈 키링,2025-12-22,2026-01-15,51,743146,비즈키링 스트링키링 가방꾸미기 백참 학생키링 가방키링 [KR-0201 세비스],라모드,키링/가방악세사리,3000,2025-07-28,
1683,12월_비즈 키링,2025-12-22,2026-01-15,52,742891,과일 미니키링 비즈키링,뉴얼리 newerly,키링/가방악세사리,2800,2025-07-26,
1683,12월_비즈 키링,2025-12-22,2026-01-15,53,741119,키링 인형 비즈 가방 _ 인형DIY 비즈백,샤빌,키링/가방악세사리,1400,2025-07-23,
1683,12월_비즈 키링,2025-12-22,2026-01-15,54,741057,비즈st버섯키링(신상),엠유에스,키링/가방악세사리,3000,2025-07-22,
1683,12월_비즈 키링,2025-12-22,2026-01-15,55,740160,비즈키링 포인트키링 가방꾸미기 백참 학생키링 가방키링 [KR-0150 세이버],라모드,키링/가방악세사리,5000,2025-07-21,
1683,12월_비즈 키링,2025-12-22,2026-01-15,56,739424,비즈키링 포인트키링 가방꾸미기 백참 학생키링 가방키링 [KR-0109 보비],라모드,키링/가방악세사리,5000,2025-07-17,
1683,12월_비즈 키링,2025-12-22,2026-01-15,57,738470,돌고래 비즈 폰줄,젤리젤리,키링/가방악세사리,1900,2025-07-16,
1683,12월_비즈 키링,2025-12-22,2026-01-15,58,737609,"비비드비즈리본키링(백참,빽꾸,가방꾸미기,열쇠고리,키홀더,장식)",썸머맨션,키링/가방악세사리,4000,2025-07-12,
1683,12월_비즈 키링,2025-12-22,2026-01-15,59,737314,비즈키링 리본키링 러블리키링 가방꾸미기 학생키링 가방키링 [KR-0062 매시],라모드,키링/가방악세사리,4000,2025-07-11,
1683,12월_비즈 키링,2025-12-22,2026-01-15,60,737312,비즈키링 리본키링 러블리키링 가방꾸미기 학생키링 가방키링 [KR-0061 베오],라모드,키링/가방악세사리,3000,2025-07-11,
1683,12월_비즈 키링,2025-12-22,2026-01-15,61,736736,비즈 리본키링 가방악세사리,뉴얼리 newerly,키링/가방악세사리,7500,2025-07-09,
1683,12월_비즈 키링,2025-12-22,2026-01-15,62,736734,비즈리본키링,뉴얼리 newerly,키링/가방악세사리,7500,2025-07-09,
1683,12월_비즈 키링,2025-12-22,2026-01-15,63,736714,파인애플 키링 비즈키링,뉴얼리 newerly,키링/가방악세사리,3000,2025-07-09,
1683,12월_비즈 키링,2025-12-22,2026-01-15,64,732290,캣스트랩 KT 다이아캣스트랩 티키 비즈스트랩 비즈 핸드폰줄 핸드폰고리 백참 KR743,데이오프,키링/가방악세사리,3000,2025-06-26,
1683,12월_비즈 키링,2025-12-22,2026-01-15,65,732173,민트달 키링 리본 별 달 비즈 핸드폰고리 핸드폰줄 백참 가꾸 프린세스 KR744,데이오프,키링/가방악세사리,1800,2025-06-26,
1683,12월_비즈 키링,2025-12-22,2026-01-15,66,730347,부밍키링 핸드폰스트랩 키링 굿즈 백참 핸드폰고리 비즈악세사리 소품샵 잡화점 키치 KR735,데이오프,키링/가방악세사리,1300,2025-06-20,
1683,12월_비즈 키링,2025-12-22,2026-01-15,67,730344,무지개떡키링 핸드폰스트랩 키링 굿즈 백참 가방꾸미기 소품샵 핸드폰고리 비즈악세사리KR734,스위니,키링/가방악세사리,1900,2025-06-20,
1683,12월_비즈 키링,2025-12-22,2026-01-15,68,727895,비즈 체리 키링,감성놀이,키링/가방악세사리,3500,2025-06-16,
1683,12월_비즈 키링,2025-12-22,2026-01-15,69,726957,민트핑크스트랩 핸드폰줄 핸드폰고리 핸드폰스트랩 백참 비즈 굿즈 리본 리본키링 KR723,데이오프,키링/가방악세사리,3300,2025-06-13,
1683,12월_비즈 키링,2025-12-22,2026-01-15,70,726580,선인장비즈키링,에그니 ,키링/가방악세사리,6800,2025-06-12,
1683,12월_비즈 키링,2025-12-22,2026-01-15,71,725459,줄줄이 네잎클로버 비즈 핸드폰 스트랩 키링,스르르,키링/가방악세사리,1300,2025-06-10,
1683,12월_비즈 키링,2025-12-22,2026-01-15,72,725447,사랑의 비즈 헤드셋 옷고리키링 4종,스르르,키링/가방악세사리,1700,2025-06-10,
1683,12월_비즈 키링,2025-12-22,2026-01-15,73,725348,비즈 수박 스트랩키링 1종,스르르,키링/가방악세사리,1300,2025-06-10,
1683,12월_비즈 키링,2025-12-22,2026-01-15,74,725256,네잎크로버  비즈 비닐팩 키링 열쇠고리 가방고리,플랜제이,키링/가방악세사리,1500,2025-06-10,
1683,12월_비즈 키링,2025-12-22,2026-01-15,75,724215,New) 별모양 키홀더 소라 바다 여름 감성 체코비즈 키링,BROOKLYN nature,키링/가방악세사리,4500,2025-06-09,
1683,12월_비즈 키링,2025-12-22,2026-01-15,76,721787,여우비 키링 502 진주비즈,여우비,키링/가방악세사리,2000,2025-06-03,
1683,12월_비즈 키링,2025-12-22,2026-01-15,77,721784,여우비 키링 501 리본비즈,여우비,키링/가방악세사리,1500,2025-06-03,
1683,12월_비즈 키링,2025-12-22,2026-01-15,78,721783,여우비 키링 500 비즈,여우비,키링/가방악세사리,2000,2025-06-03,
1683,12월_비즈 키링,2025-12-22,2026-01-15,79,721768,여우비 키링 493 비즈체리,여우비,키링/가방악세사리,3000,2025-06-03,
1683,12월_비즈 키링,2025-12-22,2026-01-15,80,721220,세일) 블랙팅클스트랩 비즈스트랩 핸드폰꾸미기 키치 키링 핸드폰줄 가꾸 백참 KR573,데이오프,키링/가방악세사리,1400,2025-06-02,
1683,12월_비즈 키링,2025-12-22,2026-01-15,81,718853,"미니하트비즈키링(백참,빽꾸,가방꾸미기,열쇠고리,키홀더,장식)",썸머맨션,키링/가방악세사리,3000,2025-05-28,
1683,12월_비즈 키링,2025-12-22,2026-01-15,82,712978,크리스탈 네잎크로버 비즈 열쇠고리. 키링,플랜제이,키링/가방악세사리,1200,2025-05-19,
1683,12월_비즈 키링,2025-12-22,2026-01-15,83,713462,쁘띠플라워샵비즈키링,에그니 ,키링/가방악세사리,9700,2025-05-19,
1683,12월_비즈 키링,2025-12-22,2026-01-15,84,712929,2col 수공 비즈 체리 키링,젤리젤리,키링/가방악세사리,1900,2025-05-19,
1683,12월_비즈 키링,2025-12-22,2026-01-15,85,712211,"스마일비즈키링(칼라볼,핸드폰줄,지갑끈,백꾸,가방꾸미기,스트랩,열쇠고리)",썸머맨션,키링/가방악세사리,4000,2025-05-16,
1683,12월_비즈 키링,2025-12-22,2026-01-15,86,710356,하트 비즈 체리 키링,젤리젤리,키링/가방악세사리,1500,2025-05-13,
1683,12월_비즈 키링,2025-12-22,2026-01-15,87,709112,투명곰키링 핸꾸 핸드폰스트랩 투명키링 비즈키링 핸드폰줄 키치 KR612,데이오프,키링/가방악세사리,1300,2025-05-12,
1683,12월_비즈 키링,2025-12-22,2026-01-15,88,706421,플라워비즈키링,티제이,키링/가방악세사리,2500,2025-05-07,
1683,12월_비즈 키링,2025-12-22,2026-01-15,89,701358,은방울 핸드메이드 비즈 파츠5ea set,림스비쥬,키링/가방악세사리,7000,2025-04-29,
1683,12월_비즈 키링,2025-12-22,2026-01-15,90,701356,쁘띠하우스비즈키링,에그니 ,키링/가방악세사리,6800,2025-04-29,
1683,12월_비즈 키링,2025-12-22,2026-01-15,91,699466,Best) candy flavor 꽃받침 청량 원석 비즈 핸드폰 꽃모양 키홀더 키링,BROOKLYN nature,키링/가방악세사리,5000,2025-04-27,
1683,12월_비즈 키링,2025-12-22,2026-01-15,92,697090,클로버 토마토마토 비즈 키링 스트랩 폰줄,감성놀이,키링/가방악세사리,1500,2025-04-23,
1683,12월_비즈 키링,2025-12-22,2026-01-15,93,694732,쓰리스타키링 별키링 투명키링 비즈스트랩 핸드폰줄 핸드폰꾸미기 키치 y2k KR644,데이오프,키링/가방악세사리,1800,2025-04-22,
1683,12월_비즈 키링,2025-12-22,2026-01-15,94,693293,어항 속 잉어  비즈 키링,감성놀이,키링/가방악세사리,3500,2025-04-21,
1683,12월_비즈 키링,2025-12-22,2026-01-15,95,685165,미니미 꽃다발 비즈키링,림스비쥬,키링/가방악세사리,2500,2025-04-14,
1683,12월_비즈 키링,2025-12-22,2026-01-15,96,683502,비즈 플라워 고리 꽃키링 키홀더 백참 열쇠고리 가방고리,귀요미,키링/가방악세사리,1300,2025-04-12,
1683,12월_비즈 키링,2025-12-22,2026-01-15,97,683364,made. 자체제작 아마이 당고 비즈키링,쥬쥬마켓,키링/가방악세사리,3500,2025-04-12,
1683,12월_비즈 키링,2025-12-22,2026-01-15,98,681488,비즈 리본 키링,슈슈,키링/가방악세사리,3000,2025-04-10,
1683,12월_비즈 키링,2025-12-22,2026-01-15,99,681040,블랙 비즈스트랩 핸드폰줄,누보,키링/가방악세사리,3500,2025-04-09,
1683,12월_비즈 키링,2025-12-22,2026-01-15,100,681024,나비 비즈스트랩 핸드폰줄,누보,키링/가방악세사리,3500,2025-04-09,
1683,12월_비즈 키링,2025-12-22,2026-01-15,101,681021,캐릭터 비즈스트랩 핸드폰줄,누보,키링/가방악세사리,3500,2025-04-09,
1683,12월_비즈 키링,2025-12-22,2026-01-15,102,673389,뭉게구름 비즈스트랩 키링,챌렉트,키링/가방악세사리,6000,2025-04-02,
1683,12월_비즈 키링,2025-12-22,2026-01-15,103,670772,비즈 키링 폰줄 스트랩 클로버 체리,감성놀이,키링/가방악세사리,1800,2025-03-31,
1683,12월_비즈 키링,2025-12-22,2026-01-15,104,670665,케이티스트랩 고양이키링 핸드폰스트랩 비즈스트랩 키링추천 백참 가꾸 핸드폰꾸미기 KR618,베이비블루 babyblue,키링/가방악세사리,2900,2025-03-31,
1683,12월_비즈 키링,2025-12-22,2026-01-15,105,670256,별 비즈키링,앤디어,키링/가방악세사리,3500,2025-03-30,
1683,12월_비즈 키링,2025-12-22,2026-01-15,106,845393,러블리 하트 비즈 키링  딸기,감성놀이,키링/가방악세사리,1900,2025-12-06,
1683,12월_비즈 키링,2025-12-22,2026-01-15,107,849437,핑크소다 키링 핸드폰줄 핸드폰고리 핸드폰스트랩 스트랩키링 백참 비즈스트랩 KR1016,베이비블루 babyblue,키링/가방악세사리,1800,2025-12-12,
1683,12월_비즈 키링,2025-12-22,2026-01-15,108,847097,[ETC1466] 미니비즈트리키링,엔유이,키링/가방악세사리,3000,2025-12-09,
1683,12월_비즈 키링,2025-12-22,2026-01-15,109,852417,26SS) 물방울 스톤 원석 체코비즈 비즈 써지컬스틸 키링,BROOKLYN nature,키링/가방악세사리,4500,2025-12-17,
1683,12월_비즈 키링,2025-12-22,2026-01-15,110,852816,크리스마스 비즈 리스 키링 군번줄,젤리젤리,키링/가방악세사리,1800,2025-12-18,
1683,12월_비즈 키링,2025-12-22,2026-01-15,111,852107,진주 하트 키링,팡팡J,키링/가방악세사리,9500,2025-12-17,
1683,12월_비즈 키링,2025-12-22,2026-01-15,112,851250,러블리봉 키링,루시 L,키링/가방악세사리,6500,2025-12-16,
1683,12월_비즈 키링,2025-12-22,2026-01-15,113,850728,야미쿠키 키링,루시 L,키링/가방악세사리,6000,2025-12-15,
1683,12월_비즈 키링,2025-12-22,2026-01-15,114,849485,순수스트랩 키링 핸드폰줄 핸드폰고리 비즈스트랩 스트랩키링 KR1018,베이비블루 babyblue,키링/가방악세사리,2900,2025-12-12,
1683,12월_비즈 키링,2025-12-22,2026-01-15,115,849481,순수스트랩 키링 핸드폰줄 핸드폰고리 비즈스트랩 스트랩키링 KR1018,데이오프,키링/가방악세사리,2900,2025-12-12,
1683,12월_비즈 키링,2025-12-22,2026-01-15,116,849395,언더더씨 키링 핸드폰줄 핸드폰고리 폰스트랩 블루 열쇠고리 돌고래 바다 조개 KR1012,데이오프,키링/가방악세사리,1800,2025-12-12,
1683,12월_비즈 키링,2025-12-22,2026-01-15,117,849312,플린 키링,루시 L,키링/가방악세사리,8000,2025-12-12,
1683,12월_비즈 키링,2025-12-22,2026-01-15,118,848654,초록이스트랩 핸드폰줄 핸드폰스트랩 비즈스트랩 클로버 크로바 행운템 럭키템 KR1008,데이오프,키링/가방악세사리,3300,2025-12-11,
1683,12월_비즈 키링,2025-12-22,2026-01-15,119,847159,메리크리스마스,루시,키링/가방악세사리,3500,2025-12-09,
1683,12월_비즈 키링,2025-12-22,2026-01-15,120,847048,케인 키링,루시 L,키링/가방악세사리,6500,2025-12-09,
1684,12월_코듀로이,2025-12-22,2026-01-15,0,850487,플립JP ( 세일 기모 점퍼 골덴 코듀로이 ),럭키,집업/점퍼,14000,2025-12-15,
1684,12월_코듀로이,2025-12-22,2026-01-15,1,850489,플립JP ( 세일 코듀로이 공용 유니섹스 기모 점퍼 ),럭키,집업/점퍼,14000,2025-12-15,
1684,12월_코듀로이,2025-12-22,2026-01-15,2,849712,25겨울)[러블리아]별자수코듀로이,베이비옷장,바지,26000,2025-12-12,
1684,12월_코듀로이,2025-12-22,2026-01-15,3,849311,풀럼 페어아일 코듀로이 패치워크 양털자켓,벨리노(Bellino),자켓,38000,2025-12-12,
1684,12월_코듀로이,2025-12-22,2026-01-15,4,849267,스컬큐빅 코듀로이 밴딩팬츠,온리원,코튼팬츠,18000,2025-12-12,
1684,12월_코듀로이,2025-12-22,2026-01-15,5,849254,코듀로이 데일리 남방,온리원,셔츠/남방,13000,2025-12-12,
1684,12월_코듀로이,2025-12-22,2026-01-15,6,849253,루즈핏 코듀로이 포켓 남방,온리원,셔츠/남방,13000,2025-12-12,
1684,12월_코듀로이,2025-12-22,2026-01-15,7,849075,"신상)코듀로이골덴팬츠(8골 국내방고퀄원단,키큰여자,롱면바지)",메이비앤코,코튼팬츠,29000,2025-12-12,
1684,12월_코듀로이,2025-12-22,2026-01-15,8,847986,"골덴하이넥집업(겨울신상,집업,바람막이,점퍼,기모,코듀로이,자켓)",라토,집업/점퍼,35000,2025-12-10,
1684,12월_코듀로이,2025-12-22,2026-01-15,9,848011,"벨벳골덴절개통팬츠(겨울신상,절개통pt,코듀로이,기모안감,트레이닝,바지)",라토,코튼팬츠,19000,2025-12-10,
1684,12월_코듀로이,2025-12-22,2026-01-15,10,847645,융기모골덴 스텔라 치마바지(코듀로이 국내 와이드 융기모 빅사이즈 겨울팬츠,가쉽,하의,19000,2025-12-10,
1684,12월_코듀로이,2025-12-22,2026-01-15,11,847633,골덴 스텔라 기모와이드바지(겨울바지 빅사이츠코듀로이 국내 와이드팬츠,가쉽,하의,19000,2025-12-10,
1684,12월_코듀로이,2025-12-22,2026-01-15,12,843078,레트로 스판 밴딩 본딩 코듀로이 통일자 16골지 665,엠블루,코튼팬츠,24000,2025-12-03,
1684,12월_코듀로이,2025-12-22,2026-01-15,13,842566,세일 와이드팬츠 골덴 바지 코듀로이 뒷밴드 유니섹스 ( 알파 PT ),럭키,코튼팬츠,6000,2025-12-02,
1684,12월_코듀로이,2025-12-22,2026-01-15,14,840058,"봄신상)코듀로이골덴팬츠(8골 국내방고퀄원단,키큰여자,롱면바지)가을,겨울 2026",메이비앤코,코튼팬츠,29000,2025-11-28,
1684,12월_코듀로이,2025-12-22,2026-01-15,15,837972,골덴바지 4colors 코듀로이 밴딩팬츠 포근핏 와이드팬츠 기모,톡샵,코튼팬츠,21000,2025-11-26,
1684,12월_코듀로이,2025-12-22,2026-01-15,16,837954,골덴남방 3COLOR 보송골덴 루즈핏 데일리남방 감성셔츠 감성룩 코듀로이,톡샵,셔츠/남방,19000,2025-11-26,
1684,12월_코듀로이,2025-12-22,2026-01-15,17,837473,보이 코듀로이 골덴 카라 셔츠 포켓 루즈핏 남방 NB,더메인컴퍼니,셔츠/남방,19000,2025-11-25,
1684,12월_코듀로이,2025-12-22,2026-01-15,18,837368,코듀로이  배색JK,바글,자켓,33000,2025-11-25,
1684,12월_코듀로이,2025-12-22,2026-01-15,19,837258,브라운 코듀로이 스커트,벨벳아이비,롱스커트,15000,2025-11-24,
1684,12월_코듀로이,2025-12-22,2026-01-15,20,834834,기모포근골지PT) 겨울신상 골덴 속기모 팬츠 코듀로이 스판 속기모 바,세종,코튼팬츠,7000,2025-11-20,
1684,12월_코듀로이,2025-12-22,2026-01-15,21,833322,골덴 배기핏 코듀로이 팬츠,에스라,코튼팬츠,25000,2025-11-19,
1684,12월_코듀로이,2025-12-22,2026-01-15,22,832873,앞후다 원턱 와이드 CP코듀로이 스판팬츠,듀,코튼팬츠,29000,2025-11-18,
1684,12월_코듀로이,2025-12-22,2026-01-15,23,830586,아워 로프코듀로이팬츠,지니,바지,28000,2025-11-16,
1684,12월_코듀로이,2025-12-22,2026-01-15,24,828501,라떼SK(fw벨로아 골덴 코듀로이 롱 훌 밴딩 스커트 하객룩),에이트글로우,롱스커트,23000,2025-11-13,
1684,12월_코듀로이,2025-12-22,2026-01-15,25,827607,[모던시크/가을데일리] 코듀로이 루즈핏 싱글 자켓,위온,자켓,41100,2025-11-12,
1684,12월_코듀로이,2025-12-22,2026-01-15,26,826493,알파PT ( 세일 골덴바지 코듀로이 뒷밴딩 와이드 ),럭키,코튼팬츠,6000,2025-11-12,
1684,12월_코듀로이,2025-12-22,2026-01-15,27,823998,3341 코듀로이 반바지 신상,리미티드,데님팬츠,15000,2025-11-10,
1684,12월_코듀로이,2025-12-22,2026-01-15,28,824005,3329 코듀로이 밴드 와이드팬츠,리미티드,데님팬츠,18000,2025-11-10,
1684,12월_코듀로이,2025-12-22,2026-01-15,29,820498,[시크&클래식/가을세트룩] 블랙 코듀로이 미니 스커트,위온,미니/미디스커트,21500,2025-11-06,
1684,12월_코듀로이,2025-12-22,2026-01-15,30,820189,7부 코듀로이 와이드루즈 팬츠,밥,데님팬츠,38000,2025-11-05,
1684,12월_코듀로이,2025-12-22,2026-01-15,31,819533,시나몬핀턱융PT (신상 골덴 코듀로이 밴딩 와이드 팬츠),더블에이치,코튼팬츠,17000,2025-11-05,
1684,12월_코듀로이,2025-12-22,2026-01-15,32,815722,[빈티지&캐주얼/배기핏] 하이웨스트 코듀로이 와이드 팬츠,위온,코튼팬츠,28000,2025-10-31,
1684,12월_코듀로이,2025-12-22,2026-01-15,33,815721,[빈티지&데일리/와이드핏] 골덴 하이웨스트 코듀로이 팬츠,위온,코튼팬츠,28000,2025-10-31,
1684,12월_코듀로이,2025-12-22,2026-01-15,34,806038,코듀로이절개pt,비틀스토어,코튼팬츠,42000,2025-10-21,
1684,12월_코듀로이,2025-12-22,2026-01-15,35,805918,[골덴 텍스처/포근한 경량핏] 소프트 코듀로이 웰론 패딩조끼,위온,패딩,21000,2025-10-20,
1684,12월_코듀로이,2025-12-22,2026-01-15,36,805225,골덴카라패딩)겨울신상 빅사이즈패딩 코듀로이,이찌(ITZZI),패딩,29000,2025-10-20,
1684,12월_코듀로이,2025-12-22,2026-01-15,37,805213,코듀로이JK,블로윙,자켓,51000,2025-10-20,
1684,12월_코듀로이,2025-12-22,2026-01-15,38,804661,[로우라이즈/빈티지 무드] 브라운 코듀로이 로우 숏팬츠,위온,코튼팬츠,26000,2025-10-17,
1684,12월_코듀로이,2025-12-22,2026-01-15,39,803251,토리코듀로이팬츠,밥,수트/슬랙스,46000,2025-10-15,
1684,12월_코듀로이,2025-12-22,2026-01-15,40,800474,H2533 코듀로이 자켓,에이치투,자켓,23000,2025-10-10,
1684,12월_코듀로이,2025-12-22,2026-01-15,41,797616,코듀로이포켓본딩jp,비틀스토어,집업/점퍼,58000,2025-09-30,
1684,12월_코듀로이,2025-12-22,2026-01-15,42,797584,"왕골덴와이드팬츠-코듀로이,봄가을,겨울룩,긴바지,일자,루즈핏,도톰,롱,밴딩",데일르,하의,11000,2025-09-30,
1684,12월_코듀로이,2025-12-22,2026-01-15,43,797068,퀼팅 코듀로이 스커트,반하다,롱스커트,18000,2025-09-29,
1684,12월_코듀로이,2025-12-22,2026-01-15,44,796644,"코듀로이 큐롯팬츠,벨트세트",퀸더힐,코튼팬츠,37000,2025-09-28,
1684,12월_코듀로이,2025-12-22,2026-01-15,45,795932,골덴버뮤다팬츠_10부 코듀로이 루즈핏 데일리 인기 유니크 꾸안꾸 주문폭주,제로(ZERO,코튼팬츠,17000,2025-09-26,
1684,12월_코듀로이,2025-12-22,2026-01-15,46,793796,mhl코듀로이ops,비틀스토어,롱원피스,45000,2025-09-23,
1684,12월_코듀로이,2025-12-22,2026-01-15,47,790253,H2513 루즈핏 코듀로이 셔츠,에이치투,셔츠/남방,14000,2025-09-17,
1684,12월_코듀로이,2025-12-22,2026-01-15,48,786356,버튼골덴롱원피스)가을신상 빅사이즈원피스 코듀로이,이찌(ITZZI),롱원피스,11000,2025-09-15,
1684,12월_코듀로이,2025-12-22,2026-01-15,49,786352,골덴난방)코듀로이 긴팔셔츠남방 빅사이즈 허리스트링 빅사이즈,이찌(ITZZI),셔츠/남방,12000,2025-09-15,
1684,12월_코듀로이,2025-12-22,2026-01-15,50,785905,코듀로이 와이드팬츠(벨트세트),부키네,코튼팬츠,20000,2025-09-13,
1684,12월_코듀로이,2025-12-22,2026-01-15,51,782992,"신상, 클래식무드 코듀로이 스트라이프 셔츠, 남방",퀸더힐,블라우스,29000,2025-09-10,
1684,12월_코듀로이,2025-12-22,2026-01-15,52,780214,코듀로이pt (검 밤) 벨트세트,더플렉스,미니/미디스커트,13000,2025-09-08,
1684,12월_코듀로이,2025-12-22,2026-01-15,53,779443,골덴기본와이드PT) 코듀로이 통바지 와이드 스판팬츠,바이지오,코튼팬츠,3500,2025-09-05,
1684,12월_코듀로이,2025-12-22,2026-01-15,54,772391,코듀로이 밴딩바지,반하다,코튼팬츠,19000,2025-08-31,
1684,12월_코듀로이,2025-12-22,2026-01-15,55,772390,코듀로이 5부,반하다,코튼팬츠,16000,2025-08-31,
1684,12월_코듀로이,2025-12-22,2026-01-15,56,771675,코듀로이 골덴 스웨이드 짧은 치마 미니 A라인 스커트 SIS-197,리더스셀러,미니/미디스커트,23000,2025-08-29,
1684,12월_코듀로이,2025-12-22,2026-01-15,57,771667,A라인 롱치마 코듀로이 스커트 벨벳 벨트 사은품 증정 SIS-198,리더스셀러,롱스커트,26000,2025-08-29,
1703,1월_키링 부자재,2025-12-29,2026-01-20,0,857658,인형 바비 바비인형 신발 샌들 미미 인형소품 인형꾸미기 인형키링 키링 스트랩 플라스틱,플라스틱,기타부속재료,60,2025-12-31,
1703,1월_키링 부자재,2025-12-29,2026-01-20,1,857663,버섯 후로킹 참,라온,인형꾸미기,800,2025-12-31,
1703,1월_키링 부자재,2025-12-29,2026-01-20,2,857672,후로킹 쿼카 카피바라 토끼 강아지 개 후로킹참 후로킹펜던트 펜던트 키링 부자재 플라스틱,플라스틱,기타부속재료,400,2025-12-31,
1703,1월_키링 부자재,2025-12-29,2026-01-20,3,857675,도마뱀 후로킹 2종,라온,비즈/아크릴/호마이카 ,1100,2025-12-31,
1703,1월_키링 부자재,2025-12-29,2026-01-20,4,857679,(large) 패딩리본 패딩 리본 패딩키링 키링 그립톡 열쇠고리 부자재 플라스틱,플라스틱,기타부속재료,800,2025-12-31,
1703,1월_키링 부자재,2025-12-29,2026-01-20,5,857803,치킨 햄버거 통닭 호마이카 음식 치맥 파츠 지비츠 헤어핀 귀걸이 부자재 플라스틱,플라스틱,기타부속재료,100,2025-12-31,
1703,1월_키링 부자재,2025-12-29,2026-01-20,6,857852,원피스 인형원피스 모루인형 그로밋 트위드 줄무늬원피스 그로밋옷 인형키링 인형소품 플라스틱,플라스틱,기타부속재료,1000,2025-12-31,
1703,1월_키링 부자재,2025-12-29,2026-01-20,7,857855,24종 비즈 공예 올인원 키트,굿씽컴퍼니,비즈/아크릴/호마이카 ,6010,2025-12-31,
1703,1월_키링 부자재,2025-12-29,2026-01-20,8,857859,뜨개멜빵바지 뜨개 니트 멜빵바지 인형옷 그로밋옷 인형키링 인형소품 인형꾸미기 플라스틱,플라스틱,기타부속재료,1000,2025-12-31,
1703,1월_키링 부자재,2025-12-29,2026-01-20,9,857868,뜨개 딸기 귤 오렌지 복숭아 딸기 뜨개니트 니트 과일 키링 펜던트 가방고리 플라스틱,플라스틱,기타부속재료,680,2025-12-31,
1703,1월_키링 부자재,2025-12-29,2026-01-20,10,857671,유니콘 후로킹 참 2종,라온,비즈/아크릴/호마이카 ,1400,2025-12-31,
1703,1월_키링 부자재,2025-12-29,2026-01-20,11,857871,카피바라 쿼카 펜던트 메탈 팬던트 키링 핸드폰줄 폰줄 휴대폰줄 백참 부자재 플라스틱,플라스틱,기타부속재료,360,2025-12-31,
1703,1월_키링 부자재,2025-12-29,2026-01-20,12,857934,눈사람 레진 호마이카 파츠 부자재,달다,비즈/아크릴/호마이카 ,1800,2026-01-01,
1703,1월_키링 부자재,2025-12-29,2026-01-20,13,853309,뜨개네잎 가방 크로스백 숄더백 크로바 클로버 뜨개 인형소품 인형옷 모루인형 키링 플라스틱,플라스틱,기타부속재료,350,2025-12-18,
1703,1월_키링 부자재,2025-12-29,2026-01-20,14,855004,트위드리본 트위드 리본 봉제 반봉제 집게핀 헤어핀 지비츠 키링 재료 부자재 플라스틱,플라스틱,기타부속재료,260,2025-12-23,
1703,1월_키링 부자재,2025-12-29,2026-01-20,15,854781,사자 후로킹,라온,비즈/아크릴/호마이카 ,1100,2025-12-23,
1703,1월_키링 부자재,2025-12-29,2026-01-20,16,854497,고양이 후로킹 생선고양이 후로킹키링 키링 스트랩 펜던트 재료 플라스틱,플라스틱,기타부속재료,650,2025-12-22,
1703,1월_키링 부자재,2025-12-29,2026-01-20,17,720116,백 뜨개 가방 니트 소품 옷 인형 옷 입히기 모루인형 키링 소품 귀여운 인형 프리마켓 꾸미,위드삐삐마켓,기타부속재료,800,2025-05-30,
1703,1월_키링 부자재,2025-12-29,2026-01-20,18,854207,뜨개티 니트티 뜨개 티셔츠 믹스 인형옷 인형소품 인형키링 인형꾸미기 뜨개니트 플라스틱,플라스틱,기타부속재료,900,2025-12-22,
1703,1월_키링 부자재,2025-12-29,2026-01-20,19,854834,별 실리콘타이 케이블타이 케이블 실리콘스트랩 칼라부자재 컬러부자재 키링 스트랩 플라스틱,플라스틱,기타부속재료,130,2025-12-23,
1703,1월_키링 부자재,2025-12-29,2026-01-20,20,854773,핑크코끼리 후로킹 1종,라온,비즈/아크릴/호마이카 ,900,2025-12-23,
1703,1월_키링 부자재,2025-12-29,2026-01-20,21,854831,실리콘타이 케이블타이 케이블 실리콘스트랩 칼라부자재 컬러부자재 키링 스트랩 플라스틱,플라스틱,기타부속재료,100,2025-12-23,
1703,1월_키링 부자재,2025-12-29,2026-01-20,22,855002,바다 유리병 물병 여름 바다 소라 펜던트 팬던트 유리 키링 스트랩 팬던트 플라스틱,플라스틱,기타부속재료,180,2025-12-23,
1703,1월_키링 부자재,2025-12-29,2026-01-20,23,854320,병아리 치킨 후로킹 병아리후로킹 닭 키링 펜던트 팬던트 백참 스트랩 열쇠고리 재료 플라스틱,플라스틱,기타부속재료,450,2025-12-22,
1703,1월_키링 부자재,2025-12-29,2026-01-20,24,854324,팰리컨 펠리컨 오리 거위 후로킹 키링 펜던트 팬던트 백참 스트랩 열쇠고리 재료 플라스틱,플라스틱,기타부속재료,550,2025-12-22,
1703,1월_키링 부자재,2025-12-29,2026-01-20,25,854433,학사모 졸업모자 졸업식 졸업선물 인형키링 인형 키링 인형소품 인형꾸미기 졸업식모자 플라스틱,플라스틱,기타부속재료,200,2025-12-22,
1703,1월_키링 부자재,2025-12-29,2026-01-20,26,854771,애벌레 후로킹 1종,라온,비즈/아크릴/호마이카 ,600,2025-12-23,
1703,1월_키링 부자재,2025-12-29,2026-01-20,27,853629,목도리 뜨개 뜨개목도리 머플러 인형소품 인형 인형키링 인형목도리 모루 키링 스트랩 플라스틱,플라스틱,기타부속재료,180,2025-12-19,
1703,1월_키링 부자재,2025-12-29,2026-01-20,28,854286,강아지 가나지 가나디 후로킹 개 강아지후로킹 비숑 키링 열쇠고리 스트랩 펜던트 플라스틱,플라스틱,기타부속재료,500,2025-12-22,
1703,1월_키링 부자재,2025-12-29,2026-01-20,29,854249,체리리본 왕체크 체크 리본 체리 체크리본 집게핀 헤어핀 지비츠 키링 스트랩 재료 플라스틱,플라스틱,기타부속재료,260,2025-12-22,
1703,1월_키링 부자재,2025-12-29,2026-01-20,30,851558,폰줄 핸드폰줄 휴대폰줄 폰고리 악세사리부자재 폰줄부자재 컬러부자재 칼라부자재 플라스틱,플라스틱,기타부속재료,50,2025-12-16,
1703,1월_키링 부자재,2025-12-29,2026-01-20,31,851892,인형뽑기 인형집게 키링 비즈 볼꾸 볼펜꾸미기 펜꾸 볼꾸재료 부자재 비즈 키홀더 플라스틱,플라스틱,기타부속재료,260,2025-12-16,
1703,1월_키링 부자재,2025-12-29,2026-01-20,32,853409,체크하트 싸개 단추 장식 하트단추 지비츠 키링 스트랩 파우치 부자재 플라스틱,플라스틱,기타부속재료,50,2025-12-18,
1703,1월_키링 부자재,2025-12-29,2026-01-20,33,851478,디고리 D고리 열쇠고리 컬러고리 D자고리 컬러부자재 칼라부자재 키링 스트랩 플라스틱,플라스틱,기타부속재료,100,2025-12-16,
1703,1월_키링 부자재,2025-12-29,2026-01-20,34,852748,망토 망또 인형망토 인형망또 인형옷 인형꾸미기 인형키링 키링 부자재 인형소품 플라스틱,플라스틱,기타부속재료,1000,2025-12-17,
1703,1월_키링 부자재,2025-12-29,2026-01-20,35,853350,인형모자 인형머리띠 인형꾸미기 과일머리띠 귤 사과 키링 인형키링 스트랩 플라스틱,플라스틱,기타부속재료,800,2025-12-18,
1703,1월_키링 부자재,2025-12-29,2026-01-20,36,851612,세라믹 비즈 세잎 클로버 크로바 키링 열쇠고리 도자기 세라믹비즈 세잎세라믹 플라스틱,플라스틱,기타부속재료,100,2025-12-16,
1703,1월_키링 부자재,2025-12-29,2026-01-20,37,803458,일부품절/ 푸드 파츠 시리즈 (도시락키링추천),라일라,비즈/아크릴/호마이카 ,200,2025-10-16,
1703,1월_키링 부자재,2025-12-29,2026-01-20,38,851357,키링고리 세트- 돌돌이 열쇠고리 고리세트 가방고리 키링 키홀더 메탈 부자재 플라스틱,플라스틱,기타부속재료,150,2025-12-16,
1703,1월_키링 부자재,2025-12-29,2026-01-20,39,838807,일시품절/ 금색거북이 캐스팅,라일라,기타부속재료,100,2025-11-27,
1703,1월_키링 부자재,2025-12-29,2026-01-20,40,804683,"하트 반쪽 type2 (11,14,18mm)",승광사,비즈/아크릴/호마이카 ,7800,2025-10-17,
1703,1월_키링 부자재,2025-12-29,2026-01-20,41,837936,라면사리 파츠,헬미네,비즈/아크릴/호마이카 ,100,2025-11-26,
1703,1월_키링 부자재,2025-12-29,2026-01-20,42,834544,드로잉리본 하트단추,라일라,비즈/아크릴/호마이카 ,130,2025-11-20,
1703,1월_키링 부자재,2025-12-29,2026-01-20,43,850869,6mm 정사각 반쪽,승광사,진주/원석/보석,4200,2025-12-15,
1703,1월_키링 부자재,2025-12-29,2026-01-20,44,845523,붕어빵파츠 고리형,라일라,펜던트,280,2025-12-06,
1703,1월_키링 부자재,2025-12-29,2026-01-20,45,846796,컬러 원터치 링,헬미네,기타부속재료,100,2025-12-08,
1703,1월_키링 부자재,2025-12-29,2026-01-20,46,842867,꽃사슴 후로킹,라일라,펜던트,500,2025-12-02,
1703,1월_키링 부자재,2025-12-29,2026-01-20,47,845577,인형 목도리 부자재 악세사리,플랜제이,기타부속재료,500,2025-12-07,
1703,1월_키링 부자재,2025-12-29,2026-01-20,48,835910,핑크 우파루파 후로킹 부자재,뿌야마켓,비즈/아크릴/호마이카 ,600,2025-11-22,
1703,1월_키링 부자재,2025-12-29,2026-01-20,49,843546,야광 초미니 거북이 파츠세트 (1set-10p),옐로맨션,비즈/아크릴/호마이카 ,750,2025-12-03,
1703,1월_키링 부자재,2025-12-29,2026-01-20,50,844736,조개 써지컬스틸 펜던트 로켓 뚜껑 사진  목걸이 키링,밤빛,펜던트,1500,2025-12-05,
1703,1월_키링 부자재,2025-12-29,2026-01-20,51,845473,키링용 체인고리,라일라,기타부속재료,100,2025-12-06,
1703,1월_키링 부자재,2025-12-29,2026-01-20,52,807287,자개 원형 30mm,장원상사,기타부속재료,300,2025-10-22,
1703,1월_키링 부자재,2025-12-29,2026-01-20,53,834510,일시품절/2026 말띠추천 말후로킹,라일라,펜던트,500,2025-11-20,
1703,1월_키링 부자재,2025-12-29,2026-01-20,54,837935,하트 와플 파츠,헬미네,비즈/아크릴/호마이카 ,100,2025-11-26,
1703,1월_키링 부자재,2025-12-29,2026-01-20,55,838891,눈꽃 캐스팅,라일라,펜던트,60,2025-11-27,
1703,1월_키링 부자재,2025-12-29,2026-01-20,56,835224,(부자재) 비숑후로킹강아지팬던트,엔유이,기타부속재료,800,2025-11-21,
1703,1월_키링 부자재,2025-12-29,2026-01-20,57,834421,눈꽃 후로킹,라일라,펜던트,350,2025-11-20,
1703,1월_키링 부자재,2025-12-29,2026-01-20,58,835169,원석(구슬),제이앤비,기타부속재료,15000,2025-11-21,
1703,1월_키링 부자재,2025-12-29,2026-01-20,59,836444,제주 감귤 한라봉 인형 모자,젤리젤리,기타부속재료,1000,2025-11-23,
1703,1월_키링 부자재,2025-12-29,2026-01-20,60,835533,실버 D고리 부자재,뿌야마켓,기타부속재료,100,2025-11-21,
1703,1월_키링 부자재,2025-12-29,2026-01-20,61,834385,일시품절/ 리본 키링 고리,라일라,기타부속재료,180,2025-11-20,
1703,1월_키링 부자재,2025-12-29,2026-01-20,62,845578,인형 비니 모자 부자재 악세사리 겨울,플랜제이,기타부속재료,600,2025-12-07,
1703,1월_키링 부자재,2025-12-29,2026-01-20,63,841417,갓 펜던트 키링,밤빛,비즈/아크릴/호마이카 ,900,2025-11-30,
1703,1월_키링 부자재,2025-12-29,2026-01-20,64,838230,텀블러 파츠,헬미네,비즈/아크릴/호마이카 ,360,2025-11-26,
1703,1월_키링 부자재,2025-12-29,2026-01-20,65,837749,미니 뜨개 동백꽃,헬미네,비즈/아크릴/호마이카 ,300,2025-11-25,
1703,1월_키링 부자재,2025-12-29,2026-01-20,66,830296,컬러 D링 부자재 열쇠고리 키링,엔리코,기타부속재료,120,2025-11-15,
1703,1월_키링 부자재,2025-12-29,2026-01-20,67,801910,체인 D고리 키링 부자재 1종,라온,기타부속재료,120,2025-10-14,
1703,1월_키링 부자재,2025-12-29,2026-01-20,68,796333,샴고양이 후로킹,라일라,펜던트,450,2025-09-26,
1703,1월_키링 부자재,2025-12-29,2026-01-20,69,803729,"삼각볼 펄,도금 무구멍",승광사,비즈/아크릴/호마이카 ,6500,2025-10-16,
1703,1월_키링 부자재,2025-12-29,2026-01-20,70,826430,별 키링 부자재,더스트,기타부속재료,120,2025-11-12,
1703,1월_키링 부자재,2025-12-29,2026-01-20,71,803201,코튼펄 반쪽,승광사,비즈/아크릴/호마이카 ,5000,2025-10-15,
1703,1월_키링 부자재,2025-12-29,2026-01-20,72,837862,고양이 별파츠,헬미네,비즈/아크릴/호마이카 ,120,2025-11-25,
1703,1월_키링 부자재,2025-12-29,2026-01-20,73,796330,파란목도리 북극곰 후로킹,라일라,펜던트,500,2025-09-26,
1703,1월_키링 부자재,2025-12-29,2026-01-20,74,801874,"그린,화이트 후우링 부자재 1종",라온,비즈/아크릴/호마이카 ,150,2025-10-14,
1703,1월_키링 부자재,2025-12-29,2026-01-20,75,837750,한글 비즈 약 500개,헬미네,비즈/아크릴/호마이카 ,3500,2025-11-25,
1703,1월_키링 부자재,2025-12-29,2026-01-20,76,796380,일부일시품절/ 마녀스프 채소 시리즈,라일라,펜던트,260,2025-09-26,
1703,1월_키링 부자재,2025-12-29,2026-01-20,77,801393,라인볼,승광사,비즈/아크릴/호마이카 ,12000,2025-10-13,
1703,1월_키링 부자재,2025-12-29,2026-01-20,78,796316,일부일시품절/ 잔체크체크 하트단추_4컬러,라일라,펜던트,50,2025-09-26,
1703,1월_키링 부자재,2025-12-29,2026-01-20,79,831880,휴대폰 고리 실버 스트랩 부자재,뿌야마켓,체인/줄,100,2025-11-17,
1703,1월_키링 부자재,2025-12-29,2026-01-20,80,796321,라운드볼 도트,승광사,비즈/아크릴/호마이카 ,10000,2025-09-26,
1703,1월_키링 부자재,2025-12-29,2026-01-20,81,808644,타원 반구멍 펄,승광사,진주/원석/보석,14000,2025-10-23,
1703,1월_키링 부자재,2025-12-29,2026-01-20,82,841319,부자재 인형 모자 귀요미 모자,플랜제이,기타부속재료,600,2025-11-30,
1703,1월_키링 부자재,2025-12-29,2026-01-20,83,797962,"빨,검 품절/ 후로킹리본 고리형 (폰줄미포함)",라일라,펜던트,160,2025-09-30,
1703,1월_키링 부자재,2025-12-29,2026-01-20,84,796322,리본캐스팅 고리형,라일라,펜던트,150,2025-09-26,
1703,1월_키링 부자재,2025-12-29,2026-01-20,85,835278,(부자재) y2k키링팬던트,엔유이,펜던트,1500,2025-11-21,
1703,1월_키링 부자재,2025-12-29,2026-01-20,86,803375,후로킹 네잎클로버 호마이카 1종,라온,비즈/아크릴/호마이카 ,200,2025-10-16,
1703,1월_키링 부자재,2025-12-29,2026-01-20,87,797697,기본 헤드셋 부자재 3종,라온,비즈/아크릴/호마이카 ,120,2025-09-30,
1703,1월_키링 부자재,2025-12-29,2026-01-20,88,801871,네잎클로버 캐스팅 참 1종 [믹스],라온,비즈/아크릴/호마이카 ,100,2025-10-14,
1703,1월_키링 부자재,2025-12-29,2026-01-20,89,803466,핑크품절/ 꽃펭귄 후로킹,라일라,비즈/아크릴/호마이카 ,500,2025-10-16,
1703,1월_키링 부자재,2025-12-29,2026-01-20,90,796332,애벌레 후로킹,라일라,펜던트,450,2025-09-26,
1703,1월_키링 부자재,2025-12-29,2026-01-20,91,819736,아크릴볼 파스텔 (8mm~20mm),승광사,비즈/아크릴/호마이카 ,6500,2025-11-05,
1703,1월_키링 부자재,2025-12-29,2026-01-20,92,808675,물방울 반구멍 펄,승광사,진주/원석/보석,9000,2025-10-23,
1703,1월_키링 부자재,2025-12-29,2026-01-20,93,826428,가방고리 키링 부자재 오링,더스트,기타부속재료,150,2025-11-11,
1703,1월_키링 부자재,2025-12-29,2026-01-20,94,826426,후로킹 동물 키링 부자재,더스트,기타부속재료,400,2025-11-11,
1703,1월_키링 부자재,2025-12-29,2026-01-20,95,829111,미니도토리 파츠,라일라,비즈/아크릴/호마이카 ,50,2025-11-14,
1703,1월_키링 부자재,2025-12-29,2026-01-20,96,844737,액막이 명태 부자재 펜던트 키링,밤빛,비즈/아크릴/호마이카 ,900,2025-12-05,
1703,1월_키링 부자재,2025-12-29,2026-01-20,97,796315,호마이카 붕어빵파츠,라일라,비즈/아크릴/호마이카 ,200,2025-09-26,
1703,1월_키링 부자재,2025-12-29,2026-01-20,98,796354,일부품절/ 목도리오리들 후로킹,라일라,펜던트,500,2025-09-26,
1704,1월_집들이 선물,2025-12-30,2026-01-20,0,842048,메리 크리스마스 원형 티코스터 2종,옐로맨션,코스터/받침,2900,2025-12-01,
1704,1월_집들이 선물,2025-12-30,2026-01-20,1,850596,핸드타올,수지사,행주/수건/냅킨,4000,2025-12-15,
1704,1월_집들이 선물,2025-12-30,2026-01-20,2,844599,"청화 사각, 원 접시",링크,그릇/식기,9500,2025-12-05,
1704,1월_집들이 선물,2025-12-30,2026-01-20,3,843300,러스틱 체크라인 접시,링크,그릇/식기,5900,2025-12-03,
1704,1월_집들이 선물,2025-12-30,2026-01-20,4,842594,후르츠 저그 빨대세트,옐로맨션,컵/잔/머그,5200,2025-12-02,
1704,1월_집들이 선물,2025-12-30,2026-01-20,5,856295,디저트 미니소스볼 4종,옐로맨션,그릇/식기,2700,2025-12-27,
1704,1월_집들이 선물,2025-12-30,2026-01-20,6,853402,하트레터링  디저트컵,남군점빵,컵/잔/머그,2700,2025-12-18,
1704,1월_집들이 선물,2025-12-30,2026-01-20,7,854990,레드링 후르츠 머그컵 2종,옐로맨션,컵/잔/머그,5900,2025-12-23,
1704,1월_집들이 선물,2025-12-30,2026-01-20,8,855722,[한정세일] 젓가락 받침대,링크,그릇/식기,1200,2025-12-25,
1704,1월_집들이 선물,2025-12-30,2026-01-20,9,852233,애니멀 디저트 접시,링크,그릇/식기,7800,2025-12-17,
1704,1월_집들이 선물,2025-12-30,2026-01-20,10,850213,고양이 얼굴 스테인리스 스푼 포크,감성놀이,커트러리,1900,2025-12-13,
1704,1월_집들이 선물,2025-12-30,2026-01-20,11,853397,본아페티  고블렛 2종,남군점빵,컵/잔/머그,5200,2025-12-18,
1704,1월_집들이 선물,2025-12-30,2026-01-20,12,853398,불투명 고블렛 2종컵,남군점빵,컵/잔/머그,3700,2025-12-18,
1704,1월_집들이 선물,2025-12-30,2026-01-20,13,853400,비숑컵,남군점빵,컵/잔/머그,5200,2025-12-18,
1704,1월_집들이 선물,2025-12-30,2026-01-20,14,853399,불투명 과일3종 손잡이컵,남군점빵,컵/잔/머그,3700,2025-12-18,
1704,1월_집들이 선물,2025-12-30,2026-01-20,15,839742,v-머그받침,E신흥,코스터/받침,3300,2025-11-27,
1704,1월_집들이 선물,2025-12-30,2026-01-20,16,842051,과일 디자인 원형 티코스터 3종,옐로맨션,코스터/받침,2900,2025-12-01,
1704,1월_집들이 선물,2025-12-30,2026-01-20,17,848838,"고슴도치 플레이트, 파스타볼",링크,그릇/식기,17500,2025-12-11,
1704,1월_집들이 선물,2025-12-30,2026-01-20,18,850226,진저맨 소스볼 미니 앞접시,소브니홈,그릇/식기,4500,2025-12-13,
1704,1월_집들이 선물,2025-12-30,2026-01-20,19,843765,소담꽃 종지 소스볼,링크,그릇/식기,4900,2025-12-03,
1704,1월_집들이 선물,2025-12-30,2026-01-20,20,837580,레이지캣 접시,링크,그릇/식기,7700,2025-11-25,
1704,1월_집들이 선물,2025-12-30,2026-01-20,21,844602,파스텔 과일종지,링크,그릇/식기,4900,2025-12-05,
1704,1월_집들이 선물,2025-12-30,2026-01-20,22,840847,Little PaPer 규조토 발매트,남대문미화,카페트/러그/발매트,12600,2025-11-29,
1704,1월_집들이 선물,2025-12-30,2026-01-20,23,846898,곰돌이 미니 접시,감성놀이,접시/플레이트,3900,2025-12-08,
1704,1월_집들이 선물,2025-12-30,2026-01-20,24,853396,본아페띠 레터링  세라믹접시,남군점빵,그릇/식기,5200,2025-12-18,
1704,1월_집들이 선물,2025-12-30,2026-01-20,25,842571,후르츠 고블렛 2종,옐로맨션,컵/잔/머그,5900,2025-12-02,
1704,1월_집들이 선물,2025-12-30,2026-01-20,26,825996,하우스핸드타월 타올 수건 손수건 패션 답례 소품 T251,아띠젠,수건/타월,3500,2025-11-11,
1704,1월_집들이 선물,2025-12-30,2026-01-20,27,842552,만두 미니볼 2종,옐로맨션,접시/플레이트,3700,2025-12-02,
1704,1월_집들이 선물,2025-12-30,2026-01-20,28,825997,선글독 핸드타월 타올 수건 손수건 패션 답례 소품 T252,아띠젠,수건/타월,3500,2025-11-11,
1704,1월_집들이 선물,2025-12-30,2026-01-20,29,669966,"원형,하트 악세사리 트레이 2종",스르르,트레이,4300,2025-03-29,
1704,1월_집들이 선물,2025-12-30,2026-01-20,30,837024,엘림 XF3479 백색 컬러 일자 커피 머그 400ml 4color,동이그릇이야기,컵/잔/머그,4900,2025-11-24,
1704,1월_집들이 선물,2025-12-30,2026-01-20,31,834181,크리스마스   눈사람 컵,남군점빵,컵/잔/머그,4700,2025-11-20,
1704,1월_집들이 선물,2025-12-30,2026-01-20,32,834183,크리스마스   쿠키하우스,남군점빵,접시/플레이트,5200,2025-11-20,
1704,1월_집들이 선물,2025-12-30,2026-01-20,33,842050,과일 라벨 머그컵 3종,옐로맨션,컵/잔/머그,5900,2025-12-01,
1704,1월_집들이 선물,2025-12-30,2026-01-20,34,825994,애플핸드타월 타올 수건 손수건 패션 답례 소품 T249,아띠젠,수건/타월,3500,2025-11-11,
1704,1월_집들이 선물,2025-12-30,2026-01-20,35,823940,"눈알쿠션_커버분리가능 세탁용이,3cm두툼한 폼으로 푹신퐁당",은.(하우스),쿠션/방석,8000,2025-11-09,
1704,1월_집들이 선물,2025-12-30,2026-01-20,36,842039,메리 크리스마스 유리컵 2종,옐로맨션,컵/잔/머그,2900,2025-12-01,
1704,1월_집들이 선물,2025-12-30,2026-01-20,37,786136,"하트 스티치 감성거울,하트거울",티제이,액자/거울,3000,2025-09-14,
1704,1월_집들이 선물,2025-12-30,2026-01-20,38,784328,레트로바구니 트레이 소품보관 미니바구니 철제바구니 소품보관 데스크용품 매장디피 E332,아이즈  Eyes,수납/바구니,3900,2025-09-11,
1704,1월_집들이 선물,2025-12-30,2026-01-20,39,757101,벽걸이 정리함 영수증 보관 월포켓 인테리어 수납함 SIS-331,리더스셀러,수납/바구니,3400,2025-08-18,
1704,1월_집들이 선물,2025-12-30,2026-01-20,40,835282,쥬쥬바구니 바구니 바스켓 장바구니 소품보관 보관함 플라스틱 디피 인테리어 E981,아이즈  Eyes,수납/바구니,1500,2025-11-21,
1704,1월_집들이 선물,2025-12-30,2026-01-20,41,794748,자개 트레이 FAN,김앤초,트레이,4000,2025-09-24,
1704,1월_집들이 선물,2025-12-30,2026-01-20,42,747758,트레이 레트로바구니 소품보관 미니바구니 철제바구니 소품보관 데스크용품 매장디피 E332,데이오프,수납/바구니,3900,2025-08-07,
1704,1월_집들이 선물,2025-12-30,2026-01-20,43,697560,밀봉집게 강아지집게클립 10p 봉지집게 과자집게 집들이선물 인테리어 소품샵 E344,베이비블루 babyblue,수납/바구니,3000,2025-04-24,
1704,1월_집들이 선물,2025-12-30,2026-01-20,44,839737,미니소쿠리,E신흥,쟁반/트레이,2000,2025-11-27,
1704,1월_집들이 선물,2025-12-30,2026-01-20,45,837919,이자와 뉴 컬러 피카 머그,마이 하비,컵/잔/머그,16000,2025-11-25,
1704,1월_집들이 선물,2025-12-30,2026-01-20,46,848486,물고기 모빌,시그마갤러리,모빌/월데코,14000,2025-12-11,
1704,1월_집들이 선물,2025-12-30,2026-01-20,47,839741,스몰메쉬타원/대,E신흥,쟁반/트레이,13000,2025-11-27,
1704,1월_집들이 선물,2025-12-30,2026-01-20,48,848487,바다 모빌,시그마갤러리,모빌/월데코,14000,2025-12-11,
1704,1월_집들이 선물,2025-12-30,2026-01-20,49,838583,도트 소스볼 종지,링크,그릇/식기,5600,2025-11-26,
1704,1월_집들이 선물,2025-12-30,2026-01-20,50,819553,네팔양모모빌_공룡,아이즐,모빌/월데코,15000,2025-11-05,
1704,1월_집들이 선물,2025-12-30,2026-01-20,51,848488,말 모빌,시그마갤러리,모빌/월데코,14000,2025-12-11,
1704,1월_집들이 선물,2025-12-30,2026-01-20,52,837822,[인기추가]고양이의 하루 접시,링크,그릇/식기,7500,2025-11-25,
1704,1월_집들이 선물,2025-12-30,2026-01-20,53,819554,네팔양모모빌_유니콘,아이즐,모빌/월데코,15000,2025-11-05,
1704,1월_집들이 선물,2025-12-30,2026-01-20,54,837908,플라스틱 컬러 메쉬 트레이,마이 하비,쟁반/트레이,1500,2025-11-25,
1704,1월_집들이 선물,2025-12-30,2026-01-20,55,818837,아기공룡갈랜드,샬롬공예,모빌/월데코,20000,2025-11-04,
1704,1월_집들이 선물,2025-12-30,2026-01-20,56,579341,10개 북유럽 쥬얼리 수납 장식품 사진 소품 트레이,아주라,트레이,147000,2024-12-06,
1704,1월_집들이 선물,2025-12-30,2026-01-20,57,837707,루크커트러리(7type),삼보상사,커트러리,5900,2025-11-25,
1704,1월_집들이 선물,2025-12-30,2026-01-20,58,717068,(개별박스포장) 네잎클로버 소품 악세사리 트레이 인테리어,소브니홈,트레이,5500,2025-05-24,
1704,1월_집들이 선물,2025-12-30,2026-01-20,59,605387,레트로 바구니 (거래처사진/사진제공xx),감성놀이,수납/바구니,1200,2025-01-24,
1704,1월_집들이 선물,2025-12-30,2026-01-20,60,837666,씬커트러리(매우얇음),삼보상사,커트러리,2400,2025-11-25,
1704,1월_집들이 선물,2025-12-30,2026-01-20,61,792933,"고양이 소품트레이,냐옹이 소품트레이,악세사리 트레이",티제이,트레이,2000,2025-09-20,
1704,1월_집들이 선물,2025-12-30,2026-01-20,62,664292,케이크 체크 패브릭 트레이 인테리어,소브니홈,트레이,8500,2025-03-24,
1704,1월_집들이 선물,2025-12-30,2026-01-20,63,835141,레트로 꽃 접시 빈티지,링크,그릇/식기,15400,2025-11-21,
1704,1월_집들이 선물,2025-12-30,2026-01-20,64,834180,과일 3종 빨대컵,남군점빵,컵/잔/머그,4700,2025-11-20,
1704,1월_집들이 선물,2025-12-30,2026-01-20,65,833892,[시즌한정] 크리스마스 레드라인 접시,링크,그릇/식기,15400,2025-11-19,
1704,1월_집들이 선물,2025-12-30,2026-01-20,66,831304,핑크리본 유리컵,챌렉트,컵/잔/머그,7000,2025-11-17,
1704,1월_집들이 선물,2025-12-30,2026-01-20,67,832450,블랙 라인아트 접시,링크,그릇/식기,5900,2025-11-18,
1704,1월_집들이 선물,2025-12-30,2026-01-20,68,805921,"인테리어소품,테이블웨어 하트체크 티코스터,티코스터",티제이,오브제/장식,4500,2025-10-20,
1704,1월_집들이 선물,2025-12-30,2026-01-20,69,828897,겨울 친구들 소스볼 펭귄 북극곰,소브니홈,접시/플레이트,5900,2025-11-13,
1704,1월_집들이 선물,2025-12-30,2026-01-20,70,831206,(신상) 코지캣 소스볼 겸 젓가락 받침대,소브니홈,그릇/식기,4300,2025-11-17,
1704,1월_집들이 선물,2025-12-30,2026-01-20,71,831125,런던베어 머그컵,링크,그릇/식기,8100,2025-11-17,
1704,1월_집들이 선물,2025-12-30,2026-01-20,72,742271,소품바구니 원형레트로바구니 철제바구니 바스켓 매장 디스플레이 E530,스위니,수납/바구니,5000,2025-07-24,
1704,1월_집들이 선물,2025-12-30,2026-01-20,73,829267,실루엣 야옹 종지 접시,링크,그릇/식기,3500,2025-11-14,
1704,1월_집들이 선물,2025-12-30,2026-01-20,74,830320,"라인 커트러리 (스푼,포크,버터나이프 세트)",링크,커트러리,11700,2025-11-15,
1704,1월_집들이 선물,2025-12-30,2026-01-20,75,796105,체크 노트 스튜디오 잡화점 메모지 메모장 인테리어 소품 잡화점 오브제 E873,아이즈  Eyes,기타,2500,2025-09-26,
1704,1월_집들이 선물,2025-12-30,2026-01-20,76,802504,[30장]데일리샵 레트로 엽서 30p 1세트 인테리어 소품데코 문구 카드 크리스마스,데일리샵,기타,2200,2025-10-14,
1704,1월_집들이 선물,2025-12-30,2026-01-20,77,829469,오가닉바구니 바스켓 매장디피 소품바구니 철제바구니 우드 디피바구니 인테리어 소품 E952,데이오프,수납/바구니,9500,2025-11-14,
1704,1월_집들이 선물,2025-12-30,2026-01-20,78,850691,북도그 핸드타월 수건 손수건 답례 어린이집 선물 231,아띠젠,수건/타월,3500,2025-12-15,
1704,1월_집들이 선물,2025-12-30,2026-01-20,79,835151,입간판 미니 메모홀더 인테리어 소품 명함꽂이 집게 사무실 책상 오브제 소품샵 E976,데이오프,사무용품,1500,2025-11-21,
1704,1월_집들이 선물,2025-12-30,2026-01-20,80,829215,삼색냥 소스볼,링크,그릇/식기,2900,2025-11-14,
1704,1월_집들이 선물,2025-12-30,2026-01-20,81,847157,Animal 핸드타월 수건 손수건 선물 답례 어린이집 소품 H218,아띠젠,수건/타월,3500,2025-12-09,
1704,1월_집들이 선물,2025-12-30,2026-01-20,82,856355,모던 심플 슬림 페달 휴지통 2color,남대문미화,수납/바구니,16000,2025-12-28,
1704,1월_집들이 선물,2025-12-30,2026-01-20,83,794701,패브릭 러블리 미니 블루 리본 트레이 수납 바구니 사이즈 25x30 cm,마이 하비,트레이,8000,2025-09-23,
1704,1월_집들이 선물,2025-12-30,2026-01-20,84,838601,Little PaPer 쉐입 발매트,남대문미화,카페트/러그/발매트,12000,2025-11-26,
1704,1월_집들이 선물,2025-12-30,2026-01-20,85,830680,멍코미니러그,은.(하우스),카페트/러그/발매트,7000,2025-11-17,
1704,1월_집들이 선물,2025-12-30,2026-01-20,86,834063,후라이 베어 나염 이중 거즈 가제 손수건 사이즈 23x24 cm,마이 하비,수건/타월,3000,2025-11-19,
1704,1월_집들이 선물,2025-12-30,2026-01-20,87,640193,10개 티슈케이스,아주라,수납/바구니,96000,2025-02-25,
1704,1월_집들이 선물,2025-12-30,2026-01-20,88,838144,입체 꽃입 플라워 쿠션 무릎 담요 극세사 이불,엘은진,담요/블랭킷,5000,2025-11-26,
1704,1월_집들이 선물,2025-12-30,2026-01-20,89,835275,쥬쥬바구니 바구니 바스켓 장바구니 소품보관 보관함 플라스틱 디피 인테리어 E981,데이오프,수납/바구니,1500,2025-11-21,
1704,1월_집들이 선물,2025-12-30,2026-01-20,90,711758,철제바구니 사각레트로바구니  인테리어 집들이 소품샵 소품바구니 바스켓 basket E533,데이오프,수납/바구니,5000,2025-05-15,
1704,1월_집들이 선물,2025-12-30,2026-01-20,91,716721,킨포크바구니 매장디피 철제바구니 바스켓 메탈바구니 여름 신상 바구니 소품샵 E692,베이비블루 babyblue,수납/바구니,11000,2025-05-23,
1704,1월_집들이 선물,2025-12-30,2026-01-20,92,855391,인테리어 3종 수납함 레드아이그린,아주라,수납/바구니,14500,2025-12-24,
1704,1월_집들이 선물,2025-12-30,2026-01-20,93,672486,(한정세일) 찐핑크 리본바구니 소품 정리 바스켓 1세트10p,옐로맨션,수납/바구니,23000,2025-04-01,
1704,1월_집들이 선물,2025-12-30,2026-01-20,94,834669,푸푸 핸드타월 타올 수건 손수건 선물 답례 인테리어 H259,아띠젠,수건/타월,3500,2025-11-20,
1704,1월_집들이 선물,2025-12-30,2026-01-20,95,660574,피츠바구니 소품바구니 소품샵 미니바구니 디피용바구니 철제바구니 E590,데이오프,수납/바구니,3000,2025-03-19,
1704,1월_집들이 선물,2025-12-30,2026-01-20,96,742761,핑크 지압 거실화,대흥사,수납/바구니,6000,2025-07-25,
1704,1월_집들이 선물,2025-12-30,2026-01-20,97,742334,하늘 연두색 지압 거실화,대흥사,수납/바구니,6000,2025-07-25,
1704,1월_집들이 선물,2025-12-30,2026-01-20,98,742325,패브릭 꽃 플라워 트레이 수납바구니 사이즈 25x25cm,마이 하비,수납/바구니,9000,2025-07-24,
1704,1월_집들이 선물,2025-12-30,2026-01-20,99,833488,체리플라워 홈데코 수납케이스,제이일삼(J13),수납/바구니,13000,2025-11-19,
1704,1월_집들이 선물,2025-12-30,2026-01-20,100,656374,간편 수납 정리 스트랩 밴드 대형 색상랜덤 1P,굿씽컴퍼니,수납/바구니,160,2025-03-14,
1704,1월_집들이 선물,2025-12-30,2026-01-20,101,607715,일본 넥타이걸이,대흥사,수납/바구니,5000,2025-01-24,
1704,1월_집들이 선물,2025-12-30,2026-01-20,102,650445,S10개 L10개 인테리어 바구니 소품,아주라,수납/바구니,117000,2025-03-06,
1704,1월_집들이 선물,2025-12-30,2026-01-20,103,650440,10개 티슈케이스 인테리어소품,아주라,수납/바구니,138000,2025-03-06,
1704,1월_집들이 선물,2025-12-30,2026-01-20,104,757107,서랍장 파티션 만능 칸막이 길이조절 양말 속옷 정리 SIS-328,리더스셀러,수납/바구니,4500,2025-08-18,
1704,1월_집들이 선물,2025-12-30,2026-01-20,105,610646,새 과일 포크,대흥사,수납/바구니,2500,2025-02-02,
1704,1월_집들이 선물,2025-12-30,2026-01-20,106,610644,나뭇잎 과일포크,대흥사,수납/바구니,3500,2025-02-02,
1705,1월_벙거지 모자,2025-12-30,2026-01-16,0,857732,주문폭주 몽비니 벙거지 모자 니트모자 소재고퀄,라익(like),비니/트루퍼,8000,2025-12-31,
1705,1월_벙거지 모자,2025-12-30,2026-01-16,1,857734,엔양털 모자 벙거지 비니,라익(like),비니/트루퍼,10000,2025-12-31,
1705,1월_벙거지 모자,2025-12-30,2026-01-16,2,854770,신상 뽀글이버킷햇 모자 캡,애니원,벙거지/페도라/버킷,5000,2025-12-23,
1705,1월_벙거지 모자,2025-12-30,2026-01-16,3,855014,A-113소프트 앙고라 니트 벙거지 겨울모자(부가세포함입급),블루,벙거지/페도라/버킷,4000,2025-12-23,
1705,1월_벙거지 모자,2025-12-30,2026-01-16,4,855015,A-117뽀글이 양털 버킷햇 겨울 벙거지 모자(부가세포함입금),블루,벙거지/페도라/버킷,4500,2025-12-23,
1705,1월_벙거지 모자,2025-12-30,2026-01-16,5,852017,신상 눈꽃비니 벙거지 모자,라익(like),비니/트루퍼,8000,2025-12-17,
1705,1월_벙거지 모자,2025-12-30,2026-01-16,6,852015,호호비니 벙거지 니트모자 고퀄티,라익(like),비니/트루퍼,8000,2025-12-17,
1705,1월_벙거지 모자,2025-12-30,2026-01-16,7,855009,A-88니트 클로쉐 벙거지 겨울모자(부가세포함입금),블루,벙거지/페도라/버킷,3500,2025-12-23,
1705,1월_벙거지 모자,2025-12-30,2026-01-16,8,855005,A-71투라인 니트 벙거지 겨울모자(부가세포함입금),블루,벙거지/페도라/버킷,4000,2025-12-23,
1705,1월_벙거지 모자,2025-12-30,2026-01-16,9,831796,니트 벙거지 모자 버킷햇 겨울 가을 방한 용품 남녀 공용 아동 꽈베기 아이돌 스키장,위드삐삐마켓,비니/트루퍼,5900,2025-11-17,
1705,1월_벙거지 모자,2025-12-30,2026-01-16,10,831798,페이크퍼 그라데이션 모자 벙거지 양모 양털 보온 방한용품 남녀공용 스키장 눈썰매 데일리,위드삐삐마켓,벙거지/페도라/버킷,7200,2025-11-17,
1705,1월_벙거지 모자,2025-12-30,2026-01-16,11,855003,A-62겨울 니트 스트라이프 벙거지(부가세포함입금),블루,벙거지/페도라/버킷,4000,2025-12-23,
1705,1월_벙거지 모자,2025-12-30,2026-01-16,12,854206,A70-보송 울니트 버킷햇 겨울 포근모자(부가세포함입금),블루,벙거지/페도라/버킷,4000,2025-12-22,
1705,1월_벙거지 모자,2025-12-30,2026-01-16,13,854982,A175-뽀글이 니트 벙거지 모자(부가세포함입금),블루,벙거지/페도라/버킷,4000,2025-12-23,
1705,1월_벙거지 모자,2025-12-30,2026-01-16,14,854976,A120-리본 포인트 뽀글이 버킷햇 겨울모자(부가세포함입금),블루,벙거지/페도라/버킷,5000,2025-12-23,
1705,1월_벙거지 모자,2025-12-30,2026-01-16,15,854799,배색 벙거지 AA,웁스,벙거지/페도라/버킷,8000,2025-12-23,
1705,1월_벙거지 모자,2025-12-30,2026-01-16,16,854204,A110-페어아일 패턴 울니트 버킷햇 겨울 여성 모자(부가세포함입금),블루,벙거지/페도라/버킷,5500,2025-12-22,
1705,1월_벙거지 모자,2025-12-30,2026-01-16,17,854322,A65-배색 니트 버킷햇 겨울 벙거지모자 (부가세포함입금),블루,벙거지/페도라/버킷,4500,2025-12-22,
1705,1월_벙거지 모자,2025-12-30,2026-01-16,18,854211,A174-트위드배색 니트버킷 겨울 데일리모자(부가세포함입금),블루,벙거지/페도라/버킷,5000,2025-12-22,
1705,1월_벙거지 모자,2025-12-30,2026-01-16,19,854302,A111-알파카무드 플라워 버킷햇 울니트 겨울모자(부가세포함입금),블루,벙거지/페도라/버킷,4000,2025-12-22,
1705,1월_벙거지 모자,2025-12-30,2026-01-16,20,854244,A145-헤어리 케이블 니트버킷 겨울 데일리모자(부가세포함입금),블루,벙거지/페도라/버킷,4000,2025-12-22,
1705,1월_벙거지 모자,2025-12-30,2026-01-16,21,854966,A75-스트라이프 니트 벙거지 겨울모자(부가세포함입금),블루,벙거지/페도라/버킷,4000,2025-12-23,
1705,1월_벙거지 모자,2025-12-30,2026-01-16,22,854374,A237-스티치라인 니트 겨울모자(부가세포함입금),블루,벙거지/페도라/버킷,3500,2025-12-22,
1705,1월_벙거지 모자,2025-12-30,2026-01-16,23,847829,퍼포인트 꽃장식 여성 겨울 벙거지 니트 방한모자 중년모자,느와드코코,벙거지/페도라/버킷,4500,2025-12-10,
1705,1월_벙거지 모자,2025-12-30,2026-01-16,24,847044,미미안 울 벙거지 (여성 겨울 신상 둥근 소프트 캐주얼 버킷햇 모자,나이스앨리스,벙거지/페도라/버킷,10000,2025-12-09,
1705,1월_벙거지 모자,2025-12-30,2026-01-16,25,827660,노르딕 빈티지 포근 니트 벙거지 모자 털모자 보온 가을 겨울 여성,엘은진,벙거지/페도라/버킷,2600,2025-11-12,
1705,1월_벙거지 모자,2025-12-30,2026-01-16,26,828634,퍼트리밍 따뜻한 겨울 벙거지모자 여성 보송보송 포근핏,느와드코코,벙거지/페도라/버킷,4500,2025-11-13,
1705,1월_벙거지 모자,2025-12-30,2026-01-16,27,838959,여자 벙거지 버킷햇 얼굴소멸모자 봄여름 작은 페이스 LD-1216,리더스셀러,벙거지/페도라/버킷,4200,2025-11-27,
1705,1월_벙거지 모자,2025-12-30,2026-01-16,28,840587,(A47)리본 포인트 울 버킷햇 여성 겨울 모자(부가세포함입금),블루,벙거지/페도라/버킷,5000,2025-11-28,
1705,1월_벙거지 모자,2025-12-30,2026-01-16,29,840092,모자 챙넓은 산책 소두 버킷햇 얼굴소멸 여성 벙거지 LD-1192,리더스셀러,벙거지/페도라/버킷,6300,2025-11-28,
1705,1월_벙거지 모자,2025-12-30,2026-01-16,30,845883,양면퀼팅벙거지,은.(하우스),벙거지/페도라/버킷,8000,2025-12-08,
1705,1월_벙거지 모자,2025-12-30,2026-01-16,31,807714,[ETC1429] 벙거지울모자,엔유이,벙거지/페도라/버킷,6000,2025-10-22,
1705,1월_벙거지 모자,2025-12-30,2026-01-16,32,806729,클래식 가죽 벙거지 패션 디자인 레더 버킷햇 BM-237,리더스셀러,벙거지/페도라/버킷,6800,2025-10-21,
1705,1월_벙거지 모자,2025-12-30,2026-01-16,33,814379,몽글 스트랩 뽀글이 버킷햇 모자 털모자 보온 가을 겨울 여성 여성 벙거지 방한 모자 히트,엘은진,벙거지/페도라/버킷,6500,2025-10-30,
1705,1월_벙거지 모자,2025-12-30,2026-01-16,34,825530,99프로 울 고급 퍼포인트 말림챙 겨울 클래식 모자,느와드코코,벙거지/페도라/버킷,7500,2025-11-11,
1705,1월_벙거지 모자,2025-12-30,2026-01-16,35,821959,우아한 중년 앙고라 벙거지 따뜻한 여성 겨울 방한모,느와드코코,벙거지/페도라/버킷,5000,2025-11-07,
1705,1월_벙거지 모자,2025-12-30,2026-01-16,36,823430,고급 기모 울혼방 체크 진주꽃 중년 방한 벙거지모자,느와드코코,벙거지/페도라/버킷,5500,2025-11-08,
1705,1월_벙거지 모자,2025-12-30,2026-01-16,37,813476,니트버킷햇,카라(kara),벙거지/페도라/버킷,7000,2025-10-29,
1705,1월_벙거지 모자,2025-12-30,2026-01-16,38,802321,리본니트버킷햇,카라(kara),벙거지/페도라/버킷,8000,2025-10-14,
1705,1월_벙거지 모자,2025-12-30,2026-01-16,39,805423,벙거지 [남대도모자] 모자 비니 두건 여성 가을 겨울,남대도모자,벙거지/페도라/버킷,10000,2025-10-20,
1705,1월_벙거지 모자,2025-12-30,2026-01-16,40,800031,따뜻한 울터치 털챙 뒷리본 버킷햇 데일리룩 겨울모자,느와드코코,벙거지/페도라/버킷,4500,2025-10-10,
1705,1월_벙거지 모자,2025-12-30,2026-01-16,41,819337,밍크 페이크 퍼 여자 겨울 버킷햇 털 벙거지 모자,느와드코코,벙거지/페도라/버킷,4000,2025-11-04,
1705,1월_벙거지 모자,2025-12-30,2026-01-16,42,838195,봄여름가을 사계절 얼굴소멸 휴대용 여자 벙거지 모자 LD-1208,리더스셀러,벙거지/페도라/버킷,7900,2025-11-26,
1705,1월_벙거지 모자,2025-12-30,2026-01-16,43,821651,배색 포인트 울 여성벙거지 겨울모자 방한모 데일리룩,느와드코코,벙거지/페도라/버킷,5500,2025-11-07,
1705,1월_벙거지 모자,2025-12-30,2026-01-16,44,825708,고급 울 벙거지 그라데이션 라인 포인트 업브림 모자,느와드코코,벙거지/페도라/버킷,7500,2025-11-11,
1705,1월_벙거지 모자,2025-12-30,2026-01-16,45,821596,두가지연출 코듀로이 벙거지 여성모자 가죽챙 데일리룩,느와드코코,벙거지/페도라/버킷,4500,2025-11-07,
1705,1월_벙거지 모자,2025-12-30,2026-01-16,46,821451,울혼방 따뜻한 여성 풍성한 털감 뒷리본 버킷햇 모자,느와드코코,벙거지/페도라/버킷,4000,2025-11-06,
1705,1월_벙거지 모자,2025-12-30,2026-01-16,47,821589,겨울 니트 포근한울 플라워 패턴 방한 데일리룩 모자,느와드코코,벙거지/페도라/버킷,4000,2025-11-07,
1705,1월_벙거지 모자,2025-12-30,2026-01-16,48,819348,코지울 클래식 겨울 양모 버킷햇 벙거지 모자,느와드코코,벙거지/페도라/버킷,4500,2025-11-04,
1705,1월_벙거지 모자,2025-12-30,2026-01-16,49,807946,겨울 벙거지 부드럽고 가벼운 포인트 여성 모자 BM-236,리더스셀러,벙거지/페도라/버킷,6800,2025-10-23,
1705,1월_벙거지 모자,2025-12-30,2026-01-16,50,794326,모자 [남대도모자] 벙거지 보넷 여성 가을 겨울 레이스 패딩,남대도모자,벙거지/페도라/버킷,10000,2025-09-23,
1705,1월_벙거지 모자,2025-12-30,2026-01-16,51,808696,페이크퍼 벙거지 데일리 디자인 패션 코디 윈터 모자  BM-235,리더스셀러,벙거지/페도라/버킷,6800,2025-10-23,
1705,1월_벙거지 모자,2025-12-30,2026-01-16,52,802267,자가드니트버킷햇,카라(kara),벙거지/페도라/버킷,8000,2025-10-14,
1705,1월_벙거지 모자,2025-12-30,2026-01-16,53,813345,러블리한 레이스 포인트 윈터 모자 니트 셔링 벙거지 BM-250,리더스셀러,벙거지/페도라/버킷,7000,2025-10-29,
1705,1월_벙거지 모자,2025-12-30,2026-01-16,54,791971,포근 울 블렌드 끈 버킷햇 모자 벙거지 겨울 여성 여자,매니굳즈,벙거지/페도라/버킷,6500,2025-09-18,
1705,1월_벙거지 모자,2025-12-30,2026-01-16,55,800023,톤다운 노르딕 버킷햇 니트 털 방한 패션 벙거지모자,느와드코코,벙거지/페도라/버킷,4000,2025-10-10,
1705,1월_벙거지 모자,2025-12-30,2026-01-16,56,800017,챙와이어 벙거지 울 니트 뜨개 보넷 끈 스트랩 모자,느와드코코,벙거지/페도라/버킷,4500,2025-10-10,
1705,1월_벙거지 모자,2025-12-30,2026-01-16,57,794002,모자 [남대도모자] 울 벙거지 여성 가을 겨울 정장,남대도모자,벙거지/페도라/버킷,14000,2025-09-23,
1705,1월_벙거지 모자,2025-12-30,2026-01-16,58,791961,포근 로맨틱 레이스 벙거지 니트 모자 털모자 보온 가을 겨울 여성,엘은진,벙거지/페도라/버킷,3000,2025-09-18,
1706,1월_새해 행운,2025-12-29,2026-01-20,0,859712,"톰은 갈색 말키링 니트,인형키링 후드니트,말키링",티제이,키링/가방악세사리,2800,2026-01-07,
1706,1월_새해 행운,2025-12-29,2026-01-20,1,859997,병오년 말띠해 복주머니 말키링 행운키링,뉴얼리 newerly,키링/가방악세사리,2000,2026-01-07,
1706,1월_새해 행운,2025-12-29,2026-01-20,2,860333,병오년 펠트 말띠 말키링 키홀더 인형 가방 펜던트,대지꿀꿀집,키링/가방악세사리,8000,2026-01-07,
1706,1월_새해 행운,2025-12-29,2026-01-20,3,861138,2026 붉은 말 후로킹 키링,에브리띵,모바일악세사리,1100,2026-01-08,
1706,1월_새해 행운,2025-12-29,2026-01-20,4,861140,2026??행운 복주머니 붉은 말 키링,에브리띵,모바일악세사리,1500,2026-01-08,
1706,1월_새해 행운,2025-12-29,2026-01-20,5,861366,조랑말과유니콘 젓가락받침,플라이하우스,오브제/장식,1300,2026-01-09,
1706,1월_새해 행운,2025-12-29,2026-01-20,6,862727,말 인형키링 2종,스르르,키링/가방악세사리,3100,2026-01-12,
1706,1월_새해 행운,2025-12-29,2026-01-20,7,859034,복주머니 말 키링,누보,키링/가방악세사리,2500,2026-01-05,
1706,1월_새해 행운,2025-12-29,2026-01-20,8,859025,"[SALE!!마지막수량 세일!!] 신상 입고!!! 2026년 병오년 말키링,팔짱 말 키링",티제이,키링/가방악세사리,1900,2026-01-05,
1706,1월_새해 행운,2025-12-29,2026-01-20,9,857920,핸드폰마개 먼지마개 c핀 8핀 컬러 클로버 네잎클로버 행운 럭키 비비드 DIY 키링 포인트,위드삐삐마켓,기타,900,2026-01-01,
1706,1월_새해 행운,2025-12-29,2026-01-20,10,859651,말 키링,디케이악세사리,키링/가방악세사리,4000,2026-01-07,
1706,1월_새해 행운,2025-12-29,2026-01-20,11,857518,(고리x) 왕거북 거북 호마이카 파츠 아크릴 그립톡 부자재 행운 재물 플라스틱,플라스틱,기타부속재료,350,2025-12-30,
1706,1월_새해 행운,2025-12-29,2026-01-20,12,859062,숏다리 말 키링,누보,키링/가방악세사리,3500,2026-01-05,
1706,1월_새해 행운,2025-12-29,2026-01-20,13,859059,누르면 소리나는 말 키링,누보,키링/가방악세사리,4500,2026-01-05,
1706,1월_새해 행운,2025-12-29,2026-01-20,14,859053,스카프 가죽 말 키링,누보,키링/가방악세사리,4500,2026-01-05,
1706,1월_새해 행운,2025-12-29,2026-01-20,15,859060,토이 말 키링,누보,키링/가방악세사리,5000,2026-01-05,
1706,1월_새해 행운,2025-12-29,2026-01-20,16,782933,액막이 명태 키링,뉴얼리 newerly,오브제/장식,7000,2025-09-10,
1706,1월_새해 행운,2025-12-29,2026-01-20,17,857959,2026 말띠추천 당근말 폰줄 키링 말띠키링,체리잡화점,모바일악세사리,1400,2026-01-01,
1706,1월_새해 행운,2025-12-29,2026-01-20,18,859182,데일리인조가죽 말키링,림스비쥬,키링/가방악세사리,2000,2026-01-06,
1706,1월_새해 행운,2025-12-29,2026-01-20,19,857615,"[made.by.tj] 메리고라운드 말키링 골드하트&실버하트(컬러플말 랜덤믹스),말키링",티제이,키링/가방악세사리,1200,2025-12-30,
1706,1월_새해 행운,2025-12-29,2026-01-20,20,858798,병오년 말띠 말키링 키홀더 인형 가방 펜던트,대지꿀꿀집,키링/가방악세사리,3800,2026-01-05,
1706,1월_새해 행운,2025-12-29,2026-01-20,21,823724,행운 재물 액막이 명태 클로버 미니 키링,뉴얼리 newerly,키링/가방악세사리,1900,2025-11-09,
1706,1월_새해 행운,2025-12-29,2026-01-20,22,854537,"2026년 액막이명태키링,복테리어 키링,종이울릴때마다 복이들어온데요~",티제이,키링/가방악세사리,3800,2025-12-22,
1706,1월_새해 행운,2025-12-29,2026-01-20,23,727290,요정 파츠,헬미네,키링/가방악세사리,250,2025-06-15,
1706,1월_새해 행운,2025-12-29,2026-01-20,24,857246,"2026년 새해엔 달려요~말달리자 키링,말키링",티제이,키링/가방악세사리,3800,2025-12-29,
1706,1월_새해 행운,2025-12-29,2026-01-20,25,857255,2026??행운 복주머니 말 키링,에브리띵,모바일악세사리,1500,2025-12-29,
1706,1월_새해 행운,2025-12-29,2026-01-20,26,808586,글리터 멜론거북이 핸드폰 스트랩 3종,스르르,키링/가방악세사리,1000,2025-10-23,
1706,1월_새해 행운,2025-12-29,2026-01-20,27,792948,따로 또 같이 엄마랑아기 거북이 키링 _ 모녀 거북이인형 키고리,샤빌,키링/가방악세사리,6000,2025-09-20,
1706,1월_새해 행운,2025-12-29,2026-01-20,28,758959,거북이 꼬북이 터틀 동물 행운 폰줄 D링 키링 럭키 소품샵 포인트 가방꾸미기 가방걸이,위드삐삐마켓,키링/가방악세사리,900,2025-08-20,
1706,1월_새해 행운,2025-12-29,2026-01-20,29,808254,럭키포카키링 사진 포토카드 럭키비키 행운템 열쇠고리 키홀더 우정템 백참 KR898,데이오프,키링/가방악세사리,2000,2025-10-23,
1706,1월_새해 행운,2025-12-29,2026-01-20,30,824687,액막이 명태 북어 개업 명주실 키링 행운 럭키 소품샵 가방걸이 수능 취업 부적,위드삐삐마켓,키링/가방악세사리,1500,2025-11-10,
1706,1월_새해 행운,2025-12-29,2026-01-20,31,854019,병오년 행운 복주머니 자석 말인형 키링 말키링,뉴얼리 newerly,키링/가방악세사리,3500,2025-12-21,
1706,1월_새해 행운,2025-12-29,2026-01-20,32,785216,??제주도 귤 거북이 키링 폰고리 열쇠고리,루씨드,키링/가방악세사리,1000,2025-09-12,
1706,1월_새해 행운,2025-12-29,2026-01-20,33,854022,"행운거북 쁘띠인형키링,거북이키링,행운거북",티제이,키링/가방악세사리,1200,2025-12-21,
1706,1월_새해 행운,2025-12-29,2026-01-20,34,850424,자체제작 신년 세뱃돈 용돈 돈 머니 부자 부적 행운 로또 키링 소품샵 열쇠고리 폰줄 판촉,위드삐삐마켓,키링/가방악세사리,1500,2025-12-14,
1706,1월_새해 행운,2025-12-29,2026-01-20,35,852753,"[K085] 4컬러 네잎클로버 클리어 키캡키링,키치,y2k,키보드,행운,클로버",마이데이,키링/가방악세사리,3000,2025-12-17,
1706,1월_새해 행운,2025-12-29,2026-01-20,36,614051,액막이 명태 수세미,더존스푼,청소/세탁용품,5000,2025-02-05,
1706,1월_새해 행운,2025-12-29,2026-01-20,37,796366,네팔양모키링_장수거북이,아이즐,키링/가방악세사리,4500,2025-09-26,
1706,1월_새해 행운,2025-12-29,2026-01-20,38,662343,핑크목마키링 핸드폰줄 핸드폰꾸미기 핸드폰스트랩 가방꾸미기 핸꾸 y2k KR593,베이비블루 babyblue,모바일악세사리,1700,2025-03-20,
1706,1월_새해 행운,2025-12-29,2026-01-20,39,832082,행운 퐁퐁 병아리즈 키링 네잎클로버,감성놀이,키링/가방악세사리,2200,2025-11-18,
1706,1월_새해 행운,2025-12-29,2026-01-20,40,835546,엽전 액막이 명태 복주머니 행운 키링,뉴얼리 newerly,키링/가방악세사리,3000,2025-11-22,
1706,1월_새해 행운,2025-12-29,2026-01-20,41,837248,"[K087] 귀여운 액막이 명태 아크릴 키링,연말,연초,행운키링,부적키링,친구선물,우정템",마이데이,키링/가방악세사리,1200,2025-11-24,
1706,1월_새해 행운,2025-12-29,2026-01-20,42,737703,2026?? 후로킹 핑크 목마 키링,에브리띵,모바일악세사리,1100,2025-07-13,
1706,1월_새해 행운,2025-12-29,2026-01-20,43,852841,FW 조랑말 2026 말띠키링 폰줄 충전단자캡,체리잡화점,키링/가방악세사리,1000,2025-12-18,
1706,1월_새해 행운,2025-12-29,2026-01-20,44,773820,물고기 자수 액막이,손장난,키링/가방악세사리,7000,2025-09-02,
1706,1월_새해 행운,2025-12-29,2026-01-20,45,848427,2026 말띠 목마 말 후로킹 키링 KRHB512A,햇빛,키링/가방악세사리,1500,2025-12-11,
1706,1월_새해 행운,2025-12-29,2026-01-20,46,632834,양가죽 목마키링,챌렉트,키링/가방악세사리,10000,2025-02-19,
1706,1월_새해 행운,2025-12-29,2026-01-20,47,854783,"말, 젖소 후로킹 2종",라온,비즈/아크릴/호마이카 ,800,2025-12-23,
1706,1월_새해 행운,2025-12-29,2026-01-20,48,848113,행운의 종이학 키링 네잎클로버 (제작),감성놀이,키링/가방악세사리,1900,2025-12-10,
1706,1월_새해 행운,2025-12-29,2026-01-20,49,842577,"[카피대응] 주문폭주 사랑과 행운의 네잎클로버 클리어 키캡 키링,클로버키링,키보드키링",마이데이,모바일악세사리,3000,2025-12-02,
1706,1월_새해 행운,2025-12-29,2026-01-20,50,837881,거북이양모키링,제이래빗,키링/가방악세사리,3000,2025-11-25,
1706,1월_새해 행운,2025-12-29,2026-01-20,51,856276,인조가죽 말 참장식 키링,니엘,키링/가방악세사리,2000,2025-12-27,
1706,1월_새해 행운,2025-12-29,2026-01-20,52,793194,실버클로버 미니 참 후로킹 털 거북이 폰줄 키링,달다,모바일악세사리,1400,2025-09-21,
1706,1월_새해 행운,2025-12-29,2026-01-20,53,806885,인기?? 랜덤 거북이키링 행운키링 야광 지퍼백키링,체리잡화점,키링/가방악세사리,1300,2025-10-22,
1706,1월_새해 행운,2025-12-29,2026-01-20,54,830875,행운 클로버 비즈 폰 스트랩 폰줄 키링,젤리젤리,키링/가방악세사리,1100,2025-11-17,
1706,1월_새해 행운,2025-12-29,2026-01-20,55,843769,빅 클리어 비즈 거북이 키링 _ 스팽글 투명 터틀 핸드폰줄 키고리,샤빌,키링/가방악세사리,1000,2025-12-03,
1706,1월_새해 행운,2025-12-29,2026-01-20,56,841924,세일 행운키링 클로버키링 네잎클로버 행운템 핸드폰스트랩 열쇠고리 우정템 커플템 KR330,베이비블루 babyblue,키링/가방악세사리,1400,2025-12-01,
1706,1월_새해 행운,2025-12-29,2026-01-20,57,844073,세일) 클로버참키링 핸드폰스트랩 가방고리 핸드폰고리 클로버 행운템 핸드폰줄 KR491,베이비블루 babyblue,키링/가방악세사리,1300,2025-12-04,
1706,1월_새해 행운,2025-12-29,2026-01-20,58,760800,개당1200 행운 클로버와거북이 지퍼백 키링,더칼라,키링/가방악세사리,1500,2025-08-22,
1706,1월_새해 행운,2025-12-29,2026-01-20,59,832540,사운드클로버 키링 핸드폰줄 핸드폰고리 크로바 우정템 행운템 음표 날개 럭키비키 KR955,데이오프,키링/가방악세사리,1600,2025-11-18,
1706,1월_새해 행운,2025-12-29,2026-01-20,60,837657,세일)보숭이키링 핸드폰줄 핸드폰고리 클로버 크로바 행운템 폼폼 백참 우정템 럭키 KR990,아이즈  Eyes,모바일악세사리,1000,2025-11-25,
1706,1월_새해 행운,2025-12-29,2026-01-20,61,835545,액막이 명태 엽전 복주머니 행운 전통키링,뉴얼리 newerly,키링/가방악세사리,3000,2025-11-22,
1706,1월_새해 행운,2025-12-29,2026-01-20,62,839690,부적 키링 네잎클로버 클로버 행운 럭키 초록 그린 그리너리 국내제작 소품샵 추천 가방걸이,위드삐삐마켓,키링/가방악세사리,1600,2025-11-27,
1706,1월_새해 행운,2025-12-29,2026-01-20,63,786091,연잎 요괴 갓파 거북이 후로킹 키링 열쇠고리 폰고리,루씨드,키링/가방악세사리,1900,2025-09-14,
1706,1월_새해 행운,2025-12-29,2026-01-20,64,809116,클로버리프 키링 클로버 크로바 키홀더 열쇠고리 행운템 백참 소품샵 잡화점 KR903,아이즈  Eyes,키링/가방악세사리,1500,2025-10-24,
1706,1월_새해 행운,2025-12-29,2026-01-20,65,831872,(제작)행운의 당고 클로버 테루테루보즈 키링 스트랩,뿌야마켓,키링/가방악세사리,2500,2025-11-17,
1706,1월_새해 행운,2025-12-29,2026-01-20,66,806051,(제작) 행운 품은 백설 토끼 고양이 키링 폰줄 스트랩,감성놀이,키링/가방악세사리,2700,2025-10-21,
1706,1월_새해 행운,2025-12-29,2026-01-20,67,830294,행운의 크로버 든 강아지 후로킹 키링 _ 네잎크로버 퍼피 핸드폰고리,샤빌,키링/가방악세사리,1200,2025-11-15,
1706,1월_새해 행운,2025-12-29,2026-01-20,68,838357,행운 부엉이 부의 상징 재물 복 선물 키링 핸드폰 가방 악세사리,BROOKLYN nature,키링/가방악세사리,4000,2025-11-26,
1706,1월_새해 행운,2025-12-29,2026-01-20,69,805950,"뽀송한 네잎클로버 키링, 클로버,후로킹,우정템,커플템,수능템,행운의아이템",마이데이,키링/가방악세사리,1000,2025-10-20,
1706,1월_새해 행운,2025-12-29,2026-01-20,70,826760,코튼클로버 키링 핸드폰줄 핸드폰고리 행운템 엔젤 클로버 크로바 우정템 소품샵 KR943,스위니,모바일악세사리,1500,2025-11-12,
1706,1월_새해 행운,2025-12-29,2026-01-20,71,852889,말 大,시그마갤러리,오브제/장식,15000,2025-12-18,
1706,1월_새해 행운,2025-12-29,2026-01-20,72,804386,세일) 트리플클로버키링 열쇠고리 핸드폰줄 행운템 럭키 폰스트랩 럭키템 우정템 KR376,베이비블루 babyblue,키링/가방악세사리,1400,2025-10-17,
1706,1월_새해 행운,2025-12-29,2026-01-20,73,856311,말 키링,디케이악세사리,키링/가방악세사리,2500,2025-12-28,
1706,1월_새해 행운,2025-12-29,2026-01-20,74,850249,조랑말 키링 2종,스르르,키링/가방악세사리,3700,2025-12-14,
1706,1월_새해 행운,2025-12-29,2026-01-20,75,853921,병오년 말인형 말키링 가방키링,뉴얼리 newerly,키링/가방악세사리,4000,2025-12-20,
1706,1월_새해 행운,2025-12-29,2026-01-20,76,848488,말 모빌,시그마갤러리,모빌/월데코,14000,2025-12-11,
1706,1월_새해 행운,2025-12-29,2026-01-20,77,850776,일시품절/ 2026말띠/ 양모 말 키링,라일라,인형꾸미기,6000,2025-12-15,
1706,1월_새해 행운,2025-12-29,2026-01-20,78,852890,말 小,시그마갤러리,오브제/장식,10000,2025-12-18,
1706,1월_새해 행운,2025-12-29,2026-01-20,79,809107,클로버리프 키링 클로버 크로바 키홀더 열쇠고리 행운템 백참 소품샵 잡화점 KR903,데이오프,키링/가방악세사리,1500,2025-10-24,
1706,1월_새해 행운,2025-12-29,2026-01-20,80,849038,제주??2026 후로킹 말 귤 한라봉 키링,에브리띵,모바일악세사리,1700,2025-12-11,
1706,1월_새해 행운,2025-12-29,2026-01-20,81,851351,뽀슬말키링,제이래빗,키링/가방악세사리,3500,2025-12-16,
1706,1월_새해 행운,2025-12-29,2026-01-20,82,846271,( 제작 ) 액막이 명태 키링 폰줄 새해 추석,감성놀이,키링/가방악세사리,2000,2025-12-08,
1706,1월_새해 행운,2025-12-29,2026-01-20,83,853776,"2026년 새해 액막이명태키링,복테리어 키링,명태키링",티제이,키링/가방악세사리,1600,2025-12-19,
1706,1월_새해 행운,2025-12-29,2026-01-20,84,851873,뽀슬말키링,라팡,키링/가방악세사리,3500,2025-12-16,
1706,1월_새해 행운,2025-12-29,2026-01-20,85,855471,미니 말 키링 핸드폰줄 _ 말띠 말모양 디고리,샤빌,키링/가방악세사리,600,2025-12-24,
1706,1월_새해 행운,2025-12-29,2026-01-20,86,842720,소리나는 말 인형 가방고리 인형 키링,탑인터내셔날,기타,4000,2025-12-02,
1706,1월_새해 행운,2025-12-29,2026-01-20,87,852794,"[SALE!!] 2026년 말띠해 천둥이 키링,말키링",티제이,키링/가방악세사리,2400,2025-12-17,
1706,1월_새해 행운,2025-12-29,2026-01-20,88,856299,미니 복주머니 키링 _ 신년 새해 복조리 키고리 핸드폰고리,샤빌,키링/가방악세사리,600,2025-12-27,
1706,1월_새해 행운,2025-12-29,2026-01-20,89,773822,액막이 선물,손장난,키링/가방악세사리,7000,2025-09-02,
1706,1월_새해 행운,2025-12-29,2026-01-20,90,773821,병어모양 액막이 키링,손장난,키링/가방악세사리,6000,2025-09-02,
1706,1월_새해 행운,2025-12-29,2026-01-20,91,833726,복주머니 액막이 명태키링 클로버 행운 풍수 부적키링,뉴얼리 newerly,키링/가방악세사리,2500,2025-11-19,
1706,1월_새해 행운,2025-12-29,2026-01-20,92,696603,회전목마 반지 케이스 1종,스르르,기타,2800,2025-04-23,
1706,1월_새해 행운,2025-12-29,2026-01-20,93,852023,비즈 말 키링,팡팡J,키링/가방악세사리,8000,2025-12-17,
1706,1월_새해 행운,2025-12-29,2026-01-20,94,848285,2026??행운 복 말 키링,에브리띵,모바일악세사리,800,2025-12-10,
1706,1월_새해 행운,2025-12-29,2026-01-20,95,848629,2026 말띠 포동 말 후로킹 키링 KRHB512B,햇빛,키링/가방악세사리,1500,2025-12-11,
1707,1월_빈티지 숄더백,2025-12-30,2026-01-16,0,857316,신상 2647 숄더백 크로스백 토드백 백팩 슈즈 신발벨트가방 모자양말삭스,애니원,숄더백/토트백,12000,2025-12-30,
1707,1월_빈티지 숄더백,2025-12-30,2026-01-16,1,849517,신상 3254 숄더백 크로스백 토드백 백팩 모자 삭스 가방 신발 슈즈,어썸,숄더백/토트백,14000,2025-12-12,
1707,1월_빈티지 숄더백,2025-12-30,2026-01-16,2,840011,메테 숄더백,록시,숄더백/토트백,22000,2025-11-28,
1707,1월_빈티지 숄더백,2025-12-30,2026-01-16,3,849524,신상 3250 숄더백 크로스백 토드백 백팩 모자 삭스 가방 신발 슈즈,어썸,숄더백/토트백,16000,2025-12-12,
1707,1월_빈티지 숄더백,2025-12-30,2026-01-16,4,847372,"신상)4014베이식숄더백_가방,에코백,보부상,빅백,스트릿,파우치",메바,숄더백/토트백,13000,2025-12-10,
1707,1월_빈티지 숄더백,2025-12-30,2026-01-16,5,850517,플라워 펀칭 타공 스웨이드 파우치포함 호보백 숄더백 [BA-2296 라우드],라모드,숄더백/토트백,28000,2025-12-15,
1707,1월_빈티지 숄더백,2025-12-30,2026-01-16,6,837942,(호보백 숄더백 링 스트랩 데일리 심플 베이직 미니멀)ab1821U,엘티이,숄더백/토트백,14000,2025-11-26,
1707,1월_빈티지 숄더백,2025-12-30,2026-01-16,7,850186,"양가죽 로우 파크백(이너백,숄더백,가죽가방,레더백,버킷백,데일리)",썸머맨션,숄더백/토트백,49000,2025-12-13,
1707,1월_빈티지 숄더백,2025-12-30,2026-01-16,8,846972,(빈티지 레더 숄더백 토트백 쇼퍼백 미니멀 데일리 미니멀룩)ab1823U,엘티이,숄더백/토트백,14000,2025-12-09,
1707,1월_빈티지 숄더백,2025-12-30,2026-01-16,9,838726,라인 숄더백,록시,숄더백/토트백,19000,2025-11-27,
1707,1월_빈티지 숄더백,2025-12-30,2026-01-16,10,840012,피어 숄더백,록시,숄더백/토트백,22000,2025-11-28,
1707,1월_빈티지 숄더백,2025-12-30,2026-01-16,11,818240,(SALE) 겨울 누빔 가방 보온 가방 숄더백 포켓 부자 산책 마실 가방 10433,롱롱,숄더백/토트백,6000,2025-11-04,
1707,1월_빈티지 숄더백,2025-12-30,2026-01-16,12,818336,(SALE) 스트링 경량 보부상 숄더백 10432,앤트,숄더백/토트백,6000,2025-11-04,
1707,1월_빈티지 숄더백,2025-12-30,2026-01-16,13,855569,신상 3233 숄더백 크로스백 토드백 백팩 모자 삭스 가방 신발 슈즈,어썸,숄더백/토트백,11000,2025-12-24,
1707,1월_빈티지 숄더백,2025-12-30,2026-01-16,14,855570,신상 3230 숄더백 크로스백 토드백 백팩 모자 삭스 가방 신발 슈즈,어썸,숄더백/토트백,15000,2025-12-24,
1707,1월_빈티지 숄더백,2025-12-30,2026-01-16,15,855573,신상 3227 숄더백 크로스백 토드백 백팩 모자 삭스 가방 신발 슈즈,어썸,숄더백/토트백,14000,2025-12-24,
1707,1월_빈티지 숄더백,2025-12-30,2026-01-16,16,856501,3215 숄더백 크로스백 토드백 백팩 모자 삭스 가방 신발 슈즈,어썸,숄더백/토트백,16000,2025-12-29,
1707,1월_빈티지 숄더백,2025-12-30,2026-01-16,17,790310,(숄더백 호보백 빅백 유광 빈티지 베이직 한정수량 SALE)ab1789,엘티이,크로스/메신저백,8000,2025-09-18,
1707,1월_빈티지 숄더백,2025-12-30,2026-01-16,18,757350,빈티지스티치크로스,요즈메,크로스/메신저백,13000,2025-08-19,
1707,1월_빈티지 숄더백,2025-12-30,2026-01-16,19,672656,"신상)3951스트릿호보백_y2k,가방,크로스백,빈티지,지퍼,데일리",메바,크로스/메신저백,12000,2025-04-02,
1707,1월_빈티지 숄더백,2025-12-30,2026-01-16,20,705129,빈티지벨트,모노,숄더백/토트백,19000,2025-05-04,
1707,1월_빈티지 숄더백,2025-12-30,2026-01-16,21,854805,3196 숄더백 AA,웁스,숄더백/토트백,15000,2025-12-23,
1707,1월_빈티지 숄더백,2025-12-30,2026-01-16,22,854803,3199 숄더백 AA,웁스,숄더백/토트백,12000,2025-12-23,
1707,1월_빈티지 숄더백,2025-12-30,2026-01-16,23,837928,(호보백 숄더백 크로스백 아일렛 스트랩 루즈핏 보부상 가방)ab1817,엘티이,숄더백/토트백,13000,2025-11-26,
1707,1월_빈티지 숄더백,2025-12-30,2026-01-16,24,815069,네추럴한 쉐입의 가벼운 숄더백 (2color) 126,마리아트,숄더백/토트백,10000,2025-10-31,
1707,1월_빈티지 숄더백,2025-12-30,2026-01-16,25,835946,비버 숄더백,록시,숄더백/토트백,20000,2025-11-22,
1707,1월_빈티지 숄더백,2025-12-30,2026-01-16,26,824022,샤이닝 앞포켓 데일리 숄더백 10421,앤트,숄더백/토트백,15000,2025-11-10,
1707,1월_빈티지 숄더백,2025-12-30,2026-01-16,27,851230,스터드 레더 호보백 숄더백 10458,앤트,숄더백/토트백,10000,2025-12-16,
1707,1월_빈티지 숄더백,2025-12-30,2026-01-16,28,851108,크로스 스터드 찡 포인트 숄더백 고급 레더 3color 10458,롱롱,숄더백/토트백,10000,2025-12-16,
1707,1월_빈티지 숄더백,2025-12-30,2026-01-16,29,748451,라운드버킷백)가을신상 스웨이드 데일리백 빈티지 숄더백,DDM82,숄더백/토트백,10000,2025-08-08,
1707,1월_빈티지 숄더백,2025-12-30,2026-01-16,30,721806,멀티포켓빈티지_(Y2K 보부상 숄더백 크로스백 빈티지,모노,숄더백/토트백,22000,2025-06-03,
1707,1월_빈티지 숄더백,2025-12-30,2026-01-16,31,850531,3232 숄더백 크로스백 토드백 백팩 모자 삭스 가방 신발 슈즈,어썸,숄더백/토트백,16000,2025-12-15,
1707,1월_빈티지 숄더백,2025-12-30,2026-01-16,32,850537,신상 3245 숄더백 크로스백 토드백 백팩 모자 삭스 가방 신발 슈즈,어썸,숄더백/토트백,11000,2025-12-15,
1707,1월_빈티지 숄더백,2025-12-30,2026-01-16,33,848340,퀼팅 패딩 쇼퍼백 데일리 겨울 숄더 크로스백 [BA-2236 스주],라모드,숄더백/토트백,22000,2025-12-11,
1707,1월_빈티지 숄더백,2025-12-30,2026-01-16,34,670619,y2k 감성 빈티지 레더 벨트 트렌디 숄더백 10299,앤트,숄더백/토트백,9000,2025-03-31,
1707,1월_빈티지 숄더백,2025-12-30,2026-01-16,35,705144,빅빈티지레더숄더,모노,숄더백/토트백,22000,2025-05-04,
1707,1월_빈티지 숄더백,2025-12-30,2026-01-16,36,649950,510빈티지멀티백2,핏보우,크로스/메신저백,19000,2025-03-06,
1707,1월_빈티지 숄더백,2025-12-30,2026-01-16,37,825394,"DB330(신상,가방,보부상,학생가방,크로스,숄더,아일렛,겨울,노트북가방,숄더백)",꿀딴지,숄더백/토트백,13000,2025-11-11,
1707,1월_빈티지 숄더백,2025-12-30,2026-01-16,38,852861,3243 AA,웁스,숄더백/토트백,18000,2025-12-18,
1707,1월_빈티지 숄더백,2025-12-30,2026-01-16,39,657519,빈티지가죽숄더크로스,요즈메,크로스/메신저백,39000,2025-03-16,
1707,1월_빈티지 숄더백,2025-12-30,2026-01-16,40,854243,빈티지 보부상 숄더백 10461,앤트,숄더백/토트백,13000,2025-12-22,
1707,1월_빈티지 숄더백,2025-12-30,2026-01-16,41,847064,"DB334(신상,가방,숄더,스터드,찡,Y2K,보부상,셔링,키링포함,여행,키링,겨울,숄더백)",꿀딴지,숄더백/토트백,15000,2025-12-09,
1707,1월_빈티지 숄더백,2025-12-30,2026-01-16,42,851422,신상 3244 숄더백 크로스백 토드백 백팩 모자 삭스 가방 신발 슈즈,어썸,숄더백/토트백,13000,2025-12-16,
1707,1월_빈티지 숄더백,2025-12-30,2026-01-16,43,852867,3241 숄더백 AA,웁스,숄더백/토트백,14000,2025-12-18,
1707,1월_빈티지 숄더백,2025-12-30,2026-01-16,44,851958,2618레이백,라익(like),숄더백/토트백,12000,2025-12-17,
1707,1월_빈티지 숄더백,2025-12-30,2026-01-16,45,854093,버클 스트랩 오피스 숄더백 키링 별도 3color 파우치 세트10457,롱롱,숄더백/토트백,15000,2025-12-22,
1707,1월_빈티지 숄더백,2025-12-30,2026-01-16,46,850520,신상 3252 숄더백 크로스백 토드백 백팩 모자 삭스 가방 신발 슈즈,어썸,숄더백/토트백,14000,2025-12-15,
1707,1월_빈티지 숄더백,2025-12-30,2026-01-16,47,671938,"(무드벨트 토트백, 숄더백 스터드 장식 한정수량 SALE)ab1702",엘티이,숄더백/토트백,5000,2025-04-01,
1707,1월_빈티지 숄더백,2025-12-30,2026-01-16,48,853485,펀칭 레더 포켓 사이드 벨티드 숄더백 3color 10446,롱롱,숄더백/토트백,15000,2025-12-19,
1707,1월_빈티지 숄더백,2025-12-30,2026-01-16,49,854100,(SALE) 스퀘어 보스턴 숄더백 키링 별도 3COLOR 맥시멀 빅백 10452,롱롱,숄더백/토트백,6000,2025-12-22,
1707,1월_빈티지 숄더백,2025-12-30,2026-01-16,50,846633,(SALE) 스퀘어 데일리 숄더백 10449,앤트,숄더백/토트백,8000,2025-12-08,
1707,1월_빈티지 숄더백,2025-12-30,2026-01-16,51,855986,신상 2668양면 숄더백 크로스백 토드백 백팩 신발벨트가방 모자양말 삭스,애니원,숄더백/토트백,17000,2025-12-26,
1707,1월_빈티지 숄더백,2025-12-30,2026-01-16,52,853562,펀칭 벨티드 숄더백 10456,앤트,숄더백/토트백,16000,2025-12-19,
1707,1월_빈티지 숄더백,2025-12-30,2026-01-16,53,854248,심플 데일리 숄더백 10462,앤트,숄더백/토트백,13000,2025-12-22,
1718,1월_기모 바지,2026-01-14,2026-02-04,0,865236,기모자수십부데님-스판청바지 10부청바지 9부청바지,드메이,데님팬츠,42000,2026-01-14,
1718,1월_기모 바지,2026-01-14,2026-02-04,1,865235,기모생지와이드데님-스판청바지 롱청바지,드메이,데님팬츠,40000,2026-01-14,
1718,1월_기모 바지,2026-01-14,2026-02-04,2,863025,하이롱 레이스 라인 기모 밴딩 스트링 와이드 팬츠,엔무브,하의,16000,2026-01-12,
1718,1월_기모 바지,2026-01-14,2026-02-04,3,862934,기모 사이드 절개 핀턱 와이드 팬츠 겨울용 밴딩 스트링 롱기장,오르트,하의,15000,2026-01-12,
1718,1월_기모 바지,2026-01-14,2026-02-04,4,862900,기모 나일론 사이드지퍼 카고 벌룬 와이드팬츠 스트링 빅사이즈,이지바이브,하의,38000,2026-01-12,
1718,1월_기모 바지,2026-01-14,2026-02-04,5,862899,기모나일론 사이드지퍼 카고 벌룬 와이드팬츠 스트링 빅사이즈,이지바이브,트레이닝/조거팬츠,38000,2026-01-12,
1718,1월_기모 바지,2026-01-14,2026-02-04,6,862751,양기모 스웨트 팬츠 절개 와이드핏 스트링 밴딩 남녀공용,로프,하의,22000,2026-01-12,
1718,1월_기모 바지,2026-01-14,2026-02-04,7,862731,골덴 기모 포켓 와이드 팬츠,트왈렛,코튼팬츠,25000,2026-01-12,
1718,1월_기모 바지,2026-01-14,2026-02-04,8,862598,하이롱 레이스 팬츠 기모 스트링 밴딩 융 소재,엔무브,코튼팬츠,16000,2026-01-12,
1718,1월_기모 바지,2026-01-14,2026-02-04,9,862597,하이롱 레이스 라인 기모 밴딩 스트링 와이드 팬츠,엔무브,코튼팬츠,16000,2026-01-12,
1718,1월_기모 바지,2026-01-14,2026-02-04,10,862595,기모 피그먼트 절개 와이드 밴딩 스트링 팬츠 융안감 커브드 벌룬핏,엔무브,코튼팬츠,22000,2026-01-12,
1718,1월_기모 바지,2026-01-14,2026-02-04,11,862594,기모 그레이지 벌룬팬츠 빈티지 피그먼트 워싱 커브드 와이드핏 빅사이즈 추리닝 팬츠,엔무브,코튼팬츠,22000,2026-01-12,
1718,1월_기모 바지,2026-01-14,2026-02-04,13,851983,양기모)델조거바지 (델맨투맨과 셋업가능),삼오칠구 (3579),코튼팬츠,20000,2025-12-17,
1718,1월_기모 바지,2026-01-14,2026-02-04,14,855877,JW106와이드기모팬츠,더클리닝,코튼팬츠,6000,2025-12-26,
1718,1월_기모 바지,2026-01-14,2026-02-04,16,862005,펌킨 양기모 PT,32일(32DAY),코튼팬츠,19000,2026-01-12,
1718,1월_기모 바지,2026-01-14,2026-02-04,18,854125,레이어드 스커트 팬츠 플레어 치마바지 겨울신상 기모,부키네,코튼팬츠,29000,2025-12-22,
1718,1월_기모 바지,2026-01-14,2026-02-04,19,851982,밍크기모PT,위크플랜,코튼팬츠,22000,2025-12-17,
1718,1월_기모 바지,2026-01-14,2026-02-04,21,849095,"벨로아스트링조거PT(양기모,융털,투웨이조거 벨벳)고퀄리티 털빠짐x국내방",메이비앤코,코튼팬츠,23000,2025-12-12,
1718,1월_기모 바지,2026-01-14,2026-02-04,22,850483,밍크기모와이드 밍크털 융 기모 포근 따듯한 국내산 와이드 바지,신상마켓,데님팬츠,10000,2025-12-15,
1718,1월_기모 바지,2026-01-14,2026-02-04,23,847396,디디 기모 랩스커트 조거팬츠 셋업,벨리노(Bellino),코튼팬츠,19000,2025-12-10,
1718,1월_기모 바지,2026-01-14,2026-02-04,24,848766,쎄리느 양기모 워싱 데님 청바지 53330,스코프,데님팬츠,15000,2025-12-11,
1718,1월_기모 바지,2026-01-14,2026-02-04,25,846946,기모슬랙스팬츠)겨울 털바지 빅사이즈슬랙스바지,이찌(ITZZI),수트/슬랙스,11000,2025-12-09,
1718,1월_기모 바지,2026-01-14,2026-02-04,26,846958,아비 플리스 기모 팬츠,벨리노(Bellino),코튼팬츠,20000,2025-12-09,
1718,1월_기모 바지,2026-01-14,2026-02-04,27,846985,기모테리팬츠)겨울 기모바지 빅사이즈 태리바지트레이닝팬츠,이찌(ITZZI),코튼팬츠,15000,2025-12-09,
1718,1월_기모 바지,2026-01-14,2026-02-04,28,849064,프롤PT ( 세일 기모 밴딩바지 유니섹스 트레이닝 공용 ),럭키,코튼팬츠,9000,2025-12-12,
1718,1월_기모 바지,2026-01-14,2026-02-04,29,847615,비슈 기모 데일리 밴딩 팬츠,벨리노(Bellino),코튼팬츠,21000,2025-12-10,
1718,1월_기모 바지,2026-01-14,2026-02-04,30,842328,웜팬츠(양기모),인바이블,코튼팬츠,26000,2025-12-02,
1718,1월_기모 바지,2026-01-14,2026-02-04,31,836478,기모슬랙스팬츠)겨울 털바지 빅사이즈슬랙스바지,이찌(ITZZI),수트/슬랙스,10000,2025-11-24,
1718,1월_기모 바지,2026-01-14,2026-02-04,32,834834,기모포근골지PT) 겨울신상 골덴 속기모 팬츠 코듀로이 스판 속기모 바,세종,코튼팬츠,7000,2025-11-20,
1718,1월_기모 바지,2026-01-14,2026-02-04,33,841423,마키 기모 니트 팬츠 랩스커트 셋업,벨리노(Bellino),코튼팬츠,18000,2025-11-30,
1718,1월_기모 바지,2026-01-14,2026-02-04,34,840522,[웜터치 데일리무드] 포근 기모안감 와이드 데님 팬츠,위온,데님팬츠,33800,2025-11-28,
1718,1월_기모 바지,2026-01-14,2026-02-04,35,840010,겨울신상 코지융기모와이드,배추,코튼팬츠,7000,2025-11-28,
1718,1월_기모 바지,2026-01-14,2026-02-04,36,837972,골덴바지 4colors 코듀로이 밴딩팬츠 포근핏 와이드팬츠 기모,톡샵,코튼팬츠,21000,2025-11-26,
1718,1월_기모 바지,2026-01-14,2026-02-04,37,833316,시슬리 뒤트임 기모 팬츠,에스라,수트/슬랙스,24000,2025-11-19,
1718,1월_기모 바지,2026-01-14,2026-02-04,38,833018,스카치 기모니트팬츠,모노포,코튼팬츠,25000,2025-11-18,
1718,1월_기모 바지,2026-01-14,2026-02-04,39,834833,기모포근골지PT) 겨울신상 속기모 스판 통 팬츠 올밴딩 기모 바지,바이지오,코튼팬츠,7000,2025-11-20,
1718,1월_기모 바지,2026-01-14,2026-02-04,40,796924,코지양기모팬츠(겨울신상 도톰 기모 조거 밴딩 오버핏 벌룬 와이드 3단쭈리),플랫유,코튼팬츠,20000,2025-09-29,
1718,1월_기모 바지,2026-01-14,2026-02-04,41,796920,벤지기모벌룬팬츠(겨울신상 기모안감 스토퍼 고밀도 와이드 스트링 끈 버튼),플랫유,코튼팬츠,27000,2025-09-29,
1718,1월_기모 바지,2026-01-14,2026-02-04,42,792177,스트링핀턱pt(기모),더별,코튼팬츠,15000,2025-09-19,
1718,1월_기모 바지,2026-01-14,2026-02-04,43,758219,여자 융털 보온 와이드팬츠 밍크 안감 기모통바지 SIS-239,리더스셀러,코튼팬츠,12000,2025-08-19,
1718,1월_기모 바지,2026-01-14,2026-02-04,44,638152,"트리거팬츠_겨울슬랙스,기모슬랙스,와이드슬랙스,기모바지",리베르,수트/슬랙스,19000,2025-02-25,
1718,1월_기모 바지,2026-01-14,2026-02-04,45,613494,신상)벨로아스트링조거(양기모 조거 융털바지 pt),메이비앤코,코튼팬츠,23000,2025-02-05,
1718,1월_기모 바지,2026-01-14,2026-02-04,46,624887,벌룬 핀턱 팬츠 (봄 와이드 다트 공용 기모선택가능),하멜,코튼팬츠,24000,2025-02-12,
1718,1월_기모 바지,2026-01-14,2026-02-04,47,519038,왕치마 와이드밴딩기모 바지,가쉽,코튼팬츠,13000,2024-10-14,
1718,1월_기모 바지,2026-01-14,2026-02-04,48,833337,골덴 코듀로이 세미 기모 팬츠,에스라,코튼팬츠,23000,2025-11-19,
1718,1월_기모 바지,2026-01-14,2026-02-04,49,833640,원터 피치기모 플레어 팬츠 889,엠블루,데님팬츠,22000,2025-11-19,
1718,1월_기모 바지,2026-01-14,2026-02-04,50,833318,헤링본 일자 밴딩 기모 팬츠,에스라,수트/슬랙스,22000,2025-11-19,
1718,1월_기모 바지,2026-01-14,2026-02-04,51,831542,아델스트랩기모카고팬츠,#루트,코튼팬츠,25000,2025-11-17,
1718,1월_기모 바지,2026-01-14,2026-02-04,52,827765,아워 기모 팬츠,로웰,코튼팬츠,26000,2025-11-13,
1718,1월_기모 바지,2026-01-14,2026-02-04,53,823999,3321블랙 기모신상 부츠컷 팬츠,리미티드,데님팬츠,22000,2025-11-10,
1718,1월_기모 바지,2026-01-14,2026-02-04,54,823956,루시PT ( 세일 체크 기모 밴딩바지 겨울 ),럭키,코튼팬츠,11000,2025-11-10,
1718,1월_기모 바지,2026-01-14,2026-02-04,55,816954,기모카고PT,위크플랜,코튼팬츠,27000,2025-11-03,
1718,1월_기모 바지,2026-01-14,2026-02-04,56,811311,25겨울 2383  올블랙 기모 데끼 부츠컷,스텝(STEP),데님팬츠,21000,2025-10-28,
1718,1월_기모 바지,2026-01-14,2026-02-04,57,810890,미니멀퍼니트팬츠(겨울신상 고퀄 퍼안감 융기모 도톰 숏팬츠 밴딩 헤어리),플랫유,코튼팬츠,14000,2025-10-27,
1718,1월_기모 바지,2026-01-14,2026-02-04,58,811309,25겨울 2612  해비기모  커브 부츠컷,스텝(STEP),데님팬츠,25000,2025-10-28,
1718,1월_기모 바지,2026-01-14,2026-02-04,59,820475,겨울 기모 슬랙스 모직 팬츠 도톰 스판 바지 2장이상 ( RE 43 ),럭키,수트/슬랙스,5000,2025-11-06,
1718,1월_기모 바지,2026-01-14,2026-02-04,60,808828,"양기모 팬츠 (검 회 백) 허리 안쪽에 스트링, 밑단 스트링 있어요",더플렉스,코튼팬츠,15000,2025-10-24,
1718,1월_기모 바지,2026-01-14,2026-02-04,61,821515,기모랩끈SL,카바나,수트/슬랙스,23000,2025-11-07,
1718,1월_기모 바지,2026-01-14,2026-02-04,62,827711,스트링 기모 팬츠,라비제이(Lavi-J),코튼팬츠,28000,2025-11-13,
1718,1월_기모 바지,2026-01-14,2026-02-04,63,806799,"(겨울신상)벨로아스트링조거PT (양기모, 투웨이, 융털안감 털빠짐없어요,고퀄리티)",메이비앤코,코튼팬츠,23000,2025-10-22,
1718,1월_기모 바지,2026-01-14,2026-02-04,64,807534,기모밴딩pt,초코파이,수트/슬랙스,11000,2025-10-22,
1718,1월_기모 바지,2026-01-14,2026-02-04,65,821553,소프트잔골기모PT) 겨울신상 기모바지 트레이닝 속기모 와이드팬츠,세종,코튼팬츠,8000,2025-11-07,
1718,1월_기모 바지,2026-01-14,2026-02-04,66,825400,칸트PT ( 세일 기모 밴딩바지 와이드 체크 ),럭키,코튼팬츠,7000,2025-11-11,
1718,1월_기모 바지,2026-01-14,2026-02-04,67,825398,기모버클sl 겨울슬렉스,카바나,수트/슬랙스,24000,2025-11-11,
1718,1월_기모 바지,2026-01-14,2026-02-04,68,800980,"보아니트와이드팬츠-속기모,융,겨울긴바지,도톰,간절기,융,밴딩,루즈핏,일자",데일르,코튼팬츠,18000,2025-10-13,
1718,1월_기모 바지,2026-01-14,2026-02-04,69,808790,25FW-따순이PT (키작녀 데일리바지 밴딩 팬츠 조거 피치 양기모 바지 와이드 스트링),샷건,코튼팬츠,19000,2025-10-23,
1718,1월_기모 바지,2026-01-14,2026-02-04,70,812812,블루머기모통바지,더클리닝,코튼팬츠,12000,2025-10-29,
1718,1월_기모 바지,2026-01-14,2026-02-04,71,799812,핀턱와이드팬츠(기모),더별,코튼팬츠,10000,2025-10-10,
1718,1월_기모 바지,2026-01-14,2026-02-04,72,810886,니트융기모팬츠(겨울신상 도톰 골지 기모 안감 와이드 밴딩 루즈 베이직),플랫유,코튼팬츠,19000,2025-10-27,
1718,1월_기모 바지,2026-01-14,2026-02-04,73,803176,[기모][포멀&데일리/와이드핏] 하이웨스트 모던 와이드 슬랙스 팬츠,위온,수트/슬랙스,33000,2025-10-15,
1718,1월_기모 바지,2026-01-14,2026-02-04,74,796926,덤블투웨이팬츠(겨울신상 기모안감 밴딩 스트링 조거 와이드 양털 뽀글이 푸들),플랫유,코튼팬츠,19000,2025-09-29,
1718,1월_기모 바지,2026-01-14,2026-02-04,75,803140,[기모][클래식&데일리/와이드핏] 하이웨스트 클래식 와이드 슬랙스 팬츠,위온,수트/슬랙스,34000,2025-10-15,
1718,1월_기모 바지,2026-01-14,2026-02-04,76,798942,레이스배색팬츠(기모),더별,코튼팬츠,13000,2025-10-02,
1718,1월_기모 바지,2026-01-14,2026-02-04,77,799214,허리밴딩 여성 바지 안감 기모 가득 겨 팬츠 RSIS-239,리더스셀러,코튼팬츠,12000,2025-10-02,
1718,1월_기모 바지,2026-01-14,2026-02-04,78,803199,[클래식&윈터/와이드핏] 하이웨스트 울 기모 와이드 7부 팬츠,위온,수트/슬랙스,28000,2025-10-15,
1718,1월_기모 바지,2026-01-14,2026-02-04,79,813841,기모 신상 롱 카고 와이드 팬츠,리미티드,데님팬츠,23000,2025-10-30,
1718,1월_기모 바지,2026-01-14,2026-02-04,80,801710,위너 기모 투웨이팬츠,로웰,코튼팬츠,25000,2025-10-14,
1718,1월_기모 바지,2026-01-14,2026-02-04,81,824003,3336 기모신상 와이드 팬츠(융기모),리미티드,데님팬츠,25000,2025-11-10,
1719,1월_정품 캐릭터 키링,2026-01-14,2026-02-05,0,825797,볼빵빵고리 13센티,키티상사,키링/가방악세사리,4600,2025-11-11,
1719,1월_정품 캐릭터 키링,2026-01-14,2026-02-05,1,787788,꿀잠 8센티인형가방고리,키티상사,키링/가방악세사리,4300,2025-09-16,
1719,1월_정품 캐릭터 키링,2026-01-14,2026-02-05,2,825803,마시야옹이고리,키티상사,키링/가방악세사리,4300,2025-11-11,
1719,1월_정품 캐릭터 키링,2026-01-14,2026-02-05,3,804099,초코과자2가방고리8센티,키티상사,키링/가방악세사리,4000,2025-10-17,
1719,1월_정품 캐릭터 키링,2026-01-14,2026-02-05,4,825783,골드하트가방고리 8센티,키티상사,키링/가방악세사리,3900,2025-11-11,
1719,1월_정품 캐릭터 키링,2026-01-14,2026-02-05,5,821400,한교동40주년가방고리8센티,키티상사,키링/가방악세사리,4500,2025-11-06,
1719,1월_정품 캐릭터 키링,2026-01-14,2026-02-05,6,813804,핑구핑가프렌즈 고리,키티상사,키링/가방악세사리,4300,2025-10-30,
1719,1월_정품 캐릭터 키링,2026-01-14,2026-02-05,7,811276,핑구보따리중형,키티상사,완구/인형,10500,2025-10-28,
1719,1월_정품 캐릭터 키링,2026-01-14,2026-02-05,8,806031,인어가방고리,키티상사,키링/가방악세사리,4200,2025-10-21,
1719,1월_정품 캐릭터 키링,2026-01-14,2026-02-05,9,787784,한교동8센티칼라가방고리,키티상사,키링/가방악세사리,3900,2025-09-16,
1719,1월_정품 캐릭터 키링,2026-01-14,2026-02-05,10,857290,트리플하트중형,키티상사,완구/인형,10500,2025-12-30,
1719,1월_정품 캐릭터 키링,2026-01-14,2026-02-05,11,859223,라떼베어코스튬중형,키티상사,(아동)패션소품,10700,2026-01-06,
1719,1월_정품 캐릭터 키링,2026-01-14,2026-02-05,12,832055,키티패턴가방고리8센티,키티상사,키링/가방악세사리,4200,2025-11-18,
1719,1월_정품 캐릭터 키링,2026-01-14,2026-02-05,13,861493,정품 아이네꼬 앉아잇는 인형키링 가방악세사리 6000원,딱풀이,키링/가방악세사리,6000,2026-01-09,
1719,1월_정품 캐릭터 키링,2026-01-14,2026-02-05,14,861492,정품 아이네꼬 인형 키링 가방악세사리 5300원,딱풀이,키링/가방악세사리,5300,2026-01-09,
1719,1월_정품 캐릭터 키링,2026-01-14,2026-02-05,15,863522,산리오 정품 네컷사진 키링,캐릭터월드,키링/가방악세사리,6000,2026-01-13,
1719,1월_정품 캐릭터 키링,2026-01-14,2026-02-05,16,863526,산리오 정품 미피베낭 목걸이 탈부착 파우치 키링,캐릭터월드,지갑,9000,2026-01-13,
1719,1월_정품 캐릭터 키링,2026-01-14,2026-02-05,17,859370,생일케잌가방고리8센티,키티상사,(아동)패션소품,3800,2026-01-06,
1719,1월_정품 캐릭터 키링,2026-01-14,2026-02-05,18,861256,생일 케잌 가방고리 13센티,키티상사,키링/가방악세사리,4800,2026-01-09,
1719,1월_정품 캐릭터 키링,2026-01-14,2026-02-05,19,861622,[정품] 핑크콩 메모지 키링 (4set),챌렉트,키링/가방악세사리,10000,2026-01-09,
1719,1월_정품 캐릭터 키링,2026-01-14,2026-02-05,20,861485,정품 키티키링,솜사탕,키링/가방악세사리,4000,2026-01-09,
1719,1월_정품 캐릭터 키링,2026-01-14,2026-02-05,21,861479,정품 후드티 포차코키링,솜사탕,키링/가방악세사리,4500,2026-01-09,
1719,1월_정품 캐릭터 키링,2026-01-14,2026-02-05,22,861477,정품 포차코키링,솜사탕,키링/가방악세사리,4000,2026-01-09,
1719,1월_정품 캐릭터 키링,2026-01-14,2026-02-05,23,861474,정품 체크미피키링,솜사탕,키링/가방악세사리,5500,2026-01-09,
1719,1월_정품 캐릭터 키링,2026-01-14,2026-02-05,24,861473,정품 체크미피키링,솜사탕,키링/가방악세사리,5500,2026-01-09,
1719,1월_정품 캐릭터 키링,2026-01-14,2026-02-05,25,861112,키링 정품 와사비베어 큐티 스트랩 뽀글이 인형키링 가방키링 귀여운곰돌이키링 백참,마이핏,키링/가방악세사리,8000,2026-01-08,
1719,1월_정품 캐릭터 키링,2026-01-14,2026-02-05,26,859505,[정품] 깡통 톰제리 인형키링,제이일삼(J13),키링/가방악세사리,8000,2026-01-06,
1719,1월_정품 캐릭터 키링,2026-01-14,2026-02-05,27,859191,인형키링 키링 정품 와사비베어 팬던트 이니셜 키링 미니(8cm)가방키링 귀여운곰키링 백참,마이핏,키링/가방악세사리,8000,2026-01-06,
1719,1월_정품 캐릭터 키링,2026-01-14,2026-02-05,28,859192,인형키링 키링 정품 와사비베어 팬던트 이니셜 키링 라지 12cm 스트랩 귀여운 곰돌이 가방,마이핏,키링/가방악세사리,9000,2026-01-06,
1719,1월_정품 캐릭터 키링,2026-01-14,2026-02-05,29,859209,키링 정품 와사비베어 얼굴 팬던트 이니셜키링 인형키링 휴대폰악세사리 백참,마이핏,키링/가방악세사리,7600,2026-01-06,
1719,1월_정품 캐릭터 키링,2026-01-14,2026-02-05,30,857043,"(정품) 모노톤 산리오 키티, 포차코, 시나모롤 인형키링",슈슈,키링/가방악세사리,7000,2025-12-29,
1719,1월_정품 캐릭터 키링,2026-01-14,2026-02-05,31,853416,정품 키티키링,솜사탕,키링/가방악세사리,3500,2025-12-18,
1719,1월_정품 캐릭터 키링,2026-01-14,2026-02-05,32,853415,정품 키티키링,솜사탕,키링/가방악세사리,3500,2025-12-18,
1719,1월_정품 캐릭터 키링,2026-01-14,2026-02-05,33,853411,정품 산리오 블랙골드 키티키링-주문일+1일(ND주문시),보물섬,키링/가방악세사리,4500,2025-12-18,
1719,1월_정품 캐릭터 키링,2026-01-14,2026-02-05,34,857297,정품  클로버 투슬리스키링,솜사탕,키링/가방악세사리,4500,2025-12-30,
1719,1월_정품 캐릭터 키링,2026-01-14,2026-02-05,35,857056,(정품) 구운빵 미피 인형키링,슈슈,키링/가방악세사리,9000,2025-12-29,
1719,1월_정품 캐릭터 키링,2026-01-14,2026-02-05,36,857294,정품  카카오 춘식이 하트키링,솜사탕,키링/가방악세사리,4500,2025-12-30,
1719,1월_정품 캐릭터 키링,2026-01-14,2026-02-05,37,846277,정품 짱구 동전지갑 키링,샐리,키링/가방악세사리,5000,2025-12-08,
1719,1월_정품 캐릭터 키링,2026-01-14,2026-02-05,38,853412,정품  키티키링,솜사탕,키링/가방악세사리,3500,2025-12-18,
1719,1월_정품 캐릭터 키링,2026-01-14,2026-02-05,39,853413,정품 키티 키링,솜사탕,키링/가방악세사리,3500,2025-12-18,
1719,1월_정품 캐릭터 키링,2026-01-14,2026-02-05,40,853414,정품 키티키링,솜사탕,키링/가방악세사리,3500,2025-12-18,
1719,1월_정품 캐릭터 키링,2026-01-14,2026-02-05,41,844314,[정품] 눈사람 코디 인형키링,챌렉트,키링/가방악세사리,13000,2025-12-04,
1719,1월_정품 캐릭터 키링,2026-01-14,2026-02-05,42,838774,정품 주토피아 동전 지갑 키링 KRDH511E [KC인증],햇빛,키링/가방악세사리,4000,2025-11-27,
1719,1월_정품 캐릭터 키링,2026-01-14,2026-02-05,43,838466,(정품) 산리오 40주년 한교동 인형키링 6종,슈슈,키링/가방악세사리,8000,2025-11-26,
1719,1월_정품 캐릭터 키링,2026-01-14,2026-02-05,44,851792,"(정품) 산리오 레트로 키티, 쿠로미 인형키링",슈슈,키링/가방악세사리,9000,2025-12-16,
1719,1월_정품 캐릭터 키링,2026-01-14,2026-02-05,45,851613,"(정품) 골드 미피, 실버 미피 인형키링",슈슈,키링/가방악세사리,9500,2025-12-16,
1719,1월_정품 캐릭터 키링,2026-01-14,2026-02-05,46,851607,(정품) 와사비 베어 프리미엄 데코링 인형키링,슈슈,키링/가방악세사리,12000,2025-12-16,
1719,1월_정품 캐릭터 키링,2026-01-14,2026-02-05,47,851526,(정품) 피너츠 스누피 태닝 브라운 인형키링,슈슈,키링/가방악세사리,9000,2025-12-16,
1719,1월_정품 캐릭터 키링,2026-01-14,2026-02-05,48,850951,(정품) 산리오 인어공주 키티 인형키링,슈슈,키링/가방악세사리,8000,2025-12-15,
1719,1월_정품 캐릭터 키링,2026-01-14,2026-02-05,49,849940,(정품) 산리오 한교동 미니 6cm 인형키링,슈슈,키링/가방악세사리,7000,2025-12-12,
1719,1월_정품 캐릭터 키링,2026-01-14,2026-02-05,50,850959,(정품) 산리오 베어후드 키티 인형키링,슈슈,키링/가방악세사리,9000,2025-12-15,
1719,1월_정품 캐릭터 키링,2026-01-14,2026-02-05,51,849383,(일본정품) 산리오 시나모롤 방울스트랩,옐로맨션,키링/가방악세사리,2200,2025-12-12,
1719,1월_정품 캐릭터 키링,2026-01-14,2026-02-05,52,848649,(정품) 산리오 실버 키티 13cm 인형키링,슈슈,키링/가방악세사리,10000,2025-12-11,
1719,1월_정품 캐릭터 키링,2026-01-14,2026-02-05,53,848266,정품??키티 비즈 스트랩 키링,에브리띵,키링/가방악세사리,5800,2025-12-10,
1719,1월_정품 캐릭터 키링,2026-01-14,2026-02-05,54,846495,정품 골드 헬로키티 초코캣 산리오 키링 8cm,그래동키,키링/가방악세사리,4800,2025-12-08,
1719,1월_정품 캐릭터 키링,2026-01-14,2026-02-05,55,846316,정품 배낭 동전지갑 키링 1세트4개,샐리,키링/가방악세사리,5000,2025-12-08,
1719,1월_정품 캐릭터 키링,2026-01-14,2026-02-05,56,845517,인형키링 키링 정품 와사비베어 데이지 인형키링(8cm) 곰돌키링  귀여운키링 가방키링 백참,마이핏,키링/가방악세사리,4300,2025-12-06,
1719,1월_정품 캐릭터 키링,2026-01-14,2026-02-05,57,844743,"(정품) 산리오 체크 키티, 땡땡이 키티 인형키링",슈슈,키링/가방악세사리,8000,2025-12-05,
1719,1월_정품 캐릭터 키링,2026-01-14,2026-02-05,58,846278,정품 짱구 원형 동전지갑 키링,샐리,키링/가방악세사리,5000,2025-12-08,
1719,1월_정품 캐릭터 키링,2026-01-14,2026-02-05,59,844742,"(정품) 산리오 귀여운 망토 한교동, 시나모롤 인형키링 가방걸이",슈슈,키링/가방악세사리,8000,2025-12-05,
1719,1월_정품 캐릭터 키링,2026-01-14,2026-02-05,60,844474,핑구인더시티 정품 가방고리 인형,탑인터내셔날,키링/가방악세사리,5000,2025-12-05,
1719,1월_정품 캐릭터 키링,2026-01-14,2026-02-05,61,844748,"(정품) 산리오 볼빵빵 키티, 쿠로미 인형키링",슈슈,키링/가방악세사리,9000,2025-12-05,
1719,1월_정품 캐릭터 키링,2026-01-14,2026-02-05,62,839491,[정품] 리본포인트 로프 스트랩키링,챌렉트,키링/가방악세사리,6000,2025-11-27,
1719,1월_정품 캐릭터 키링,2026-01-14,2026-02-05,63,838587,일본정품 / 헬로키티 피규어 키링,모모베리,키링/가방악세사리,6800,2025-11-26,
1719,1월_정품 캐릭터 키링,2026-01-14,2026-02-05,64,838464,"(정품) 산리오 꿀잠 잠옷 키티, 쿠로미, 한교동, 시나모롤 인형키링",슈슈,키링/가방악세사리,8000,2025-11-26,
1719,1월_정품 캐릭터 키링,2026-01-14,2026-02-05,65,838460,"(정품) 산리오 보송 키티, 쿠로미 인형키링",슈슈,키링/가방악세사리,7000,2025-11-26,
1719,1월_정품 캐릭터 키링,2026-01-14,2026-02-05,66,838450,"(정품) 산리오 후드티 입은 키티, 쿠로미, 시나모롤",슈슈,키링/가방악세사리,8000,2025-11-26,
1719,1월_정품 캐릭터 키링,2026-01-14,2026-02-05,67,838447,(정품) 산리오 키티 8cm 인형키링,슈슈,키링/가방악세사리,7000,2025-11-26,
1719,1월_정품 캐릭터 키링,2026-01-14,2026-02-05,68,838443,"(정품) 산리오 귀여운 망토 키티, 쿠로미, 포차코 인형키링",슈슈,키링/가방악세사리,8000,2025-11-26,
1719,1월_정품 캐릭터 키링,2026-01-14,2026-02-05,69,838331,정품 미피  아이스케키 키링,솜사탕,키링/가방악세사리,5500,2025-11-26,
1719,1월_정품 캐릭터 키링,2026-01-14,2026-02-05,70,838436,"(정품) 산리오 모노톤 초코캣, 마이멜로디 인형키링",슈슈,키링/가방악세사리,7000,2025-11-26,
1719,1월_정품 캐릭터 키링,2026-01-14,2026-02-05,71,838322,정품 골드 산리오키링,솜사탕,키링/가방악세사리,4000,2025-11-26,
1719,1월_정품 캐릭터 키링,2026-01-14,2026-02-05,72,838314,정품  한교동  키링,솜사탕,키링/가방악세사리,4500,2025-11-26,
1719,1월_정품 캐릭터 키링,2026-01-14,2026-02-05,73,835539,산리오정품  망토인형키링,솜사탕,키링/가방악세사리,4200,2025-11-21,
1719,1월_정품 캐릭터 키링,2026-01-14,2026-02-05,74,834891,라이센스정품 쥬토피아 스쿼시 필통파우치,캐릭터월드,파우치/파우치백,15000,2025-11-21,
1719,1월_정품 캐릭터 키링,2026-01-14,2026-02-05,75,834886,산리오정품 헬로키티 한교동 큐브 스트랩 키링,캐릭터월드,키링/가방악세사리,4500,2025-11-21,
1719,1월_정품 캐릭터 키링,2026-01-14,2026-02-05,76,835543,정품 산리오파티 키링,솜사탕,키링/가방악세사리,4000,2025-11-21,
1719,1월_정품 캐릭터 키링,2026-01-14,2026-02-05,77,834903,라이센스정품 스펀지밥 뚱이 키링 지갑,캐릭터월드,키링/가방악세사리,5000,2025-11-21,
1719,1월_정품 캐릭터 키링,2026-01-14,2026-02-05,78,837649,"(정품) 산리오 골드 키티, 쿠로미, 한교동 인형키링",슈슈,키링/가방악세사리,7000,2025-11-25,
1721,1월_설날 명절룩,2026-01-14,2026-02-03,0,760341,오가닉 배냇저고리,블랙라벨퍼피,티셔츠/나시,15000,2025-08-21,
1721,1월_설날 명절룩,2026-01-14,2026-02-03,1,762544,살구꽃튜튜한복,메리무아,원피스/올인원,14500,2025-08-25,
1721,1월_설날 명절룩,2026-01-14,2026-02-03,2,773012,백설 한복 치마&바지(강아지 한복),허그미,원피스/올인원,12000,2025-09-01,
1721,1월_설날 명절룩,2026-01-14,2026-02-03,3,789324,쥬비코 강아지한복 금박 골든 한복 배자,쥬비코,코스튬,13000,2025-09-17,
1721,1월_설날 명절룩,2026-01-14,2026-02-03,4,786761,"[명절룩강추] 왕자님 올인원 S-XL, 2colors",그루밍독,원피스/올인원,11000,2025-09-15,
1721,1월_설날 명절룩,2026-01-14,2026-02-03,5,796118,세일)레트로 한복 S-2XL,패션퍼피,코스튬,5000,2025-09-26,
1721,1월_설날 명절룩,2026-01-14,2026-02-03,6,859067,자개꽃 밍크망토배자(강아지한복),허그미,패딩/아우터,13000,2026-01-05,
1721,1월_설날 명절룩,2026-01-14,2026-02-03,7,867720,"[신년한복] 꽃분이 배자 조끼 S-XL / 케이프 S,L  :: 2colors",그루밍독,자켓/가디건/조끼,11000,2026-01-16,
1721,1월_설날 명절룩,2026-01-14,2026-02-03,8,864293,쥬비코 강아지옷 양단 한복 배자,쥬비코,코스튬,18500,2026-01-13,
1721,1월_설날 명절룩,2026-01-14,2026-02-03,9,762143,한복 속치마,펫무드,원피스/올인원,9500,2025-08-24,
1721,1월_설날 명절룩,2026-01-14,2026-02-03,11,865022,25겨울)[재야]중전한복슈트(초록),아이조아,한복,27000,2026-01-13,
1721,1월_설날 명절룩,2026-01-14,2026-02-03,14,865021,25겨울)[재야]중전한복슈트(아이),아이조아,한복,27000,2026-01-13,
1721,1월_설날 명절룩,2026-01-14,2026-02-03,15,865020,25겨울)[재야]중전한복슈트(브라운),아이조아,한복,27000,2026-01-13,
1721,1월_설날 명절룩,2026-01-14,2026-02-03,18,865019,25겨울)[재야]중전한복슈트(곤색),아이조아,한복,27000,2026-01-13,
1721,1월_설날 명절룩,2026-01-14,2026-02-03,19,865017,25겨울)[재야]왕세자한복슈트(브라운),아이조아,한복,25000,2026-01-13,
1721,1월_설날 명절룩,2026-01-14,2026-02-03,20,865016,25겨울)[재야]왕세자한복슈트(곤색),아이조아,한복,25000,2026-01-13,
1721,1월_설날 명절룩,2026-01-14,2026-02-03,21,865014,25겨울)[재야]레트로한복(여아),아이조아,한복,26000,2026-01-13,
1721,1월_설날 명절룩,2026-01-14,2026-02-03,22,865013,25겨울)[재야]레트로한복(남아),아이조아,한복,22000,2026-01-13,
1721,1월_설날 명절룩,2026-01-14,2026-02-03,23,865010,25겨울)[재야]도담한복슈트(남아),아이조아,한복,23000,2026-01-13,
1721,1월_설날 명절룩,2026-01-14,2026-02-03,24,864949,25겨울)[오뜨베베]한복슈트세트,아이조아,한복,18000,2026-01-13,
1721,1월_설날 명절룩,2026-01-14,2026-02-03,25,864950,25겨울)[오뜨베베]한복실내복세트,아이조아,한복,15000,2026-01-13,
1721,1월_설날 명절룩,2026-01-14,2026-02-03,26,864946,25겨울)[오뜨베베]중전한복,아이조아,한복,25000,2026-01-13,
1721,1월_설날 명절룩,2026-01-14,2026-02-03,27,864943,25겨울)[오뜨베베]임금님한복세트,아이조아,한복,28000,2026-01-13,
1721,1월_설날 명절룩,2026-01-14,2026-02-03,28,864562,26봄)[오웬]오웬남아한복세트,루다러브,한복,38000,2026-01-13,
1721,1월_설날 명절룩,2026-01-14,2026-02-03,29,864564,26봄)[오웬]오웬여아한복세트,루다러브,한복,38000,2026-01-13,
1721,1월_설날 명절룩,2026-01-14,2026-02-03,30,864402,26봄)[하랑한복]여아털배자(하트랑),빈키즈,한복,38000,2026-01-13,
1721,1월_설날 명절룩,2026-01-14,2026-02-03,31,864410,26봄)하랑한복  쥬쥬랑,소나타,상하복,62000,2026-01-13,
1721,1월_설날 명절룩,2026-01-14,2026-02-03,32,864355,26봄)[하랑한복]명월랑,빈키즈,한복,56000,2026-01-13,
1721,1월_설날 명절룩,2026-01-14,2026-02-03,33,864354,26봄)[하랑한복]덕혜랑,빈키즈,한복,50000,2026-01-13,
1721,1월_설날 명절룩,2026-01-14,2026-02-03,34,864353,26봄)[하랑한복]달별랑,빈키즈,한복,56000,2026-01-13,
1721,1월_설날 명절룩,2026-01-14,2026-02-03,35,864352,26봄)[하랑한복]다나랑,빈키즈,한복,50000,2026-01-13,
1721,1월_설날 명절룩,2026-01-14,2026-02-03,36,864351,26봄)[하랑한복]나율랑,빈키즈,한복,56000,2026-01-13,
1721,1월_설날 명절룩,2026-01-14,2026-02-03,37,864350,26봄)[하랑한복]궁주랑,빈키즈,한복,62000,2026-01-13,
1721,1월_설날 명절룩,2026-01-14,2026-02-03,38,864301,26봄)하랑한복  보라랑,소나타,상하복,56000,2026-01-13,
1721,1월_설날 명절룩,2026-01-14,2026-02-03,39,864478,26봄)달라한복  잔칫날남아한복,소나타,상하복,32000,2026-01-13,
1721,1월_설날 명절룩,2026-01-14,2026-02-03,40,864481,26봄)달라한복  고운남아한복,소나타,상하복,29000,2026-01-13,
1721,1월_설날 명절룩,2026-01-14,2026-02-03,41,864480,26봄)달라한복  잔칫날여아한복,소나타,상하복,29000,2026-01-13,
1721,1월_설날 명절룩,2026-01-14,2026-02-03,42,864426,26봄)하랑한복  분홍속치마파니랑,소나타,원피스,14000,2026-01-13,
1721,1월_설날 명절룩,2026-01-14,2026-02-03,43,864300,26봄)하랑한복  보석랑,소나타,상하복,62000,2026-01-13,
1721,1월_설날 명절룩,2026-01-14,2026-02-03,44,864450,26봄)하랑한복  부귀랑조바위,소나타,기타,10000,2026-01-13,
1721,1월_설날 명절룩,2026-01-14,2026-02-03,45,864297,26봄)하랑한복  새봄랑,소나타,상하복,56000,2026-01-13,
1721,1월_설날 명절룩,2026-01-14,2026-02-03,46,864409,26봄)하랑한복  신데렐라랑,소나타,상하복,81000,2026-01-13,
1721,1월_설날 명절룩,2026-01-14,2026-02-03,47,864279,26봄)하랑한복  군주랑,소나타,상하복,50000,2026-01-13,
1721,1월_설날 명절룩,2026-01-14,2026-02-03,48,864408,26봄)[하랑한복]흰색속치마(파니랑),빈키즈,한복,14000,2026-01-13,
1721,1월_설날 명절룩,2026-01-14,2026-02-03,49,864273,26봄)하랑한복  홍익랑,소나타,상하복,50000,2026-01-13,
1721,1월_설날 명절룩,2026-01-14,2026-02-03,50,864271,26봄)하랑한복  춘복랑,소나타,상하복,56000,2026-01-13,
1721,1월_설날 명절룩,2026-01-14,2026-02-03,51,864268,26봄)하랑한복  천왕랑,소나타,상하복,56000,2026-01-13,
1721,1월_설날 명절룩,2026-01-14,2026-02-03,52,864263,26봄)하랑한복  금왕랑,소나타,상하복,56000,2026-01-13,
1721,1월_설날 명절룩,2026-01-14,2026-02-03,53,864261,26봄)하랑한복  귀공랑,소나타,상하복,56000,2026-01-13,
1721,1월_설날 명절룩,2026-01-14,2026-02-03,54,864327,26봄)하랑한복  벨이랑,소나타,상하복,62000,2026-01-13,
1721,1월_설날 명절룩,2026-01-14,2026-02-03,55,864349,26봄)[하랑한복]공주랑,빈키즈,한복,62000,2026-01-13,
1721,1월_설날 명절룩,2026-01-14,2026-02-03,56,864325,26봄)하랑한복  미인랑,소나타,상하복,62000,2026-01-13,
1721,1월_설날 명절룩,2026-01-14,2026-02-03,57,864322,26봄)하랑한복  가인랑,소나타,상하복,62000,2026-01-13,
1721,1월_설날 명절룩,2026-01-14,2026-02-03,58,864319,26봄)하랑한복  효빈랑,소나타,상하복,62000,2026-01-13,
1721,1월_설날 명절룩,2026-01-14,2026-02-03,59,864315,26봄)하랑한복  선녀랑,소나타,상하복,50000,2026-01-13,
1721,1월_설날 명절룩,2026-01-14,2026-02-03,60,864314,26봄)하랑한복  소하랑,소나타,상하복,56000,2026-01-13,
1721,1월_설날 명절룩,2026-01-14,2026-02-03,61,864311,26봄)하랑한복  유빈랑,소나타,상하복,56000,2026-01-13,
1721,1월_설날 명절룩,2026-01-14,2026-02-03,62,864310,26봄)하랑한복  시하랑,소나타,상하복,56000,2026-01-13,
1721,1월_설날 명절룩,2026-01-14,2026-02-03,63,864309,26봄)하랑한복  소유랑,소나타,상하복,56000,2026-01-13,
1721,1월_설날 명절룩,2026-01-14,2026-02-03,64,864308,26봄)하랑한복  루시랑,소나타,상하복,56000,2026-01-13,
1721,1월_설날 명절룩,2026-01-14,2026-02-03,65,864307,26봄)하랑한복  루미랑,소나타,상하복,56000,2026-01-13,
1721,1월_설날 명절룩,2026-01-14,2026-02-03,66,864306,26봄)하랑한복  라엘랑,소나타,상하복,56000,2026-01-13,
1721,1월_설날 명절룩,2026-01-14,2026-02-03,67,864304,26봄)하랑한복  꽃별랑,소나타,상하복,56000,2026-01-13,
1721,1월_설날 명절룩,2026-01-14,2026-02-03,68,864303,26봄)하랑한복  가율랑,소나타,상하복,56000,2026-01-13,
1721,1월_설날 명절룩,2026-01-14,2026-02-03,69,864299,26봄)하랑한복  미녀랑,소나타,상하복,57000,2026-01-13,
1721,1월_설날 명절룩,2026-01-14,2026-02-03,70,864294,26봄)하랑한복  창포랑,소나타,상하복,56000,2026-01-13,
1721,1월_설날 명절룩,2026-01-14,2026-02-03,71,864288,26봄)하랑한복  연화랑,소나타,상하복,56000,2026-01-13,
1721,1월_설날 명절룩,2026-01-14,2026-02-03,72,864286,26봄)하랑한복  한빛랑,소나타,상하복,50000,2026-01-13,
1721,1월_설날 명절룩,2026-01-14,2026-02-03,73,864284,26봄)하랑한복  이든랑,소나타,상하복,50000,2026-01-13,
1721,1월_설날 명절룩,2026-01-14,2026-02-03,74,864295,26봄)하랑한복  해나랑,소나타,상하복,56000,2026-01-13,
1721,1월_설날 명절룩,2026-01-14,2026-02-03,75,864283,26봄)하랑한복  찬슬랑,소나타,상하복,50000,2026-01-13,
1721,1월_설날 명절룩,2026-01-14,2026-02-03,76,864266,26봄)하랑한복  운복랑,소나타,상하복,56000,2026-01-13,
1721,1월_설날 명절룩,2026-01-14,2026-02-03,77,864264,26봄)하랑한복  설찬랑,소나타,상하복,56000,2026-01-13,
1721,1월_설날 명절룩,2026-01-14,2026-02-03,78,864259,26봄)하랑한복  공자랑,소나타,상하복,50000,2026-01-13,
1721,1월_설날 명절룩,2026-01-14,2026-02-03,79,864253,26봄)하랑한복  석호랑,소나타,기타,50000,2026-01-13,
1721,1월_설날 명절룩,2026-01-14,2026-02-03,80,864281,26봄)하랑한복  알천랑,소나타,상하복,50000,2026-01-13,
1721,1월_설날 명절룩,2026-01-14,2026-02-03,81,864255,26봄)하랑한복  천용랑,소나타,상하복,56000,2026-01-13,
1721,1월_설날 명절룩,2026-01-14,2026-02-03,82,864237,26봄)하랑한복  청학랑,소나타,상하복,56000,2026-01-13,
1721,1월_설날 명절룩,2026-01-14,2026-02-03,83,864248,26봄)하랑한복  이도랑,소나타,기타,56000,2026-01-13,
1721,1월_설날 명절룩,2026-01-14,2026-02-03,84,864250,26봄)하랑한복  다휘랑,소나타,상하복,56000,2026-01-13,
1721,1월_설날 명절룩,2026-01-14,2026-02-03,85,864252,26봄)하랑한복  단청랑,소나타,기타,56000,2026-01-13,
1721,1월_설날 명절룩,2026-01-14,2026-02-03,86,864241,26봄)하랑한복  청풍랑,소나타,상하복,56000,2026-01-13,
1721,1월_설날 명절룩,2026-01-14,2026-02-03,87,864275,26봄)하랑한복  세자랑,소나타,상하복,50000,2026-01-13,
1721,1월_설날 명절룩,2026-01-14,2026-02-03,88,864244,26봄)하랑한복  고려랑,소나타,상하복,56000,2026-01-13,
1721,1월_설날 명절룩,2026-01-14,2026-02-03,89,864235,26봄)하랑한복  청파랑,소나타,상하복,56000,2026-01-13,
1721,1월_설날 명절룩,2026-01-14,2026-02-03,90,864257,26봄)하랑한복  현용랑,소나타,상하복,56000,2026-01-13,
1721,1월_설날 명절룩,2026-01-14,2026-02-03,91,863680,26봄)포크칩스한복  연지곤지한복,소나타,상하복,22000,2026-01-13,
1721,1월_설날 명절룩,2026-01-14,2026-02-03,92,864246,26봄)하랑한복  훈민랑,소나타,상하복,56000,2026-01-13,
1721,1월_설날 명절룩,2026-01-14,2026-02-03,93,864233,26봄)하랑한복  금호랑,소나타,상하복,56000,2026-01-13,
1721,1월_설날 명절룩,2026-01-14,2026-02-03,94,862203,26봄)엠키즈한복  버들팬츠세트,소나타,상하복,34000,2026-01-12,
1721,1월_설날 명절룩,2026-01-14,2026-02-03,95,862201,26봄)엠키즈한복  버들원피스세트,소나타,원피스,44000,2026-01-12,
1721,1월_설날 명절룩,2026-01-14,2026-02-03,96,862210,26봄)엠키즈한복  수채화원피스세트,소나타,원피스,43000,2026-01-12,
1721,1월_설날 명절룩,2026-01-14,2026-02-03,97,862157,26봄)[오웬]남아한복세트,초코렛 ,한복,38000,2026-01-12,
1721,1월_설날 명절룩,2026-01-14,2026-02-03,98,862159,26봄)[오웬]여아한복세트,초코렛 ,한복,38000,2026-01-12,
1721,1월_설날 명절룩,2026-01-14,2026-02-03,99,862209,26봄)엠키즈한복  수채화롬퍼세트,소나타,상하복,40000,2026-01-12,
1721,1월_설날 명절룩,2026-01-14,2026-02-03,100,861606,26봄)[엠키즈]아리한복슈트(핑크),엠키즈,한복,25000,2026-01-09,
1721,1월_설날 명절룩,2026-01-14,2026-02-03,101,864243,26봄)하랑한복  현무랑,소나타,상하복,56000,2026-01-13,
1721,1월_설날 명절룩,2026-01-14,2026-02-03,102,861442,26봄)그로아  베베여아한복세트,소나타,상하복,37000,2026-01-09,
1721,1월_설날 명절룩,2026-01-14,2026-02-03,103,861441,26봄)그로아  베베남아한복세트,소나타,상하복,35000,2026-01-09,
1721,1월_설날 명절룩,2026-01-14,2026-02-03,104,862275,26봄)엠키즈한복  초아팬츠세트,소나타,상하복,34000,2026-01-12,
1721,1월_설날 명절룩,2026-01-14,2026-02-03,105,859918,26봄)빛나는구름한복  들꽃조바위들꽃왕건모,소나타,기타,5000,2026-01-07,
1721,1월_설날 명절룩,2026-01-14,2026-02-03,106,862199,26봄)엠키즈한복  버들롬퍼세트,소나타,상하복,41000,2026-01-12,
1721,1월_설날 명절룩,2026-01-14,2026-02-03,107,862211,26봄)엠키즈한복  수채화팬츠세트,소나타,상하복,33000,2026-01-12,
1721,1월_설날 명절룩,2026-01-14,2026-02-03,108,861437,26봄)그로아  남아한복세트,소나타,상하복,36000,2026-01-09,
1721,1월_설날 명절룩,2026-01-14,2026-02-03,109,862247,26봄)엠키즈한복  초아롬퍼세트,소나타,상하복,41000,2026-01-12,
1721,1월_설날 명절룩,2026-01-14,2026-02-03,110,861605,26봄)[엠키즈]아리한복슈트(블루),엠키즈,한복,23000,2026-01-09,
1721,1월_설날 명절룩,2026-01-14,2026-02-03,111,859924,"26봄)빛나는구름한복  빛나조바위,빛나왕건모",소나타,기타,5000,2026-01-07,
1721,1월_설날 명절룩,2026-01-14,2026-02-03,112,861583,26봄)[엠키즈]아리한복슈트(블루),꼬마스타,한복,23000,2026-01-09,
1721,1월_설날 명절룩,2026-01-14,2026-02-03,113,859913,26봄)빛나는구름한복  국대한복,소나타,상하복,13000,2026-01-07,
1721,1월_설날 명절룩,2026-01-14,2026-02-03,114,861584,26봄)[엠키즈]아리한복슈트(핑크),꼬마스타,한복,25000,2026-01-09,
1721,1월_설날 명절룩,2026-01-14,2026-02-03,115,853596,25겨울)[마이베베]설빔남아한복(저고리+바지SET),마이베베,한복,33000,2025-12-19,
1721,1월_설날 명절룩,2026-01-14,2026-02-03,116,855116,25겨울)다즐링  설빔남아세트,소나타,상하복,29000,2025-12-23,
1721,1월_설날 명절룩,2026-01-14,2026-02-03,117,864414,26봄)하랑한복  백설랑,소나타,상하복,57000,2026-01-13,
1721,1월_설날 명절룩,2026-01-14,2026-02-03,118,855117,25겨울)다즐링  설빔여아세트,소나타,상하복,29000,2025-12-23,
1721,1월_설날 명절룩,2026-01-14,2026-02-03,119,859299,25겨울)[포크칩스](설빔)아기씨한복(여아),포크칩스,한복,25000,2026-01-06,
1721,1월_설날 명절룩,2026-01-14,2026-02-03,120,859298,25겨울)[포크칩스](설빔)아기씨한복(남아),포크칩스,한복,26000,2026-01-06,
1721,1월_설날 명절룩,2026-01-14,2026-02-03,121,855115,25겨울)다즐링  동백여아설빔세트,소나타,상하복,30000,2025-12-23,
1721,1월_설날 명절룩,2026-01-14,2026-02-03,122,861435,26봄)그로아  여아한복세트,소나타,상하복,39000,2026-01-09,
1721,1월_설날 명절룩,2026-01-14,2026-02-03,123,862248,26봄)엠키즈한복  초아원피스세트,소나타,원피스,44000,2026-01-12,
1721,1월_설날 명절룩,2026-01-14,2026-02-03,124,859916,26봄)빛나는구름한복  동그라미한복,소나타,상하복,16000,2026-01-07,
1721,1월_설날 명절룩,2026-01-14,2026-02-03,125,859296,25겨울)[포크칩스](설빔)연지곤지한복,포크칩스,한복,22000,2026-01-06,
1721,1월_설날 명절룩,2026-01-14,2026-02-03,126,859923,26봄)빛나는구름한복  복주머니,소나타,기타,6000,2026-01-07,
1721,1월_설날 명절룩,2026-01-14,2026-02-03,127,853593,25겨울)[마이베베]베베남아설빔(저고리+슈트SET),마이베베,한복,28000,2025-12-19,
1721,1월_설날 명절룩,2026-01-14,2026-02-03,128,853594,25겨울)[마이베베]베베여아설빔(저고리+슈트SET),마이베베,한복,30000,2025-12-19,
1721,1월_설날 명절룩,2026-01-14,2026-02-03,129,859929,"26봄)빛나는구름한복  올리브조바위,올리브왕건모",소나타,기타,5000,2026-01-07,
1721,1월_설날 명절룩,2026-01-14,2026-02-03,130,853597,25겨울)[마이베베]설빔여아한복(저고리+원피스SET),마이베베,한복,36000,2025-12-19,
1721,1월_설날 명절룩,2026-01-14,2026-02-03,131,853595,25겨울)[마이베베]설빔귀돌이,마이베베,한복,8000,2025-12-19,
1722,1월_장갑,2026-01-14,2026-02-04,0,866291,꽈배기 장갑,웁스,장갑,8000,2026-01-14,
1722,1월_장갑,2026-01-14,2026-02-04,1,844340,리본진주 브로치 울 80 롱장갑,림스비쥬,장갑,8000,2025-12-04,
1722,1월_장갑,2026-01-14,2026-02-04,2,845438,귀여운 여성스러운 프리티 리본 포인트 겨울 손가락 장갑 소품샵 우정 하이틴 y2k,위드삐삐마켓,장갑,3800,2025-12-06,
1722,1월_장갑,2026-01-14,2026-02-04,3,845436,울45% 고급 겨울 장갑 핸드워머 비비드 컬러풀 손가락장갑 벙어리장갑 울장갑 남녀공용,위드삐삐마켓,장갑,7000,2025-12-06,
1722,1월_장갑,2026-01-14,2026-02-04,4,844341,노르딕 소프트 터치 울혼방 장갑,림스비쥬,장갑,3500,2025-12-04,
1722,1월_장갑,2026-01-14,2026-02-04,5,844135,25겨울)[푸아송]리본톡장갑,푸아송,(아동)모자/장갑,8000,2025-12-04,
1722,1월_장갑,2026-01-14,2026-02-04,6,845439,손가락 터치 핑거 홀 장갑 양털 토끼털 캐시미어 컬러 데일리 남녀 공용 방한 용품 겨울 스,위드삐삐마켓,장갑,6200,2025-12-06,
1722,1월_장갑,2026-01-14,2026-02-04,7,850349,인디언패턴장갑,에그니 ,장갑,5000,2025-12-14,
1722,1월_장갑,2026-01-14,2026-02-04,8,851952,헬로장갑,라익(like),장갑,8000,2025-12-17,
1722,1월_장갑,2026-01-14,2026-02-04,9,856312,GG017 국산 앙고라장갑 벙어리장갑 겨울 장갑,달리아,장갑,6000,2025-12-28,
1722,1월_장갑,2026-01-14,2026-02-04,10,856257,아가일패턴배색장갑,에그니 ,장갑,8800,2025-12-26,
1722,1월_장갑,2026-01-14,2026-02-04,11,862807,울 니트 장갑 기본형,웁스,장갑,2500,2026-01-12,
1722,1월_장갑,2026-01-14,2026-02-04,12,862616,컬러 단가라 니트 장갑 터치스크린 겨울 방한 스트라이프 장갑,어썸,장갑,7000,2026-01-12,
1722,1월_장갑,2026-01-14,2026-02-04,13,813499,윈터 핑거홀 니트 컬러 장갑,대지꿀꿀집,장갑,6000,2025-10-29,
1722,1월_장갑,2026-01-14,2026-02-04,14,808578,파스텔 리본 앙고라 장갑 2종,스르르,장갑,2100,2025-10-23,
1722,1월_장갑,2026-01-14,2026-02-04,15,813483,윈터 핑거홀 단목 컬러 니트 장갑,대지꿀꿀집,장갑,5800,2025-10-29,
1722,1월_장갑,2026-01-14,2026-02-04,16,808577,리본 털장갑 1종,스르르,장갑,2100,2025-10-23,
1722,1월_장갑,2026-01-14,2026-02-04,17,807668,울손목장갑,카라(kara),장갑,8000,2025-10-22,
1722,1월_장갑,2026-01-14,2026-02-04,18,799647,손목니트장갑,카라(kara),장갑,6000,2025-10-08,
1722,1월_장갑,2026-01-14,2026-02-04,19,798674,세일)8890 귀여운 손가락 핑거홀 신상 장갑 낱장가능,다인,장갑,5000,2025-10-01,
1722,1월_장갑,2026-01-14,2026-02-04,20,798701,NEW)6670 핑거홀 손가락 장갑 낱장가능,다인,장갑,6000,2025-10-01,
1722,1월_장갑,2026-01-14,2026-02-04,21,850354,아가일꽈배기니트롱장갑,에그니 ,장갑,8500,2025-12-14,
1722,1월_장갑,2026-01-14,2026-02-04,22,848301,세일 ) 곰돌이 기모 터치 장갑 ????,마이 하비,장갑,3000,2025-12-11,
1722,1월_장갑,2026-01-14,2026-02-04,23,845433,스마일 귀여운 손가락장갑 핑거 장갑 니트 방한용품 겨울 손가락 비비드 컬러 스키장,위드삐삐마켓,장갑,3700,2025-12-06,
1722,1월_장갑,2026-01-14,2026-02-04,24,844023,방한)귀여운 리본 포인트 터치 장갑 노이노이,노이노이,장갑,6000,2025-12-04,
1722,1월_장갑,2026-01-14,2026-02-04,25,799078,울80 니트 장갑,카라(kara),장갑,7000,2025-10-02,
1722,1월_장갑,2026-01-14,2026-02-04,26,841622,[겨울시즌] 앙고라 퍼 남여공용 따뜻한 장갑,쥬쥬,장갑,1200,2025-12-01,
1722,1월_장갑,2026-01-14,2026-02-04,27,796319,로프니트 장갑,카라(kara),장갑,7000,2025-09-26,
1722,1월_장갑,2026-01-14,2026-02-04,28,798555,세일 )6722 귀여운 부드러운 겨울 손모아 장갑 낱장가능,다인,장갑,5000,2025-10-01,
1722,1월_장갑,2026-01-14,2026-02-04,29,863101,S 니트 장갑 배색 시보리 겨울 방한용,애니원,장갑,7000,2026-01-12,
1722,1월_장갑,2026-01-14,2026-02-04,30,758963,털장갑 페이크퍼 벙어리장갑 패션 방한 여성 장갑 [WA-0109 로보],라모드,장갑,9000,2025-08-20,
1722,1월_장갑,2026-01-14,2026-02-04,31,805298,토마토 단추 포인트 울80% 장갑,달다,장갑,5500,2025-10-20,
1722,1월_장갑,2026-01-14,2026-02-04,32,799733,와플니트장갑,카라(kara),장갑,7000,2025-10-09,
1722,1월_장갑,2026-01-14,2026-02-04,33,862835,헬로 니트 장갑 리본끈 포인트 겨울 방한용,라익(like),장갑,8000,2026-01-12,
1722,1월_장갑,2026-01-14,2026-02-04,34,862805,라벨 니트 장갑 보아퍼 커프스 방한 장갑,웁스,장갑,8000,2026-01-12,
1722,1월_장갑,2026-01-14,2026-02-04,35,863130,아니스 니트 장갑 케이블 짜임 겨울 방한 장갑,라익(like),장갑,7000,2026-01-12,
1722,1월_장갑,2026-01-14,2026-02-04,36,863121,레이어드 니트 장갑 핸드워머 롱워머 배색 디자인,라익(like),장갑,7000,2026-01-12,
1722,1월_장갑,2026-01-14,2026-02-04,37,863116,S 니트 터치장갑 데일리 골지 배색 핑거팁 롱장갑,라익(like),장갑,7000,2026-01-12,
1722,1월_장갑,2026-01-14,2026-02-04,38,805059,NEW)플레인 패치 니트 장갑 손가락 핑거홀 장갑 낱장가능,로브,장갑,7000,2025-10-19,
1722,1월_장갑,2026-01-14,2026-02-04,40,819160,7컬)베이직 골지 니트 장갑 장목 겨울 장갑 핑거홀,귀요미,장갑,3000,2025-11-04,
1722,1월_장갑,2026-01-14,2026-02-04,41,863103,P 니트 장갑 울 혼방 롱커프스 라벨 포인트 컬러 10종,애니원,장갑,8000,2026-01-12,
1722,1월_장갑,2026-01-14,2026-02-04,42,805057,NEW)11colors 프렌즈 벙어리 장갑 귀여운 손모아 장갑 낱장가능,로브,장갑,7000,2025-10-19,
1722,1월_장갑,2026-01-14,2026-02-04,43,863034,베어베어 니트 장갑 곰돌이 자수 포인트,웁스,장갑,5000,2026-01-12,
1722,1월_장갑,2026-01-14,2026-02-04,44,857596,고급 정장 앙고라 손가락장갑 구멍 소프트 장갑 낚시장갑 남녀공용 방한용품 겨울 손가락 비비,위드삐삐마켓,장갑,6000,2025-12-30,
1722,1월_장갑,2026-01-14,2026-02-04,45,862614,에이장갑 니트장갑 뽀글이 퍼 커프스 겨울 방한장갑,어썸,장갑,6000,2026-01-12,
1722,1월_장갑,2026-01-14,2026-02-04,46,863036,포드 울 장갑 100% 울,웁스,장갑,12000,2026-01-12,
1722,1월_장갑,2026-01-14,2026-02-04,47,862865,캐시미어 장갑 겨울 보온 니트 소재,애니원,장갑,7000,2026-01-12,
1722,1월_장갑,2026-01-14,2026-02-04,48,826960,털벙어리 장갑,카라(kara),장갑,5000,2025-11-12,
1722,1월_장갑,2026-01-14,2026-02-04,49,819360,New) 1171 부드러운 핑거홀 장갑 낱장가능,다인,장갑,8000,2025-11-04,
1722,1월_장갑,2026-01-14,2026-02-04,50,836955,스노우맨잡갑 글러브 겨울 울장갑 방한용품 손가락장갑 크리스마스 파스텔 장갑 E985,데이오프,장갑,3800,2025-11-24,
1722,1월_장갑,2026-01-14,2026-02-04,51,833883,앙장갑 앙고라장갑 겨울 아이템 코디 손가락장갑 방한용품 심플 베이직 E967,아이즈  Eyes,장갑,3000,2025-11-19,
1722,1월_장갑,2026-01-14,2026-02-04,52,830539,마카롱포실장갑 화이트추가,에그니 ,장갑,3000,2025-11-16,
1722,1월_장갑,2026-01-14,2026-02-04,53,834150,국산 무지 반장갑세트,남대문언니,장갑,60000,2025-11-20,
1722,1월_장갑,2026-01-14,2026-02-04,54,819260,니트 꽈배기 장목 핑거홀 장갑 겨울 장갑,귀요미,장갑,4000,2025-11-04,
1722,1월_장갑,2026-01-14,2026-02-04,55,834149,국산 스마트 터치 장갑세트,남대문언니,장갑,60000,2025-11-20,
1722,1월_장갑,2026-01-14,2026-02-04,56,827317,여성 마카롱 배색 핑거홀 장갑 터치스크린 니트 글러브 여자 겨울 방한,매니굳즈,장갑,3000,2025-11-12,
1722,1월_장갑,2026-01-14,2026-02-04,57,836961,스노우맨잡갑 글러브 겨울 울장갑 방한용품 손가락장갑 크리스마스 파스텔 장갑 E985,아이즈  Eyes,장갑,3800,2025-11-24,
1722,1월_장갑,2026-01-14,2026-02-04,58,832536,리본눈사람 장갑 글러브 겨울 방한템 울장갑 방한용품 손가락장갑 겨울장갑 E1027,아이즈  Eyes,장갑,2000,2025-11-18,
1722,1월_장갑,2026-01-14,2026-02-04,59,813494,윈터 앙고라 핑거홀 글러브 장갑,대지꿀꿀집,장갑,6500,2025-10-29,
1722,1월_장갑,2026-01-14,2026-02-04,60,813728,[박스]국산 남성용 울장갑 겨울장갑,제나,장갑,30000,2025-10-29,
1722,1월_장갑,2026-01-14,2026-02-04,61,815059,무니장갑,요즈메,장갑,6000,2025-10-31,
1722,1월_장갑,2026-01-14,2026-02-04,62,837004,콧물장갑 손가락장갑 겨울아이템 방한용품 크리스마스 패션장갑 글러브 캐릭터 장갑 E987,아이즈  Eyes,장갑,2500,2025-11-24,
1722,1월_장갑,2026-01-14,2026-02-04,63,827137,sale)기본니트장갑,카라(kara),장갑,1000,2025-11-12,
1722,1월_장갑,2026-01-14,2026-02-04,64,819262,4컬)꽈배기 니트 워머 겨울 워머 사무실 손등커버 장갑,귀요미,장갑,1800,2025-11-04,
1722,1월_장갑,2026-01-14,2026-02-04,65,813826,배색 털장갑 컬러 겨울 악세사리 손가락 스마트폰 터치 장갑 [WA-0097 메모즌],라모드,장갑,16000,2025-10-30,
1722,1월_장갑,2026-01-14,2026-02-04,66,819625,방한) 성인 기모 장갑 노이노이,노이노이,장갑,1500,2025-11-05,
1722,1월_장갑,2026-01-14,2026-02-04,67,811266,국내제작 무지 파스텔 3200×10 (초등고~성인),디케이악세사리,장갑,32000,2025-10-28,
1722,1월_장갑,2026-01-14,2026-02-04,68,815046,m82무니장갑,핏보우,장갑,6000,2025-10-31,
1722,1월_장갑,2026-01-14,2026-02-04,69,813374,파스텔 기본장갑 3종,스르르,장갑,1200,2025-10-29,
1722,1월_장갑,2026-01-14,2026-02-04,70,826424,세일) 귀여운 동물 뽀글이 니트 터치 장갑 ??,마이 하비,장갑,3000,2025-11-11,
1725,1월_설날 장신구,2026-01-15,2026-02-03,0,880224,색동족두리,댕일리,헤어/모자,3000,2026-01-27,
1725,1월_설날 장신구,2026-01-15,2026-02-03,1,880196,복주머니 가방,디어멍,악세서리/가방,8000,2026-01-27,
1725,1월_설날 장신구,2026-01-15,2026-02-03,2,880087,O. 색동 족두리,도기홀릭,헤어/모자,3000,2026-01-27,
1725,1월_설날 장신구,2026-01-15,2026-02-03,3,863371,O. 댕기 머리삔,도기홀릭,헤어/모자,5000,2026-01-12,
1725,1월_설날 장신구,2026-01-15,2026-02-03,4,863356,O. 연화 머리띠,도기홀릭,헤어/모자,5000,2026-01-12,
1725,1월_설날 장신구,2026-01-15,2026-02-03,5,861957,강아지한복 한글족두리,댕일리,헤어/모자,3000,2026-01-12,
1725,1월_설날 장신구,2026-01-15,2026-02-03,6,861954,강아지한복 댕기머리띠,댕일리,헤어/모자,7000,2026-01-12,
1725,1월_설날 장신구,2026-01-15,2026-02-03,7,861953,강아지한복 댕기삔,댕일리,헤어/모자,5000,2026-01-12,
1725,1월_설날 장신구,2026-01-15,2026-02-03,8,861956,강아지한복 연화케이프,댕일리,케이프/스카프,12000,2026-01-12,
1725,1월_설날 장신구,2026-01-15,2026-02-03,9,861955,강아지한복 연화머리띠,댕일리,헤어/모자,5000,2026-01-12,
1725,1월_설날 장신구,2026-01-15,2026-02-03,10,863334,O. 연화 케이프,도기홀릭,케이프/스카프,12000,2026-01-12,
1725,1월_설날 장신구,2026-01-15,2026-02-03,11,861958,강아지한복 한글케이프,댕일리,케이프/스카프,10000,2026-01-12,
1725,1월_설날 장신구,2026-01-15,2026-02-03,12,853753,강아지 복주머니 가방 목걸이,패션퍼피,악세서리/가방,4500,2025-12-19,
1725,1월_설날 장신구,2026-01-15,2026-02-03,13,863372,O. 한글 케이프,도기홀릭,케이프/스카프,10000,2026-01-12,
1725,1월_설날 장신구,2026-01-15,2026-02-03,14,863375,O. 한글 족두리,도기홀릭,헤어/모자,3000,2026-01-12,
1725,1월_설날 장신구,2026-01-15,2026-02-03,15,863381,O. 댕기 머리띠,도기홀릭,헤어/모자,7000,2026-01-12,
1725,1월_설날 장신구,2026-01-15,2026-02-03,16,858029,26한복)[그로아]매듭돌띠,그로아,한복,9000,2026-01-02,
1725,1월_설날 장신구,2026-01-15,2026-02-03,17,858035,26한복)[그로아]베베귀도리,그로아,한복,11000,2026-01-02,
1725,1월_설날 장신구,2026-01-15,2026-02-03,18,858034,26한복)[그로아]키즈귀도리,그로아,한복,12000,2026-01-02,
1725,1월_설날 장신구,2026-01-15,2026-02-03,19,858030,26한복)[그로아]태슬노리개,그로아,한복,2500,2026-01-02,
1725,1월_설날 장신구,2026-01-15,2026-02-03,20,858814,26봄)버니테일한복  모모꽃화관,소나타,기타,14000,2026-01-05,
1725,1월_설날 장신구,2026-01-15,2026-02-03,21,859279,26한복)[리카]홍시머리띠,리카,한복,18000,2026-01-06,
1725,1월_설날 장신구,2026-01-15,2026-02-03,22,859278,26한복)[리카]족두리,리카,한복,32000,2026-01-06,
1725,1월_설날 장신구,2026-01-15,2026-02-03,23,859276,26한복)[리카]남아색동허리띠,리카,한복,40000,2026-01-06,
1725,1월_설날 장신구,2026-01-15,2026-02-03,24,863678,26봄)포크칩스한복  연지조바위,소나타,기타,7000,2026-01-13,
1725,1월_설날 장신구,2026-01-15,2026-02-03,25,863679,26봄)포크칩스한복  곤지보넷,소나타,기타,6500,2026-01-13,
1725,1월_설날 장신구,2026-01-15,2026-02-03,26,863681,26봄)포크칩스한복  양단귀도리,소나타,기타,6500,2026-01-13,
1725,1월_설날 장신구,2026-01-15,2026-02-03,27,864461,26봄)하랑한복  토끼랑복주머니,소나타,기타,3500,2026-01-13,
1725,1월_설날 장신구,2026-01-15,2026-02-03,28,864462,26봄)하랑한복  열매랑복주머니,소나타,기타,3500,2026-01-13,
1725,1월_설날 장신구,2026-01-15,2026-02-03,29,864538,26봄)달라한복  왕관머리띠,소나타,기타,8500,2026-01-13,
1725,1월_설날 장신구,2026-01-15,2026-02-03,30,864539,26봄)달라한복  글로리왕관머리띠,소나타,기타,7000,2026-01-13,
1725,1월_설날 장신구,2026-01-15,2026-02-03,31,864541,26봄)달라한복  복복복주머니,소나타,기타,4000,2026-01-13,
1725,1월_설날 장신구,2026-01-15,2026-02-03,32,864540,26봄)달라한복  비단아씨머리띠,소나타,기타,15000,2026-01-13,
1725,1월_설날 장신구,2026-01-15,2026-02-03,33,848100,부채 매듭 노리개 태슬 전통 한복 기념품(10컬러),오마이버니(디자이너),키링/가방악세사리,2000,2025-12-10,
1725,1월_설날 장신구,2026-01-15,2026-02-03,34,848099,수채화 노리개 매듭 태슬 전통 한복 기념품(10컬러),오마이버니(디자이너),키링/가방악세사리,2000,2025-12-10,
1725,1월_설날 장신구,2026-01-15,2026-02-03,35,862208,26봄)엠키즈한복  솜솜돌띠,소나타,기타,9000,2026-01-12,
1725,1월_설날 장신구,2026-01-15,2026-02-03,36,863677,26봄)포크칩스한복  한복돌띠,소나타,기타,5500,2026-01-13,
1725,1월_설날 장신구,2026-01-15,2026-02-03,37,848098,[핸드메이드]꽃다발 노리개 테슬 전통 한복(10컬러),오마이버니(디자이너),키링/가방악세사리,3000,2025-12-10,
1725,1월_설날 장신구,2026-01-15,2026-02-03,38,591284,큐빅 나비펜던트 노리개 한복장신구 설날장식,청재컴퍼니,키링/가방악세사리,1000,2025-01-03,
1725,1월_설날 장신구,2026-01-15,2026-02-03,39,858813,26봄)버니테일한복  모모꽃노리개,소나타,기타,5000,2026-01-05,
1725,1월_설날 장신구,2026-01-15,2026-02-03,40,858583,25겨울)[오뜨베베]왕노리개,오뜨베베,한복,4000,2026-01-05,
1725,1월_설날 장신구,2026-01-15,2026-02-03,41,864485,26봄)달라한복  해치남아노리개,소나타,기타,13000,2026-01-13,
1725,1월_설날 장신구,2026-01-15,2026-02-03,42,864482,26봄)달라한복  다옴댕기끈,소나타,기타,6000,2026-01-13,
1725,1월_설날 장신구,2026-01-15,2026-02-03,43,857765,25겨울)어썸베베한복  입체나비노리개,소나타,기타,5000,2025-12-31,
1725,1월_설날 장신구,2026-01-15,2026-02-03,44,864937,25겨울)[오뜨베베]왕노리개,아이조아,한복,4000,2026-01-13,
1725,1월_설날 장신구,2026-01-15,2026-02-03,45,824045,노리개 01,진아,전통한복,14000,2025-11-10,
1725,1월_설날 장신구,2026-01-15,2026-02-03,46,815456,핸드메이드 노리개 랜덤발송,뉴얼리 newerly,키링/가방악세사리,4300,2025-10-31,
1725,1월_설날 장신구,2026-01-15,2026-02-03,47,795446,전통 매듭 키링 노리개 케데헌,감성놀이,키링/가방악세사리,1500,2025-09-25,
1725,1월_설날 장신구,2026-01-15,2026-02-03,48,865926,26봄)오렌한복  아린비즈헤어밴드,소나타,기타,10000,2026-01-14,
1725,1월_설날 장신구,2026-01-15,2026-02-03,49,815457,칼라랜덤) 케데헌 삼각 한복 노리개,뉴얼리 newerly,키링/가방악세사리,4300,2025-10-31,
1725,1월_설날 장신구,2026-01-15,2026-02-03,50,856205,25겨울)[어썸베베]입체나비노리개,어썸베베,한복,5000,2025-12-26,
1725,1월_설날 장신구,2026-01-15,2026-02-03,51,864442,26봄)하랑한복  구름랑조절핀,소나타,기타,2500,2026-01-13,
1725,1월_설날 장신구,2026-01-15,2026-02-03,52,864395,26봄)[하랑한복]아동갓(유건),빈키즈,한복,19000,2026-01-13,
1725,1월_설날 장신구,2026-01-15,2026-02-03,53,864396,26봄)[하랑한복]아동갓(정자관),빈키즈,한복,19000,2026-01-13,
1725,1월_설날 장신구,2026-01-15,2026-02-03,54,864390,26봄)[하랑한복]복주머니(복이랑),빈키즈,한복,3500,2026-01-13,
1725,1월_설날 장신구,2026-01-15,2026-02-03,55,864389,26봄)[하랑한복]복주머니(럭키랑),빈키즈,한복,3500,2026-01-13,
1725,1월_설날 장신구,2026-01-15,2026-02-03,56,864388,26봄)[하랑한복]복주머니(드림랑),빈키즈,한복,3500,2026-01-13,
1725,1월_설날 장신구,2026-01-15,2026-02-03,57,864385,26봄)[하랑한복]머리핀(자기랑),빈키즈,한복,3500,2026-01-13,
1725,1월_설날 장신구,2026-01-15,2026-02-03,58,864383,26봄)[하랑한복]머리핀(스타랑),빈키즈,한복,6000,2026-01-13,
1725,1월_설날 장신구,2026-01-15,2026-02-03,59,864382,26봄)[하랑한복]머리핀(세나랑),빈키즈,한복,4000,2026-01-13,
1725,1월_설날 장신구,2026-01-15,2026-02-03,60,857766,25겨울)어썸베베한복  구슬노리개,소나타,기타,3000,2025-12-31,
1725,1월_설날 장신구,2026-01-15,2026-02-03,61,861446,26봄)그로아  태슬노리개,소나타,기타,2500,2026-01-09,
1725,1월_설날 장신구,2026-01-15,2026-02-03,62,857064,25겨울)오뜨베베  왕노리개,소나타,기타,4000,2025-12-29,
1725,1월_설날 장신구,2026-01-15,2026-02-03,63,864566,26봄)[오웬]오웬한복노리개,루다러브,한복,2500,2026-01-13,
1725,1월_설날 장신구,2026-01-15,2026-02-03,64,862161,26봄)[오웬]한복노리개,초코렛 ,한복,2500,2026-01-12,
1725,1월_설날 장신구,2026-01-15,2026-02-03,65,865927,26봄)오렌한복  아린자개꽃핀세트,소나타,기타,10000,2026-01-14,
1725,1월_설날 장신구,2026-01-15,2026-02-03,66,865929,26봄)오렌한복  아린코사지머리띠,소나타,기타,14000,2026-01-14,
1725,1월_설날 장신구,2026-01-15,2026-02-03,67,865924,26봄)오렌한복  아린노리개,소나타,기타,6000,2026-01-14,
1725,1월_설날 장신구,2026-01-15,2026-02-03,68,864565,26봄)[오웬]오웬한복귀도리,루다러브,한복,12000,2026-01-13,
1725,1월_설날 장신구,2026-01-15,2026-02-03,69,864484,26봄)달라한복  나비노리개,소나타,기타,7500,2026-01-13,
1725,1월_설날 장신구,2026-01-15,2026-02-03,70,864452,26봄)하랑한복  나리랑댕기,소나타,기타,9000,2026-01-13,
1725,1월_설날 장신구,2026-01-15,2026-02-03,71,864467,26봄)하랑한복  하랑갓,소나타,기타,19000,2026-01-13,
1725,1월_설날 장신구,2026-01-15,2026-02-03,72,864453,26봄)하랑한복  미미랑댕기,소나타,기타,10000,2026-01-13,
1725,1월_설날 장신구,2026-01-15,2026-02-03,73,864454,26봄)하랑한복  당초랑댕기,소나타,기타,10000,2026-01-13,
1725,1월_설날 장신구,2026-01-15,2026-02-03,74,864436,26봄)하랑한복  애교랑머리핀,소나타,기타,4500,2026-01-13,
1725,1월_설날 장신구,2026-01-15,2026-02-03,75,864439,26봄)하랑한복  맵시랑조럴핀,소나타,기타,2500,2026-01-13,
1725,1월_설날 장신구,2026-01-15,2026-02-03,76,864438,26봄)하랑한복  스타랑머리핀,소나타,기타,6000,2026-01-13,
1731,1월_두툼니트,2026-01-16,2026-02-04,0,837388,브이단가라니트,달루즈미,니트/스웨터,25000,2025-11-25,
1731,1월_두툼니트,2026-01-16,2026-02-04,1,837373,세일)동글동글 니트,로라,니트/스웨터,5000,2025-11-25,
1731,1월_두툼니트,2026-01-16,2026-02-04,2,837358,오픈버튼폴라니트,달루즈미,니트/스웨터,24000,2025-11-25,
1731,1월_두툼니트,2026-01-16,2026-02-04,3,836554,징글벨 니트 노르딕 크리스마스,로라,니트/스웨터,8000,2025-11-24,
1731,1월_두툼니트,2026-01-16,2026-02-04,4,835341,[포근캐주얼무드] 하프집업 루즈핏 보송 니트,위온,니트/스웨터,25200,2025-11-21,
1731,1월_두툼니트,2026-01-16,2026-02-04,5,835332,[여리윈터무드] 오프숄더 보송 케이블 루즈 니트,위온,니트/스웨터,30500,2025-11-21,
1731,1월_두툼니트,2026-01-16,2026-02-04,6,835328,[레트로캐주얼무드] 지그재그 패턴 루즈핏 니트,위온,니트/스웨터,27600,2025-11-21,
1731,1월_두툼니트,2026-01-16,2026-02-04,7,835326,[포근윈터무드] 노르딕 패턴 하프넥 루즈핏 니트,위온,니트/스웨터,28100,2025-11-21,
1731,1월_두툼니트,2026-01-16,2026-02-04,8,834924,플레인카라니트,올리브,니트/스웨터,13000,2025-11-21,
1731,1월_두툼니트,2026-01-16,2026-02-04,9,834905,버터 영문 니트티,로라,니트/스웨터,6000,2025-11-21,
1731,1월_두툼니트,2026-01-16,2026-02-04,10,834126,보슬 박스 브이 니트,바나나피쉬,니트/스웨터,18000,2025-11-20,
1731,1월_두툼니트,2026-01-16,2026-02-04,11,834094,단가라니트2,더플렉스,니트/스웨터,13000,2025-11-20,
1731,1월_두툼니트,2026-01-16,2026-02-04,12,834087,단가라니트,더플렉스,니트/스웨터,10000,2025-11-20,
1731,1월_두툼니트,2026-01-16,2026-02-04,13,833635,버튼라운드니트,달루즈미,니트/스웨터,25000,2025-11-19,
1731,1월_두툼니트,2026-01-16,2026-02-04,14,833378,스노우 울 꽈베기 라운드 니트,윈썸아이,니트/스웨터,27000,2025-11-19,
1731,1월_두툼니트,2026-01-16,2026-02-04,15,833355,소리에니트(미송필수),리썸,니트/스웨터,18000,2025-11-19,
1731,1월_두툼니트,2026-01-16,2026-02-04,16,833335,케피단가라니트,팬츠하우스(PANTS HOUSE),니트/스웨터,30000,2025-11-19,
1731,1월_두툼니트,2026-01-16,2026-02-04,17,833313,탐사라운드니트,쿠바,니트/스웨터,10000,2025-11-19,
1731,1월_두툼니트,2026-01-16,2026-02-04,18,832877,윈터꽈배기니트,보네르,니트/스웨터,24000,2025-11-18,
1731,1월_두툼니트,2026-01-16,2026-02-04,19,832745,코코꽈배기울니트,더조아,니트/스웨터,24000,2025-11-18,
1731,1월_두툼니트,2026-01-16,2026-02-04,20,832084,케이블라운드니트,쿠바,니트/스웨터,10000,2025-11-18,
1731,1월_두툼니트,2026-01-16,2026-02-04,21,832027,베키하이넥니트,톡시,니트/스웨터,29000,2025-11-18,
1731,1월_두툼니트,2026-01-16,2026-02-04,22,831989,"신상)풀오버하프폴라니트ops (울NT 미니원피스, 고퀄리티),핏보장",메이비앤코,니트/스웨터,37000,2025-11-18,
1731,1월_두툼니트,2026-01-16,2026-02-04,23,831969,모비엘니트(미송필수),리썸,니트/스웨터,15000,2025-11-18,
1731,1월_두툼니트,2026-01-16,2026-02-04,24,831863,앙고라니트 겨울 신상 니트 앙고라 보아털 주문폭주 정사이즈 대박,비칠사칠(B747),니트/스웨터,16000,2025-11-17,
1731,1월_두툼니트,2026-01-16,2026-02-04,25,831846,단가라꽈배기니트 겨울 니트 스트라이프 신상 대박 스웨터,비칠사칠(B747),니트/스웨터,15000,2025-11-17,
1731,1월_두툼니트,2026-01-16,2026-02-04,26,831592,기획단가라니트,#루트,니트/스웨터,12000,2025-11-17,
1731,1월_두툼니트,2026-01-16,2026-02-04,27,831589,레빗오버핏자가드니트,#루트,니트/스웨터,15000,2025-11-17,
1731,1월_두툼니트,2026-01-16,2026-02-04,28,831470,라울앙고라니트 (리얼앙고라 퍼니트 겨울니트신상가을니트 울니트 루즈핏,더베이스,니트/스웨터,31000,2025-11-17,
1731,1월_두툼니트,2026-01-16,2026-02-04,29,831429,베키하이넥니트,톡시,니트/스웨터,29000,2025-11-17,
1731,1월_두툼니트,2026-01-16,2026-02-04,30,830505,하이넥집업니트,제이투,니트/스웨터,11000,2025-11-16,
1731,1월_두툼니트,2026-01-16,2026-02-04,31,862471,메이블NT 노르딕 눈꽃 카라 버튼 니트 배색 니트소재,모콰,니트/스웨터,13000,2026-01-12,
1731,1월_두툼니트,2026-01-16,2026-02-04,32,862293,보송 새들 니트 라운드넥 뽀글이 오버핏 6컬러 남녀공용,애드,니트/스웨터,22000,2026-01-12,
1731,1월_두툼니트,2026-01-16,2026-02-04,33,861971,글로우브이넥,브로떼,니트/스웨터,49000,2026-01-12,
1731,1월_두툼니트,2026-01-16,2026-02-04,34,859595,기획)APS헤라시니트V,퍼플그레이,니트/스웨터,10000,2026-01-07,
1731,1월_두툼니트,2026-01-16,2026-02-04,35,857267,노나 자가드 니트티,벨리노(Bellino),니트/스웨터,15000,2025-12-30,
1731,1월_두툼니트,2026-01-16,2026-02-04,36,856009,9373지지직브이니트,더클리닝,니트/스웨터,10000,2025-12-26,
1731,1월_두툼니트,2026-01-16,2026-02-04,37,855991,9323잔단굵단니트,더클리닝,니트/스웨터,9000,2025-12-26,
1731,1월_두툼니트,2026-01-16,2026-02-04,38,855906,9439블랜딩단니트,더클리닝,니트/스웨터,10000,2025-12-26,
1731,1월_두툼니트,2026-01-16,2026-02-04,39,855888,9369꽈도넛브이니트,더클리닝,니트/스웨터,9000,2025-12-26,
1731,1월_두툼니트,2026-01-16,2026-02-04,40,855883,9337기하학니트,더클리닝,니트/스웨터,13000,2025-12-26,
1731,1월_두툼니트,2026-01-16,2026-02-04,41,855880,822귀욤니트,더클리닝,니트/스웨터,7000,2025-12-26,
1731,1월_두툼니트,2026-01-16,2026-02-04,42,855312,멜로우라운드,브로떼,니트/스웨터,45000,2025-12-24,
1731,1월_두툼니트,2026-01-16,2026-02-04,43,854992,크리스티앙 노르딕 패턴 니트 6442,스코프,니트/스웨터,17000,2025-12-23,
1731,1월_두툼니트,2026-01-16,2026-02-04,44,854808,에뜨 고품질 소프트터치 니트 폴라티,벨리노(Bellino),니트/스웨터,17000,2025-12-23,
1731,1월_두툼니트,2026-01-16,2026-02-04,45,854563,코란 페어아일 니트티(3컬러),벨리노(Bellino),니트/스웨터,20000,2025-12-23,
1731,1월_두툼니트,2026-01-16,2026-02-04,46,854429,스타일리쉬한 세미크롭 니트 루즈핏 케이블 스웨터 LDN-20250104,리더스셀러,니트/스웨터,27700,2025-12-22,
1731,1월_두툼니트,2026-01-16,2026-02-04,47,854373,베티 노르딕 패턴 니트 11798,스코프,니트/스웨터,12000,2025-12-22,
1731,1월_두툼니트,2026-01-16,2026-02-04,48,852915,부드러운 루즈핏 스웨터 라운드넥 체형커버 여성 니트 LDN-20250116,리더스셀러,니트/스웨터,25600,2025-12-18,
1731,1월_두툼니트,2026-01-16,2026-02-04,49,852826,듀브 스트라이프 니트 스웨터,벨리노(Bellino),니트/스웨터,19000,2025-12-18,
1731,1월_두툼니트,2026-01-16,2026-02-04,50,852659,[빈티지포근무드] 노르딕 패턴 루즈핏 라운드 니트 스웨터,위온,니트/스웨터,26600,2025-12-17,
1731,1월_두툼니트,2026-01-16,2026-02-04,51,852655,[포근데일리무드] 루즈핏 소프트 라운드 니트 스웨터,위온,니트/스웨터,26600,2025-12-17,
1731,1월_두툼니트,2026-01-16,2026-02-04,52,852479,[포근컬러무드] 헤어리 루즈핏 니트 탑,위온,니트/스웨터,31400,2025-12-17,
1731,1월_두툼니트,2026-01-16,2026-02-04,53,851618,동동 노르덱 패턴 니트 6551,스코프,니트/스웨터,13000,2025-12-16,
1731,1월_두툼니트,2026-01-16,2026-02-04,54,851493,[윈터무드] 노르딕 패턴 포근 니트 상의,위온,니트/스웨터,29500,2025-12-16,
1731,1월_두툼니트,2026-01-16,2026-02-04,55,849090,"신상)알파카브이넥NT(포인트칼라, 루즈핏 베이직 V넥 데일리 니트)",메이비앤코,니트/스웨터,21000,2025-12-12,
1731,1월_두툼니트,2026-01-16,2026-02-04,56,848829,동동 노르딕 패턴 눈꽃 니트 3677,스코프,니트/스웨터,14000,2025-12-11,
1731,1월_두툼니트,2026-01-16,2026-02-04,57,848756,튤립 플라워 니트 티 8627,스코프,니트/스웨터,15000,2025-12-11,
1731,1월_두툼니트,2026-01-16,2026-02-04,58,847601,소프트하고 루즈핏 니트티 캐주얼한 줄무늬 스웨터 LDN-20250126,리더스셀러,니트/스웨터,18600,2025-12-10,
1731,1월_두툼니트,2026-01-16,2026-02-04,59,847363,보나 자가드 니트티,벨리노(Bellino),니트/스웨터,20000,2025-12-10,
1731,1월_두툼니트,2026-01-16,2026-02-04,60,847241,[홀리데이 니트] 레드 노르딕 크루넥 스웨터,위온,니트/스웨터,36300,2025-12-09,
1731,1월_두툼니트,2026-01-16,2026-02-04,61,846926,포이 울 새들니트(신상 램스울 유니섹스 긴팔 울니트 프리미엄),하멜,니트/스웨터,29000,2025-12-09,
1731,1월_두툼니트,2026-01-16,2026-02-04,62,846750,노르딕 파스텔 니트 신상 배색 포근 3272,노랑나비,니트/스웨터,18000,2025-12-08,
1731,1월_두툼니트,2026-01-16,2026-02-04,63,845909,(Sale)(세련된패턴) (가볍고따뜻) 테마 노르딕 니트 스웨터 KNIT 겨울까지,브리밍,니트/스웨터,8000,2025-12-08,
1731,1월_두툼니트,2026-01-16,2026-02-04,64,845908,(sale) (고퀄) (가볍고포근) 뮤엘 펀칭 가디건 레이스 페미닌 소녀풍 니트,브리밍,니트/스웨터,11000,2025-12-08,
1731,1월_두툼니트,2026-01-16,2026-02-04,65,845907,(Sale)(세련된배색) 폴 스트라이프 니트 카라 스웨터 단가라 줄무늬 가볍고 포근,브리밍,니트/스웨터,9000,2025-12-08,
1731,1월_두툼니트,2026-01-16,2026-02-04,66,844450,배색 라운드 니트,칼라에스,니트/스웨터,17000,2025-12-05,
1731,1월_두툼니트,2026-01-16,2026-02-04,67,844438,단가라 트리플톤 니트,칼라에스,니트/스웨터,15000,2025-12-05,
1731,1월_두툼니트,2026-01-16,2026-02-04,68,843450,2313 포그니트,초코파이,니트/스웨터,14000,2025-12-03,
1731,1월_두툼니트,2026-01-16,2026-02-04,69,843448,998 노르딕nt,초코파이,니트/스웨터,13000,2025-12-03,
1731,1월_두툼니트,2026-01-16,2026-02-04,70,842346,레브 알파카 니트,로웰,니트/스웨터,29000,2025-12-02,
1731,1월_두툼니트,2026-01-16,2026-02-04,71,842298,세일) 넥 버튼 부클 컬러 니트,라비제이(Lavi-J),니트/스웨터,15000,2025-12-01,
1731,1월_두툼니트,2026-01-16,2026-02-04,72,841415,하트 하트 꽈베기 니트 탑,바나나피쉬,니트/스웨터,22000,2025-11-30,
1731,1월_두툼니트,2026-01-16,2026-02-04,73,840305,플라워라운드니트,달루즈미,니트/스웨터,22000,2025-11-28,
1731,1월_두툼니트,2026-01-16,2026-02-04,74,840142,9216핑그르르눈꽃니트,더클리닝,니트/스웨터,11000,2025-11-28,
1731,1월_두툼니트,2026-01-16,2026-02-04,75,840135,루즈핏 트임 니트,룸698,니트/스웨터,19000,2025-11-28,
1731,1월_두툼니트,2026-01-16,2026-02-04,76,840091,아가일울니트,제이투,니트/스웨터,9000,2025-11-28,
1731,1월_두툼니트,2026-01-16,2026-02-04,77,840008,울몽글니트ST,배추,니트/스웨터,9000,2025-11-28,
1731,1월_두툼니트,2026-01-16,2026-02-04,78,839946,세일)배색 줄니트,로라,니트/스웨터,5000,2025-11-27,
1731,1월_두툼니트,2026-01-16,2026-02-04,79,838653,"램스울파티목폴라(겨울,신상,두꺼움,따뜻함,크리스마스,커플,데이트,하객룩,앙고라,모헤어)",이유,니트/스웨터,29000,2025-11-27,
1731,1월_두툼니트,2026-01-16,2026-02-04,80,838652,"램스울브이넥니트(겨울,신상,커플,데이트,하객룩,앙고라,모헤어,보카시)",이유,니트/스웨터,26000,2025-11-27,
1731,1월_두툼니트,2026-01-16,2026-02-04,81,838477,[노르딕윈터무드] 포근 배색 하프집업 페어아일 니트 스웨터,위온,니트/스웨터,26600,2025-11-26,
1731,1월_두툼니트,2026-01-16,2026-02-04,82,838217,르제이 울다이아니트(거래처사진) 꽈배기겨울니트,르제이,니트/스웨터,27000,2025-11-26,
1731,1월_두툼니트,2026-01-16,2026-02-04,83,837964,카라보카시 4COLOR 스트라이프카라니트 카라넥 겨울신상 스트라이프패턴,톡샵,니트/스웨터,16000,2025-11-26,
1731,1월_두툼니트,2026-01-16,2026-02-04,84,837947,롱폴라니트 하이넥오버핏골지 여리핏데일리포근 루즈 겨울박시니트,톡샵,니트/스웨터,18000,2025-11-26,
1731,1월_두툼니트,2026-01-16,2026-02-04,85,837564,볼륨데이지 니트 자수,투썸(TWOSOME),니트/스웨터,22000,2025-11-25,
1751,2월_무스탕,2026-02-03,2026-02-20,0,813722,스노우 카라 퍼자켓(겨울 신상 무스탕 아우터 에코 밍크 파티룩 가벼움),파라노이드,무스탕/퍼,43000,2025-10-29,
1751,2월_무스탕,2026-02-03,2026-02-20,1,833383,더플무스탕코트,윈썸아이,무스탕/퍼,59000,2025-11-19,
1751,2월_무스탕,2026-02-03,2026-02-20,2,863023,럼블 양털 무스탕 자켓 덤블퍼 숏 오버핏 고퀄리티 겨울 크롭,엔무브,무스탕/퍼,30000,2026-01-12,
1751,2월_무스탕,2026-02-03,2026-02-20,3,863264,"25fw) 소프트 퍼 하프 무스탕 코트 퍼자켓 (국내생산, 국내원단)",크리스피칩스,무스탕/퍼,66000,2026-01-12,
1751,2월_무스탕,2026-02-03,2026-02-20,4,863024,럼블 양털 무스탕 자켓 덤블퍼 숏 크롭 오버핏 고퀄 겨울용,엔무브,무스탕/퍼,30000,2026-01-12,
1751,2월_무스탕,2026-02-03,2026-02-20,5,830975,H2568 양털 무스탕 자켓,에이치투,자켓,24000,2025-11-17,
1751,2월_무스탕,2026-02-03,2026-02-20,6,833386,리버시블하프무스탕,윈썸아이,무스탕/퍼,64000,2025-11-19,
1751,2월_무스탕,2026-02-03,2026-02-20,7,823958,시어링버클무스탕,카바나,무스탕/퍼,30000,2025-11-10,
1751,2월_무스탕,2026-02-03,2026-02-20,8,862279,무스탕 카라 코트 인조퍼 롱코트,CF,무스탕/퍼,44000,2026-01-12,
1751,2월_무스탕,2026-02-03,2026-02-20,9,862592,럼블 양털 무스탕 자켓 덤블퍼 숏 오버핏 고퀄 겨울 크롭,엔무브,무스탕/퍼,30000,2026-01-12,
1751,2월_무스탕,2026-02-03,2026-02-20,10,863022,럼블 양털 무스탕 자켓 덤블퍼 숏 오버핏 고퀄리티,엔무브,무스탕/퍼,30000,2026-01-12,
1751,2월_무스탕,2026-02-03,2026-02-20,11,865241,거래처사진)폭스퍼JK (연말룩 무스탕 카라 양모 모피 밍크 초고퀄),엔무브,무스탕/퍼,30000,2026-01-14,
1751,2월_무스탕,2026-02-03,2026-02-20,12,863317,주문폭주)럼블양털무스탕 (자켓 퍼 숏 고퀄 덤블 안감 스웨이드 크롭 ),엔무브,무스탕/퍼,30000,2026-01-12,
1751,2월_무스탕,2026-02-03,2026-02-20,13,862512,무스탕 조끼 양면 스웨이드 양털 퍼 안감 지퍼 포켓 베스트,온리원,무스탕/퍼,35000,2026-01-12,
1751,2월_무스탕,2026-02-03,2026-02-20,14,848841,라이더무스탕,사이다,무스탕/퍼,56000,2025-12-11,
1751,2월_무스탕,2026-02-03,2026-02-20,15,843806,빅세일바배)밴딩퍼무스탕,니트랑,무스탕/퍼,19000,2025-12-04,
1751,2월_무스탕,2026-02-03,2026-02-20,16,855890,5223둥글카라무스탕,더클리닝,무스탕/퍼,28000,2025-12-26,
1751,2월_무스탕,2026-02-03,2026-02-20,17,840134,폴드 무스탕점퍼 [양면],룸698,무스탕/퍼,56000,2025-11-28,
1751,2월_무스탕,2026-02-03,2026-02-20,18,862389,무스탕 조끼 스웨이드 세무 양털 뽀글이 크롭 베스트,유레카,무스탕/퍼,35000,2026-01-12,
1751,2월_무스탕,2026-02-03,2026-02-20,19,843015,키나 무스탕 자켓 머플러 셋업,벨리노(Bellino),자켓,37000,2025-12-02,
1751,2월_무스탕,2026-02-03,2026-02-20,20,846627,[윈터데일리/보온갑무스탕] 더블버튼 하이넥 스웨이드 숏 점퍼,위온,집업/점퍼,65600,2025-12-08,
1751,2월_무스탕,2026-02-03,2026-02-20,21,847393,브라우니무스탕,카바나,무스탕/퍼,45000,2025-12-10,
1751,2월_무스탕,2026-02-03,2026-02-20,22,842855,롱무스탕,사이다,무스탕/퍼,57000,2025-12-02,
1751,2월_무스탕,2026-02-03,2026-02-20,23,842339,스웨이드무스탕,카바나,집업/점퍼,36000,2025-12-02,
1751,2월_무스탕,2026-02-03,2026-02-20,24,833326,웜 무스탕 자켓,이유,무스탕/퍼,34000,2025-11-19,
1751,2월_무스탕,2026-02-03,2026-02-20,25,811858,카라 양면무스탕,반하다,무스탕/퍼,38000,2025-10-28,
1751,2월_무스탕,2026-02-03,2026-02-20,26,811226,절개후드무스탕,클레버,무스탕/퍼,69000,2025-10-28,
1751,2월_무스탕,2026-02-03,2026-02-20,27,811022,"신상,파스텔 오버 밍크퍼자켓, 무스탕",퀸더힐,무스탕/퍼,39000,2025-10-27,
1751,2월_무스탕,2026-02-03,2026-02-20,28,809987,리오더짱)양면 무스탕자켓,로라,무스탕/퍼,35000,2025-10-26,
1751,2월_무스탕,2026-02-03,2026-02-20,29,809992,세일)또또 무스탕자켓 가방세트,로라,무스탕/퍼,23000,2025-10-26,
1751,2월_무스탕,2026-02-03,2026-02-20,30,807886,미니무스탕,카바나,무스탕/퍼,30000,2025-10-23,
1751,2월_무스탕,2026-02-03,2026-02-20,31,809991,간지짱)비죠 무스탕자켓,로라,무스탕/퍼,25000,2025-10-26,
1751,2월_무스탕,2026-02-03,2026-02-20,32,838481,[윈터모던무드] 포근 더블퍼 안감 하이넥 무스탕 자켓,위온,자켓,44000,2025-11-26,
1751,2월_무스탕,2026-02-03,2026-02-20,33,831656,[에코퍼 무스탕/데일리] 포근양털 배색 카라 숏자켓,위온,자켓,44000,2025-11-17,
1751,2월_무스탕,2026-02-03,2026-02-20,34,832463,[데일리&포근무드] 스웨이드 보아퍼 무스탕 자켓,위온,자켓,53600,2025-11-18,
1751,2월_무스탕,2026-02-03,2026-02-20,35,831658,[에코퍼 무스탕/후드] 뽀글양털 배색 포근 숏자켓,위온,자켓,48800,2025-11-17,
1751,2월_무스탕,2026-02-03,2026-02-20,36,825429,보들럭셔리 무스탕jk,유스픽,무스탕/퍼,25000,2025-11-11,
1751,2월_무스탕,2026-02-03,2026-02-20,37,832459,[데일리&포근무드] 양털 카라 포인트 숏 무스탕 자켓,위온,자켓,48800,2025-11-18,
1751,2월_무스탕,2026-02-03,2026-02-20,38,823985,누벨르무스탕퍼조끼,유안느,무스탕/퍼,21000,2025-11-10,
1751,2월_무스탕,2026-02-03,2026-02-20,39,820233,H2561 무스탕 리버시블 코트,에이치투,무스탕/퍼,29000,2025-11-05,
1751,2월_무스탕,2026-02-03,2026-02-20,40,818765,양털 무스탕코트 뽀글이 자켓 겨울신상 부클,부키네,무스탕/퍼,49000,2025-11-04,
1751,2월_무스탕,2026-02-03,2026-02-20,41,783955,"레더 무스탕베스트(기획,신상,남여공용,오버핏,시밀러룩,커플룩,겨울,양털)",크레센트,무스탕/퍼,38000,2025-09-10,
1751,2월_무스탕,2026-02-03,2026-02-20,42,807102,더플무스탕,제이투,코트,25000,2025-10-22,
1751,2월_무스탕,2026-02-03,2026-02-20,43,839957,신상)하이넥 퍼 스웨이드무스탕,미라지,무스탕/퍼,59000,2025-11-28,
1751,2월_무스탕,2026-02-03,2026-02-20,44,839958,신상)퍼 카라 스웨이드 무스탕,미라지,무스탕/퍼,59000,2025-11-28,
1751,2월_무스탕,2026-02-03,2026-02-20,45,806070,리버시블인조무스탕,헤르츠,자켓,24000,2025-10-21,
1751,2월_무스탕,2026-02-03,2026-02-20,46,840125,토리 후드 무스탕,룸698,무스탕/퍼,69000,2025-11-28,
1751,2월_무스탕,2026-02-03,2026-02-20,47,839956,신상)워크무스탕,미라지,무스탕/퍼,59000,2025-11-28,
1751,2월_무스탕,2026-02-03,2026-02-20,48,805461,[데일리&윈터/포근핏] 블루 무스탕 퍼 자켓,위온,자켓,55000,2025-10-20,
1751,2월_무스탕,2026-02-03,2026-02-20,49,804495,베스트)카라 스웨이드 자켓 무스탕 양털 안감,로라,무스탕/퍼,19000,2025-10-17,
1751,2월_무스탕,2026-02-03,2026-02-20,50,805262,세일)7267 더블 퍼 무스탕,퍼프,집업/점퍼,18000,2025-10-20,
1751,2월_무스탕,2026-02-03,2026-02-20,51,834906,웨스트무스탕,카바나,무스탕/퍼,55000,2025-11-21,
1751,2월_무스탕,2026-02-03,2026-02-20,52,833457,원더JP ( 세일 무스탕 숏 패딩 점퍼 퍼 ),럭키,패딩,23000,2025-11-19,
1751,2월_무스탕,2026-02-03,2026-02-20,53,831820,P리버시블무스탕,밥,무스탕/퍼,98000,2025-11-17,
1751,2월_무스탕,2026-02-03,2026-02-20,54,816918,신상 시어링무스탕,러브로지,무스탕/퍼,85000,2025-11-03,
1751,2월_무스탕,2026-02-03,2026-02-20,55,813660,스웨이드 롱무스탕 보들무스탕 감촉굿 페이크 뽀글이 털 벙어리장갑,샤비,무스탕/퍼,55000,2025-10-29,
1751,2월_무스탕,2026-02-03,2026-02-20,56,832466,[데일리&양면무드] 보아퍼 리버시블 스웨이드 무스탕 자켓,위온,자켓,48800,2025-11-18,
1751,2월_무스탕,2026-02-03,2026-02-20,57,802507,카라 무스탕 조끼 스웨이드,로라,무스탕/퍼,12000,2025-10-14,
1751,2월_무스탕,2026-02-03,2026-02-20,58,819709,(리버시블)롱베어무스탕,사이다,무스탕/퍼,53000,2025-11-05,
1751,2월_무스탕,2026-02-03,2026-02-20,59,832567,[데일리&포근무드] 보아퍼 무스탕 코트 세트 머플러 포함,위온,자켓,48800,2025-11-18,
1751,2월_무스탕,2026-02-03,2026-02-20,60,801727,"겨울신상)리버시블양털무스탕CT(투웨이 , 리버시블 누빔 패딩 코트)",메이비앤코,무스탕/퍼,31000,2025-10-14,
1751,2월_무스탕,2026-02-03,2026-02-20,61,803503,후드하프무스탕,제이투,코트,26000,2025-10-16,
1751,2월_무스탕,2026-02-03,2026-02-20,62,802506,V 무스탕 조끼 뽀글이 스웨이드,로라,무스탕/퍼,12000,2025-10-14,
1751,2월_무스탕,2026-02-03,2026-02-20,63,783953,"레더 무스탕베스트(기획,신상,남여공용,오버핏,시밀러룩,커플룩,가을,겨울,양털)",크레센트,무스탕/퍼,39000,2025-09-10,
1751,2월_무스탕,2026-02-03,2026-02-20,64,783956,"레더 무스탕베스트(기획,신상,주문폭주,남여공용,오버핏,시밀러룩,커플룩,겨울,양털,가을)",크레센트,무스탕/퍼,38000,2025-09-10,
1751,2월_무스탕,2026-02-03,2026-02-20,65,800688,마벨무스탕,나나샵,자켓,15000,2025-10-11,
1751,2월_무스탕,2026-02-03,2026-02-20,66,619793,버스팅 무스탕(리얼 고퀄리티 가죽 내피 워싱),리스크,무스탕/퍼,59000,2025-02-10,
1751,2월_무스탕,2026-02-03,2026-02-20,67,592805,양털무스탕조끼,제이클로젯,조끼,23000,2025-01-07,
1752,2월_긴팔 블라우스,2026-02-03,2026-02-25,0,892333,피넛bl_2026SS 봄신상 블라우스 여리핏 데일리룩 스트라이프,코코넛 ,블라우스,26000,2026-02-09,
1752,2월_긴팔 블라우스,2026-02-03,2026-02-25,1,892259,로아bl_26SS 블라우스 재진행 레이어드 뷔스티에 나시블라우스 세트,코코넛 ,블라우스,19000,2026-02-09,
1752,2월_긴팔 블라우스,2026-02-03,2026-02-25,2,888456,신상 르제이 스트링블라우스,르제이,블라우스,22000,2026-02-04,
1752,2월_긴팔 블라우스,2026-02-03,2026-02-25,3,893069,르메로나 레이스 프릴 블라우스 33819,스코프,블라우스,17000,2026-02-09,
1752,2월_긴팔 블라우스,2026-02-03,2026-02-25,4,894625,레이어드 스트라이프 블라우스,코코블리,블라우스,10000,2026-02-11,
1752,2월_긴팔 블라우스,2026-02-03,2026-02-25,5,897037,레일 코튼 블라우스 레이스 펀칭 퍼프 소매 여유로운핏 A라인,브리밍,블라우스,17000,2026-02-13,
1752,2월_긴팔 블라우스,2026-02-03,2026-02-25,6,895010,9303에겐녀블라우스,더클리닝,블라우스,8000,2026-02-11,
1752,2월_긴팔 블라우스,2026-02-03,2026-02-25,7,894714,5861드림블라우스,더클리닝,블라우스,8000,2026-02-11,
1752,2월_긴팔 블라우스,2026-02-03,2026-02-25,8,897078,"봄신상)퍼프뒷절개BL(칠부,콩단추소매벌룬셔링,셔츠블라우스,하객룩)2026",메이비앤코,블라우스,23000,2026-02-13,
1752,2월_긴팔 블라우스,2026-02-03,2026-02-25,9,899538,신상)5521 래쉬 뒷트임 남방,퍼프,블라우스,8000,2026-02-19,
1752,2월_긴팔 블라우스,2026-02-03,2026-02-25,10,885944,봄 신상 로제 BL,Melted 멜티드 ,블라우스,59000,2026-02-03,
1752,2월_긴팔 블라우스,2026-02-03,2026-02-25,11,885361,세일)V날씬 블라우스,로라,블라우스,5000,2026-02-02,
1752,2월_긴팔 블라우스,2026-02-03,2026-02-25,12,882822,몬트BL,위크플랜,블라우스,25000,2026-01-30,
1752,2월_긴팔 블라우스,2026-02-03,2026-02-25,13,885930,주문폭주)꽃잎 오프숄더 블라우스,로라,블라우스,10000,2026-02-03,
1752,2월_긴팔 블라우스,2026-02-03,2026-02-25,14,885946,봄 신상 블루밍 블라우스,Melted 멜티드 ,블라우스,43000,2026-02-03,
1752,2월_긴팔 블라우스,2026-02-03,2026-02-25,15,885952,봄 블러쉬 블라우스,Melted 멜티드 ,블라우스,43000,2026-02-03,
1752,2월_긴팔 블라우스,2026-02-03,2026-02-25,16,877072,로지시스루프릴블라우스,유안느,블라우스,14000,2026-01-26,
1752,2월_긴팔 블라우스,2026-02-03,2026-02-25,17,877097,바이린BL블라우스,아델라,블라우스,24000,2026-01-26,
1752,2월_긴팔 블라우스,2026-02-03,2026-02-25,18,878590,레이나 리본bl,유스픽,블라우스,7000,2026-01-27,
1752,2월_긴팔 블라우스,2026-02-03,2026-02-25,19,872347,콜마 셔링 카라 셔츠,벨리노(Bellino),셔츠/남방,17000,2026-01-21,
1752,2월_긴팔 블라우스,2026-02-03,2026-02-25,20,878417,신상)4728 레이스 플라워 블라우스,퍼프,블라우스,16000,2026-01-26,
1752,2월_긴팔 블라우스,2026-02-03,2026-02-25,21,877070,브로즈셔링블라우스,유안느,블라우스,14000,2026-01-26,
1752,2월_긴팔 블라우스,2026-02-03,2026-02-25,22,877062,오픈타이BL,블로윙,블라우스,28000,2026-01-26,
1752,2월_긴팔 블라우스,2026-02-03,2026-02-25,23,877108,세일)물결레이스 블라우스,로라,블라우스,5000,2026-01-26,
1752,2월_긴팔 블라우스,2026-02-03,2026-02-25,24,877115,소매 벌룬 오꽃잎  블라우스,무새,블라우스,17000,2026-01-26,
1752,2월_긴팔 블라우스,2026-02-03,2026-02-25,25,881593,신상)2127 펌프 숏 남방,퍼프,블라우스,13000,2026-01-29,
1752,2월_긴팔 블라우스,2026-02-03,2026-02-25,26,874460,스퀘어셔링블라우스,제이투,블라우스,9000,2026-01-22,
1752,2월_긴팔 블라우스,2026-02-03,2026-02-25,27,872334,세일)V리본 주름 블라우스,로라,블라우스,5000,2026-01-21,
1752,2월_긴팔 블라우스,2026-02-03,2026-02-25,28,873981,로렌크롭블라우스,제이투,블라우스,13000,2026-01-22,
1752,2월_긴팔 블라우스,2026-02-03,2026-02-25,29,873878,코튼 타이 블라우스,로웰,블라우스,25000,2026-01-22,
1752,2월_긴팔 블라우스,2026-02-03,2026-02-25,30,776381,리본타이블라우스(핀턱블라우스 타이블라우스 신상 퍼프블랑 샤링셔링 에이라인 오피스,더베이스,블라우스,26000,2025-09-03,
1752,2월_긴팔 블라우스,2026-02-03,2026-02-25,31,793756,로제블라우스 (신상블랑 텐셀블라우스 기본블랑베이직 히든버튼 오피스 하객 회사,더베이스,블라우스,24000,2025-09-23,
1752,2월_긴팔 블라우스,2026-02-03,2026-02-25,32,771710,오프숄더 체크 블라우스)러블리 셔링 퍼프소매 구김이 덜가는,DDM82,블라우스,16000,2025-08-29,
1752,2월_긴팔 블라우스,2026-02-03,2026-02-25,33,872324,26ss)V양프릴 블라우스,로라,블라우스,10000,2026-01-21,
1752,2월_긴팔 블라우스,2026-02-03,2026-02-25,34,773486,로제블라우스(신상블라우스 가을블라우스 카라셔츠 카라블랑 오피스룩 출근룩 회사룩 샤,더베이스,블라우스,24000,2025-09-01,
1752,2월_긴팔 블라우스,2026-02-03,2026-02-25,35,874414,로아셔링블라우스,제이투,블라우스,11000,2026-01-22,
1752,2월_긴팔 블라우스,2026-02-03,2026-02-25,36,872323,26ss)V 2줄프릴 블라우스,로라,블라우스,12000,2026-01-21,
1752,2월_긴팔 블라우스,2026-02-03,2026-02-25,37,759686,글로시카라BL,써클,블라우스,21000,2025-08-21,
1752,2월_긴팔 블라우스,2026-02-03,2026-02-25,38,780776,시스루블라우스) 카라넥셔츠 시스루BL,바이지오,블라우스,11000,2025-09-08,
1752,2월_긴팔 블라우스,2026-02-03,2026-02-25,39,872328,세일)잔꽃 스모그 블라우스,로라,블라우스,7000,2026-01-21,
1752,2월_긴팔 블라우스,2026-02-03,2026-02-25,40,758660,가을신상간절기25FW-타이BL)빅사이즈가을블라우스 긴팔티셔츠,이찌(ITZZI),블라우스,9000,2025-08-20,
1752,2월_긴팔 블라우스,2026-02-03,2026-02-25,41,758556,입술리본BL,써클,블라우스,19000,2025-08-20,
1752,2월_긴팔 블라우스,2026-02-03,2026-02-25,42,758315,9718 무스bl,초코파이,블라우스,10000,2025-08-19,
1752,2월_긴팔 블라우스,2026-02-03,2026-02-25,43,745713,9부프릴블라우스,헤일로,블라우스,11000,2025-07-31,
1752,2월_긴팔 블라우스,2026-02-03,2026-02-25,44,765568,이스리본블라우스(신상블라우스 리본블랑 기본블라 레이어드,더베이스,블라우스,24000,2025-08-27,
1752,2월_긴팔 블라우스,2026-02-03,2026-02-25,45,758271,1792 레이카라셔츠bl,초코파이,블라우스,13000,2025-08-19,
1752,2월_긴팔 블라우스,2026-02-03,2026-02-25,46,746356,신상)1875 레글런 자수 블라우스,퍼프,블라우스,16000,2025-08-04,
1752,2월_긴팔 블라우스,2026-02-03,2026-02-25,47,754442,도버 블라우스,로웰,블라우스,23000,2025-08-14,
1752,2월_긴팔 블라우스,2026-02-03,2026-02-25,48,805083,브린실키블라우스 (신상 고급스러운광택 카라블라우스샤틴섀틴 실크블랑 오피스,더베이스,블라우스,28000,2025-10-19,
1752,2월_긴팔 블라우스,2026-02-03,2026-02-25,49,804673,[모던&페미닌/레이어드룩] 카라 셔츠 드레이프 긴팔 티셔츠,위온,블라우스,26000,2025-10-17,
1752,2월_긴팔 블라우스,2026-02-03,2026-02-25,50,780222,뮬랑랩BL,써클,블라우스,18000,2025-09-08,
1752,2월_긴팔 블라우스,2026-02-03,2026-02-25,51,797708,7부 셔츠 세련된 스트라이프 패션 여성 블라우스 RLD-572,리더스셀러,블라우스,11500,2025-09-30,
1752,2월_긴팔 블라우스,2026-02-03,2026-02-25,52,773515,시스루블라우스 (텐셀블라우스 기본블라우스 레이어드 오피스룩 하객 세미 출근 신상,더베이스,블라우스,24000,2025-09-01,
1752,2월_긴팔 블라우스,2026-02-03,2026-02-25,53,784218,"신상)벌룬퍼프카라셔츠BL(소매벌룬,셔링블라우스미시,하객룩)",메이비앤코,블라우스,29000,2025-09-11,
1752,2월_긴팔 블라우스,2026-02-03,2026-02-25,54,771734,네크 레이스 블라우스)라이오셀 화이트 블라우스 하객룩,DDM82,블라우스,16000,2025-08-29,
1752,2월_긴팔 블라우스,2026-02-03,2026-02-25,55,773536,홀터넥 레이어드 블라우스,부키네,블라우스,19000,2025-09-01,
1752,2월_긴팔 블라우스,2026-02-03,2026-02-25,56,782972,리치엔블라우스 (25fw 스퀘어넥 프릴 러플 크롭 버튼 빈티지 페미닌 y2k),메인,블라우스,24000,2025-09-10,
1752,2월_긴팔 블라우스,2026-02-03,2026-02-25,57,860694,타이블라우스,더조아,블라우스,24000,2026-01-08,
1752,2월_긴팔 블라우스,2026-02-03,2026-02-25,58,886003,데이지bl,데얼즈,블라우스,25000,2026-02-03,
1752,2월_긴팔 블라우스,2026-02-03,2026-02-25,59,885365,세일)왕리본 블라우스,로라,블라우스,5000,2026-02-02,
1752,2월_긴팔 블라우스,2026-02-03,2026-02-25,60,883013,5295사쿠라프릴탑,더클리닝,블라우스,10000,2026-01-30,
1752,2월_긴팔 블라우스,2026-02-03,2026-02-25,61,884619,머스트BL,온니(on-ni),블라우스,23000,2026-02-02,
1752,2월_긴팔 블라우스,2026-02-03,2026-02-25,62,885349,세일)줄레이스 리본 블라우스,로라,블라우스,5000,2026-02-02,
1752,2월_긴팔 블라우스,2026-02-03,2026-02-25,63,859453,303 뱅스bl,초코파이,블라우스,13000,2026-01-06,
1752,2월_긴팔 블라우스,2026-02-03,2026-02-25,64,745884,"스퀘어단추셔링BL(퍼프셔링,전체단추오픈,하객룩강추),",메이비앤코,블라우스,6000,2025-08-01,
1752,2월_긴팔 블라우스,2026-02-03,2026-02-25,65,851223,[모던써머/쿨터치] 릴랙스 카라 딥브이 루즈핏 블라우스,위온,블라우스,24200,2025-12-16,
1752,2월_긴팔 블라우스,2026-02-03,2026-02-25,66,872322,세일)R프릴 리본 블라우스,로라,블라우스,9000,2026-01-21,
1752,2월_긴팔 블라우스,2026-02-03,2026-02-25,67,872330,세일)V카라 배색 블라우스,로라,블라우스,10000,2026-01-21,
1752,2월_긴팔 블라우스,2026-02-03,2026-02-25,68,795661,가을 세미정장 셔츠 체크무늬 간절기 감각적인 블라우스 RLD-148,리더스셀러,블라우스,10500,2025-09-25,
1752,2월_긴팔 블라우스,2026-02-03,2026-02-25,69,795270,보르도BL,블로윙,블라우스,28000,2025-09-25,
1752,2월_긴팔 블라우스,2026-02-03,2026-02-25,70,770435,시스루블라우스(신상블라우스 텐셀블라우스 블랑 카라 셔츠 하객 오피스룩 세미룩 회사,더베이스,블라우스,24000,2025-08-28,
1752,2월_긴팔 블라우스,2026-02-03,2026-02-25,71,793824,코튼 타이 블라우스,로웰,블라우스,25000,2025-09-23,
1752,2월_긴팔 블라우스,2026-02-03,2026-02-25,72,780787,찰랑BL) 가을신상 베이직한 디자인 가벼운소재 카라넥 블라우스,바이지오,블라우스,9000,2025-09-08,
1752,2월_긴팔 블라우스,2026-02-03,2026-02-25,73,787595,로제블라우스 (국내 신상블라우스 시스루블라우스 텐셀블라우스 하객룩 오피스룩 카라블랑 기본,더베이스,블라우스,24000,2025-09-16,
1752,2월_긴팔 블라우스,2026-02-03,2026-02-25,74,872325,세일)V옆리본 블라우스,로라,블라우스,5000,2026-01-21,
1752,2월_긴팔 블라우스,2026-02-03,2026-02-25,75,798174,뷔스티에블라우스,제이투,블라우스,12000,2025-10-01,
1752,2월_긴팔 블라우스,2026-02-03,2026-02-25,76,872331,26ss)둥근카라 V블라우스,로라,블라우스,12000,2026-01-21,
1752,2월_긴팔 블라우스,2026-02-03,2026-02-25,77,761089,데일리 체크 헨리넥 블라우스 셔츠 티셔츠 가을 겨울 상의 긴팔 아우터,엘은진,블라우스,8900,2025-08-22,
1752,2월_긴팔 블라우스,2026-02-03,2026-02-25,78,779009,스퀘어넥 크롭 셔링 블라우스,라이크미,블라우스,13000,2025-09-05,
1752,2월_긴팔 블라우스,2026-02-03,2026-02-25,79,872321,26ss)R레이스 프릴 블라우스,로라,블라우스,11000,2026-01-21,
1752,2월_긴팔 블라우스,2026-02-03,2026-02-25,80,782992,"신상, 클래식무드 코듀로이 스트라이프 셔츠, 남방",퀸더힐,블라우스,29000,2025-09-10,
1754,2월_레그 워머,2026-02-03,2026-02-20,0,862609,배색 니트 발토시 양말 립조직 루즈핏 롱삭스,어썸,양말/스타킹/레깅스,5000,2026-01-12,
1754,2월_레그 워머,2026-02-03,2026-02-20,1,859414,주문폭주 이션발토시 워머 삭스 양말,라익(like),양말/스타킹/레깅스,8000,2026-01-06,
1754,2월_레그 워머,2026-02-03,2026-02-20,2,858267,마름모체크발토시(3c)발워머,수피아,양말/스타킹/레깅스,7000,2026-01-03,
1754,2월_레그 워머,2026-02-03,2026-02-20,3,858266,단풍발토시(2c)발워머 울혼용,수피아,양말/스타킹/레깅스,7000,2026-01-03,
1754,2월_레그 워머,2026-02-03,2026-02-20,4,855359,단풍도트발토시(4c)발워머,수피아,양말/스타킹/레깅스,8000,2025-12-24,
1754,2월_레그 워머,2026-02-03,2026-02-20,5,845456,배색리본발토시(3c)발워머 앙고라,수피아,양말/스타킹/레깅스,5000,2025-12-06,
1754,2월_레그 워머,2026-02-03,2026-02-20,6,850229,보헤미안발토시(2c)발워머 두꺼움,수피아,양말/스타킹/레깅스,8000,2025-12-13,
1754,2월_레그 워머,2026-02-03,2026-02-20,7,826483,로미)팬던트 레그워머 3칼라(발토시 골지 니트 양말 니삭스 렉워머)),놈,양말/스타킹/레깅스,9000,2025-11-12,
1754,2월_레그 워머,2026-02-03,2026-02-20,8,867507,노르딕눈꽃레그워머 발토시,에그니 ,양말/스타킹/레깅스,7700,2026-01-15,
1754,2월_레그 워머,2026-02-03,2026-02-20,9,786627,양말 발목 중목 레트로 리본 발토시 발워머 겨울 봄 덧신 포인트 현아 키치한 y2k 팔토시,위드삐삐마켓,양말/스타킹/레깅스,2800,2025-09-15,
1754,2월_레그 워머,2026-02-03,2026-02-20,10,863166,포근 니트 레그워머 발토시 롱 기모 양말,라익(like),양말/스타킹/레깅스,7000,2026-01-12,
1754,2월_레그 워머,2026-02-03,2026-02-20,11,860399,70cm 롱 도톰한 쫀쫀한 레그워머 울 니삭스 양말 발토시 보온 패션 워머 공연 행사 양말,위드삐삐마켓,양말/스타킹/레깅스,5000,2026-01-07,
1754,2월_레그 워머,2026-02-03,2026-02-20,12,859526,40cm 70cm 레그워머 울 니삭스 양말 발토시 보온 패션 워머 공연 행사 양말 삭스 중,위드삐삐마켓,양말/스타킹/레깅스,1500,2026-01-06,
1754,2월_레그 워머,2026-02-03,2026-02-20,13,855721,SS025 골지워머 주름골지워머 핸드워머 레그워머,달리아,양말/스타킹/레깅스,4000,2025-12-25,
1754,2월_레그 워머,2026-02-03,2026-02-20,14,842240,노르딕니트레그워머 발토시,에그니 ,양말/스타킹/레깅스,4000,2025-12-01,
1754,2월_레그 워머,2026-02-03,2026-02-20,15,837759,레그워머 발토시,영광사,양말/스타킹/레깅스,2000,2025-11-25,
1754,2월_레그 워머,2026-02-03,2026-02-20,16,837755,레그워머 발토시,영광사,양말/스타킹/레깅스,2000,2025-11-25,
1754,2월_레그 워머,2026-02-03,2026-02-20,17,837737,발토시 레그워머,영광사,양말/스타킹/레깅스,3000,2025-11-25,
1754,2월_레그 워머,2026-02-03,2026-02-20,18,835525,리본 발레코어 여성스러운 레그워머 니삭스 양말 발토시 보온 골지 패션 워머 공연 행사 삭스,위드삐삐마켓,양말/스타킹/레깅스,3500,2025-11-21,
1754,2월_레그 워머,2026-02-03,2026-02-20,19,835523,라인 스트라이프 줄무늬 레그워머 니삭스 양말 발토시 보온 골지 패션 워머 공연 행사 양말,위드삐삐마켓,양말/스타킹/레깅스,3000,2025-11-21,
1754,2월_레그 워머,2026-02-03,2026-02-20,20,835507,슬림 뽀글이 도톰 레그워머 니삭스 양말 발토시 보온 골지 패션 워머 공연 행사 양말 삭스,위드삐삐마켓,양말/스타킹/레깅스,2200,2025-11-21,
1754,2월_레그 워머,2026-02-03,2026-02-20,21,835488,장미 플라워 레그워머 니삭스 양말 발토시 보온 골지 패션 워머 공연 행사 양말 삭스 레트로,위드삐삐마켓,양말/스타킹/레깅스,4000,2025-11-21,
1754,2월_레그 워머,2026-02-03,2026-02-20,22,835444,단추 유니크 사선 레그워머 니삭스 양말 발토시 보온 골지 패션 워머 공연 행사 양말 삭스,위드삐삐마켓,양말/스타킹/레깅스,4000,2025-11-21,
1754,2월_레그 워머,2026-02-03,2026-02-20,23,833237,"니트워머,발토시,골지,발레코어,배색,보온,예쁜핏[베이직 투톤 레그워머]",미미가,양말/스타킹/레깅스,4000,2025-11-18,
1754,2월_레그 워머,2026-02-03,2026-02-20,24,830398,밴딩니트레그워머,에그니 ,양말/스타킹/레깅스,4000,2025-11-16,
1754,2월_레그 워머,2026-02-03,2026-02-20,25,820448,배색 레이어드 레그워머(여성 겨울 신상 프릴 투톤 다리 니삭스 골지 양말,나이스앨리스,양말/스타킹/레깅스,5500,2025-11-06,
1754,2월_레그 워머,2026-02-03,2026-02-20,26,807707,큐티리본레그워머,카라(kara),양말/스타킹/레깅스,4000,2025-10-22,
1754,2월_레그 워머,2026-02-03,2026-02-20,27,805230,앙리(여성패션양말 레그워머 골지 프릴 레이스 라벨 팔토시 FW신상),토탈싹스,양말/스타킹/레깅스,30000,2025-10-20,
1754,2월_레그 워머,2026-02-03,2026-02-20,28,805138,NEW) 006 버튼 레그워머 가을 겨울 양말 낱장가능,다인,양말/스타킹/레깅스,9000,2025-10-19,
1754,2월_레그 워머,2026-02-03,2026-02-20,29,803855,sale)캐주얼 레그워머,카라(kara),양말/스타킹/레깅스,4000,2025-10-16,
1754,2월_레그 워머,2026-02-03,2026-02-20,30,796320,레이스단추 레그워머,카라(kara),양말/스타킹/레깅스,6000,2025-09-26,
1754,2월_레그 워머,2026-02-03,2026-02-20,31,796317,보들레그워머,카라(kara),양말/스타킹/레깅스,6000,2025-09-26,
1754,2월_레그 워머,2026-02-03,2026-02-20,32,794676,다이아몬드 레그워머,카라(kara),양말/스타킹/레깅스,10000,2025-09-23,
1754,2월_레그 워머,2026-02-03,2026-02-20,33,789817,큐티리본 레그워머,카라(kara),양말/스타킹/레깅스,4000,2025-09-17,
1754,2월_레그 워머,2026-02-03,2026-02-20,34,786619,숏 레터링 쫀쫀한 레그워머 울 니삭스 양말 발토시 보온 골지 패션 워머 공연 행사 양말 삭,위드삐삐마켓,양말/스타킹/레깅스,3500,2025-09-15,
1754,2월_레그 워머,2026-02-03,2026-02-20,35,786629,노르딕 패턴 니트 리본 끈 패션 발토시 워머 니삭스 로리타 공연 행사 양말 삭스 레그워머,위드삐삐마켓,양말/스타킹/레깅스,6200,2025-09-15,
1754,2월_레그 워머,2026-02-03,2026-02-20,36,786327,Sole코튼레그워머(여성패션양말 무지 골지 레터링 필라테스 FW신상 팔토시),토탈싹스,양말/스타킹/레깅스,20000,2025-09-15,
1754,2월_레그 워머,2026-02-03,2026-02-20,37,785397,캐주얼 레그워머,카라(kara),양말/스타킹/레깅스,6000,2025-09-12,
1754,2월_레그 워머,2026-02-03,2026-02-20,38,784771,베스트울레그워머,카라(kara),양말/스타킹/레깅스,8000,2025-09-11,
1754,2월_레그 워머,2026-02-03,2026-02-20,39,782907,뉴레이스 레그워머,카라(kara),양말/스타킹/레깅스,5500,2025-09-09,
1754,2월_레그 워머,2026-02-03,2026-02-20,40,780977,투톤 레그워머,카라(kara),양말/스타킹/레깅스,4000,2025-09-08,
1754,2월_레그 워머,2026-02-03,2026-02-20,41,777156,앙고라 쫀쫀한 레그워머 울 니삭스 양말 발토시 보온 패션 워머 공연 행사 양말 삭스 중목,위드삐삐마켓,양말/스타킹/레깅스,5400,2025-09-04,
1754,2월_레그 워머,2026-02-03,2026-02-20,42,777145,워머 발토시 레그워머 골지 니트 가을 겨울 부츠컷 하이틴 투톤 스타킹 니삭스,위드삐삐마켓,양말/스타킹/레깅스,4000,2025-09-04,
1754,2월_레그 워머,2026-02-03,2026-02-20,43,776964,쫀쫀한 레그워머 울 니삭스 양말 발토시 보온 골지 패션 워머 공연 행사 양말 삭스 중목,위드삐삐마켓,양말/스타킹/레깅스,2300,2025-09-04,
1754,2월_레그 워머,2026-02-03,2026-02-20,44,777149,그라데이션 쫀쫀한 레그워머 니삭스 양말 발토시 보온 골지 패션 워머 공연 행사 양말 삭스,위드삐삐마켓,양말/스타킹/레깅스,2600,2025-09-04,
1754,2월_레그 워머,2026-02-03,2026-02-20,45,776970,비비드 기본 워머 발토시 레그워머 골지 니트 가을 겨울 부츠컷 하이틴 스타킹 니삭스,위드삐삐마켓,양말/스타킹/레깅스,4000,2025-09-04,
1754,2월_레그 워머,2026-02-03,2026-02-20,46,776967,울 두툼한 발토시 레그워머 패션 워머 니삭스 로리타 공연 행사 양말 삭스 중목 레트로 키치,위드삐삐마켓,양말/스타킹/레깅스,7300,2025-09-04,
1754,2월_레그 워머,2026-02-03,2026-02-20,47,759842,울 테디 레그워머 (가을 겨울 여성 신상 니삭스 양말 여자 무릎 롱 긴 발토시 팔토시 잡화,나이스앨리스,양말/스타킹/레깅스,8000,2025-08-21,
1754,2월_레그 워머,2026-02-03,2026-02-20,48,771746,니트 골지 수면 양말 종아리 보온 보호 레그워머 SIS-148,리더스셀러,양말/스타킹/레깅스,2400,2025-08-29,
1754,2월_레그 워머,2026-02-03,2026-02-20,49,772475,앙키 레그워머 (겨울 신상 여성 다리 발토시 삭스 니트 앙고라 퍼 양말 여자 팔토시 핸드,나이스앨리스,양말/스타킹/레깅스,7500,2025-09-01,
1754,2월_레그 워머,2026-02-03,2026-02-20,50,759833,울 스탠다드 레그워머 (가을 겨울 여성 신상 골지 셔링 삭스 발토시 니트 양말 팔토시 여자,나이스앨리스,양말/스타킹/레깅스,6000,2025-08-21,
1754,2월_레그 워머,2026-02-03,2026-02-20,51,758257,종아리 발목레그워머 니트 토시 겨울 여성방한양말 SIS-232,리더스셀러,양말/스타킹/레깅스,3500,2025-08-19,
1754,2월_레그 워머,2026-02-03,2026-02-20,52,658459,울니하이 레그워머(여성 신상 기본 롱 니 삭스 셔츠 블라우스 코디 양말 골지 베이직 데일리,나이스앨리스,양말/스타킹/레깅스,6500,2025-03-18,
1754,2월_레그 워머,2026-02-03,2026-02-20,53,581022,베이스울레그워머,에그니 ,양말/스타킹/레깅스,9000,2024-12-09,
1754,2월_레그 워머,2026-02-03,2026-02-20,54,655958,발레 틴 레그워머,카라(kara),양말/스타킹/레깅스,3500,2025-03-13,
1754,2월_레그 워머,2026-02-03,2026-02-20,55,572344,세일 )610 스트라이프 레그워머 겨울 따뜻한 양말 니삭스 낱장가능,다인,양말/스타킹/레깅스,3000,2024-11-25,
1754,2월_레그 워머,2026-02-03,2026-02-20,56,578449,리브드플레어레그워머,에그니 ,양말/스타킹/레깅스,9000,2024-12-04,
1754,2월_레그 워머,2026-02-03,2026-02-20,57,572339,BEST)1318 레그워머 겨울 니삭스 양말 낱장가능,다인,양말/스타킹/레깅스,8000,2024-11-25,
1754,2월_레그 워머,2026-02-03,2026-02-20,58,513649,포근레그워머,라원,양말/스타킹/레깅스,8000,2024-10-04,
1754,2월_레그 워머,2026-02-03,2026-02-20,59,525167,3칼라) 발레코어 리본 니트 레그워머 _ 하이틴 발토시 요가 필라테스,샤빌,양말/스타킹/레깅스,3500,2024-10-21,
1754,2월_레그 워머,2026-02-03,2026-02-20,60,572338,세일 )166 꽈배기 레그워머 트위스트 니삭스 양말 낱장가능,다인,양말/스타킹/레깅스,5000,2024-11-25,
1754,2월_레그 워머,2026-02-03,2026-02-20,61,499518,"니트 레그워머,하이퀄리티,브랜드퀄리트,도톰니트,발토시 [하이니트 레그워머]",미미가,양말/스타킹/레깅스,10000,2024-09-07,
1754,2월_레그 워머,2026-02-03,2026-02-20,62,503942,베리 니트워머 레그워머 삭스 여성 양말 손토시,대성,양말/스타킹/레깅스,24000,2024-09-12,
1755,2월_학용품,2026-02-03,2026-02-20,0,833967,산리오 헬로키티 자석 집게 클립,미미익스프레스,사무용품,2200,2025-11-19,
1755,2월_학용품,2026-02-03,2026-02-20,1,865002,산리오와 친구들 오바케누 책받침 보라B5,미미익스프레스,사무용품,3700,2026-01-13,
1755,2월_학용품,2026-02-03,2026-02-20,2,865028,별의커비 웨이들디 비오는 날 반투명 책받침 B5,미미익스프레스,사무용품,3700,2026-01-13,
1755,2월_학용품,2026-02-03,2026-02-20,3,865027,산리오 하피단부이 오바케누 책받침 B5,미미익스프레스,사무용품,3700,2026-01-13,
1755,2월_학용품,2026-02-03,2026-02-20,4,864998,산리오 친구들 오바케누 책받침 파랑 B5,미미익스프레스,사무용품,3700,2026-01-13,
1755,2월_학용품,2026-02-03,2026-02-20,5,847946,산리오 헬로키티 일상생활 떡메모지,미미익스프레스,스티커/노트,2100,2025-12-10,
1755,2월_학용품,2026-02-03,2026-02-20,6,848014,미피 타포린 스트링 백,미미익스프레스,백팩,8100,2025-12-10,
1755,2월_학용품,2026-02-03,2026-02-20,7,851247,스위머 다용도 파우치 블루,미미익스프레스,파우치/파우치백,2200,2025-12-16,
1755,2월_학용품,2026-02-03,2026-02-20,8,848017,네잎클로버 클립 set (10개입),미미익스프레스,사무용품,1400,2025-12-10,
1755,2월_학용품,2026-02-03,2026-02-20,9,848019,디즈니 미키와 친구들 조이개 파우치 대형,미미익스프레스,파우치/파우치백,2300,2025-12-10,
1755,2월_학용품,2026-02-03,2026-02-20,10,865029,별의 커비 웨이들디 밤하늘 책받침 B5,미미익스프레스,사무용품,3700,2026-01-13,
1755,2월_학용품,2026-02-03,2026-02-20,11,836046,다마고치 일본 정품 메모 패드 - 하늘,엔리코,스티커/노트,1500,2025-11-23,
1755,2월_학용품,2026-02-03,2026-02-20,12,877532,일본 산리오 포차코 더블유 클립,미미익스프레스,사무용품,2200,2026-01-26,
1755,2월_학용품,2026-02-03,2026-02-20,13,865031,산리오 쿠로미 스노우볼 반투명 책받침 B5,미미익스프레스,사무용품,3700,2026-01-13,
1755,2월_학용품,2026-02-03,2026-02-20,14,836047,다마고치 일본 정품 메모 패드 - 핑크,엔리코,스티커/노트,1500,2025-11-23,
1755,2월_학용품,2026-02-03,2026-02-20,15,846897,조개껍데기 메모지,감성놀이,스티커/노트,5500,2025-12-08,
1755,2월_학용품,2026-02-03,2026-02-20,16,640694,필통 신학기 새학기 개학 학교 학생 체크 기본 연필 볼펜 수납 파우치 심플 스몰 중학생,위드삐삐마켓,기타,2000,2025-02-26,
1755,2월_학용품,2026-02-03,2026-02-20,17,640685,필통 신학기 새학기 기본 연필 볼펜 수납 파우치 심플 봉제 패브릭 대용량 바나나 복어 식빵,위드삐삐마켓,기타,3500,2025-02-26,
1755,2월_학용품,2026-02-03,2026-02-20,18,599832,공룡 연필깍이(1500×16),디케이악세사리,사무용품,24000,2025-01-19,
1755,2월_학용품,2026-02-03,2026-02-20,19,684605,강아지연필,화인공예 ,문구,1000,2025-04-14,
1755,2월_학용품,2026-02-03,2026-02-20,20,738705,연필깎이 부드러운 손잡이 단체선물 몬스터 SIS-912,리더스셀러,사무용품,2300,2025-07-16,
1755,2월_학용품,2026-02-03,2026-02-20,21,738709,연필깎이 귀여운 미니 휴대용 토끼 디자인 SIS-910,리더스셀러,사무용품,2300,2025-07-16,
1755,2월_학용품,2026-02-03,2026-02-20,22,738711,부드러운 모던 사각 파스텔 컬러 연필깎이 미니멀 SIS-909,리더스셀러,사무용품,2300,2025-07-16,
1755,2월_학용품,2026-02-03,2026-02-20,23,857507,푸딩 연필꽂이,스르르,오브제/장식,2800,2025-12-30,
1755,2월_학용품,2026-02-03,2026-02-20,24,842922,25겨울)[데일리샵]데일리연필문구5set,애플네,필기구,3000,2025-12-02,
1755,2월_학용품,2026-02-03,2026-02-20,25,880176,퍼플 문구 4종 세트 연필 자 지우개 연필깍이,데일리샵,필기구,500,2026-01-27,
1755,2월_학용품,2026-02-03,2026-02-20,26,729866,파우치 3개 세트 퀼팅 리본 메이크업 다용도 여행 필통 학생 [BA-1314 카부],라모드,파우치/파우치백,15000,2025-06-19,
1755,2월_학용품,2026-02-03,2026-02-20,27,729424,레오파드 파우치 데일리 메이크업 여행 학생 필통 다용도 파우치 [BA-1305 세하],라모드,파우치/파우치백,8000,2025-06-19,
1755,2월_학용품,2026-02-03,2026-02-20,28,727784,하트 파우치 포인트 다용도 메이크업 학생 여행 필통 파우치 [BA-1178 니들],라모드,파우치/파우치백,6000,2025-06-16,
1755,2월_학용품,2026-02-03,2026-02-20,29,738708,팬더모양 아기자기한 깜찍한 연필깎이 휴대용 SIS-911,리더스셀러,사무용품,2300,2025-07-16,
1755,2월_학용품,2026-02-03,2026-02-20,30,726238,별 패턴 투명 파우치 다용도 여행 학생 필통 메이크업 파우치 [BA-1846 아니타],라모드,파우치/파우치백,6000,2025-06-12,
1755,2월_학용품,2026-02-03,2026-02-20,31,717148,10개  동전 지갑 귀여운 바나나파우치 필통,아주라,기타,60000,2025-05-25,
1755,2월_학용품,2026-02-03,2026-02-20,32,778474,하트 퍼 파우치 필통 수납 화장품 파우치 가방,귀요미,사무용품,2200,2025-09-04,
1755,2월_학용품,2026-02-03,2026-02-20,33,769210,정리하기 좋은 다양한 포켓 영문 포인트 투명 필통 BM-157,리더스셀러,필기구,5700,2025-08-27,
1755,2월_학용품,2026-02-03,2026-02-20,34,841037,토마토 노트 / 거래처 사진 공책 메모지 스티커 문구,감성놀이,스티커/노트,3000,2025-11-29,
1755,2월_학용품,2026-02-03,2026-02-20,35,801559,고양이 투리본 파우치 필통 수납 화장품 파우치 가방,귀요미,파우치/파우치백,3500,2025-10-13,
1755,2월_학용품,2026-02-03,2026-02-20,36,837283,2컬러?? 폭신 과일 필통 파우치 토마토 사과,릴리,파우치/파우치백,5000,2025-11-24,
1755,2월_학용품,2026-02-03,2026-02-20,37,695282,그린 애플 필통&파우치,보타유통,기타,3100,2025-04-22,
1755,2월_학용품,2026-02-03,2026-02-20,38,729867,파우치 2개 세트 투명 메이크업 다용도 여행 필통 학생 파우치 [BA-1316 말로],라모드,파우치/파우치백,3000,2025-06-19,
1755,2월_학용품,2026-02-03,2026-02-20,39,695238,(일본정품) 산리오 마스코트 0.5mm검정볼펜 4종,옐로맨션,필기구,5900,2025-04-22,
1755,2월_학용품,2026-02-03,2026-02-20,40,678004,개당1200 개구리 말랑말랑 대롱대롱 실리콘잉크젤펜,더칼라,필기구,7200,2025-04-08,
1755,2월_학용품,2026-02-03,2026-02-20,41,678001,개당1200닥스훈트(Dachshund)말랑말랑 대롱대롱 실리콘잉크젤펜,더칼라,필기구,14400,2025-04-08,
1755,2월_학용품,2026-02-03,2026-02-20,42,818033,골지 골덴 신학기 새학기 비비드 필통 수납 볼펜 기본 답례품 선물,위드삐삐마켓,기타,2300,2025-11-03,
1755,2월_학용품,2026-02-03,2026-02-20,43,871245,[인기템] 심플 볼펜 꾸미기 전용 볼펜 3종,스르르,필기구,300,2026-01-20,
1755,2월_학용품,2026-02-03,2026-02-20,44,872198,[정품] 미니참 필통 파우치,챌렉트,파우치/파우치백,8000,2026-01-20,
1755,2월_학용품,2026-02-03,2026-02-20,45,874411,"인기,문의폭주의 볼꾸펜 컬러추가!!! 볼꾸 기본펜 펄라인 추가입고!!",티제이,필기구,700,2026-01-22,
1755,2월_학용품,2026-02-03,2026-02-20,46,871395,"[빠른재입고준비중!!]인기,문의 동시폭주!!! 볼꾸베이스볼펜,펜꾸,블링블링 볼펜",티제이,필기구,800,2026-01-20,
1755,2월_학용품,2026-02-03,2026-02-20,47,871402,"인기,문의 동시폭주!! 볼꾸 베이스볼펜,펜꾸 펄라인 볼펜",티제이,필기구,700,2026-01-20,
1755,2월_학용품,2026-02-03,2026-02-20,48,871233,[인기] 글로시 볼펜 꾸미기 전용 볼펜 4종,스르르,필기구,650,2026-01-20,
1755,2월_학용품,2026-02-03,2026-02-20,49,848503,(일본정품) 산리오 아크릴참 벚꽃 볼펜 7종,옐로맨션,필기구,8200,2025-12-11,
1755,2월_학용품,2026-02-03,2026-02-20,50,861660,[일본정품] 쟈가비 액션 볼펜,엔리코,필기구,9800,2026-01-10,
1755,2월_학용품,2026-02-03,2026-02-20,51,813902,(일본정품) NEW산리오 리틀트윈스타 마스코트 볼펜,옐로맨션,필기구,7200,2025-10-30,
1755,2월_학용품,2026-02-03,2026-02-20,52,836049,다마고치 일본 정품 샤프 0.5mm - 핑크,엔리코,필기구,2100,2025-11-23,
1755,2월_학용품,2026-02-03,2026-02-20,53,798874,산리오 케로피 3색 볼펜 키티 캐릭터 필기류 펜 일본 정품 소품샵 굿즈,알로하TD,필기구,1600,2025-10-01,
1755,2월_학용품,2026-02-03,2026-02-20,54,795039,(일본정품) NEW산리오 포차코 마스코트 볼펜,옐로맨션,필기구,7200,2025-09-24,
1755,2월_학용품,2026-02-03,2026-02-20,55,851153,개당1200 대롱대롱 말랑말랑 펭귄 잉크젤펜,,,,,
1755,2월_학용품,2026-02-03,2026-02-20,56,795036,(일본정품) NEW산리오 마이멜로디 마스코트 볼펜,옐로맨션,필기구,7200,2025-09-24,
1755,2월_학용품,2026-02-03,2026-02-20,57,733632,(일본정품) 산리오 케로피 삼색볼펜,옐로맨션,필기구,2100,2025-06-30,
1755,2월_학용품,2026-02-03,2026-02-20,58,736013,일본 산리오 캐릭터즈 포차코 3색 볼펜,미미익스프레스,필기구,2100,2025-07-08,
1755,2월_학용품,2026-02-03,2026-02-20,59,733630,(일본정품) 산리오 폼폼푸린 삼색볼펜,옐로맨션,필기구,2100,2025-06-30,
1755,2월_학용품,2026-02-03,2026-02-20,60,733627,(일본정품) 산리오 한교동 삼색볼펜,옐로맨션,필기구,2100,2025-06-30,
1755,2월_학용품,2026-02-03,2026-02-20,61,733628,(일본정품) 산리오 마이멜로디 삼색볼펜,옐로맨션,필기구,2100,2025-06-30,
1755,2월_학용품,2026-02-03,2026-02-20,62,733634,(일본정품) 산리오 마론크림 삼색볼펜,옐로맨션,필기구,2100,2025-06-30,
1755,2월_학용품,2026-02-03,2026-02-20,63,736912,개당500원 네잎클로버 중성펜 잉크젤펜,,,,,
1755,2월_학용품,2026-02-03,2026-02-20,64,791976,변신 로봇볼펜 로보트볼펜 젤펜 중성펜 트렌스포머,단츄,필기구,1500,2025-09-18,
1755,2월_학용품,2026-02-03,2026-02-20,65,733623,(일본정품) 산리오 헬로키티 삼색볼펜,옐로맨션,필기구,2100,2025-06-30,
1755,2월_학용품,2026-02-03,2026-02-20,66,787496,프룻 당근 스트로베리 포도 바나나 휴대용 미니 가위,대지꿀꿀집,필기구,1800,2025-09-15,
1755,2월_학용품,2026-02-03,2026-02-20,67,723139,피쉬펜 키치 귀여운소품 소품샵 노트 잡화점 굿즈 문방구 생선 음식키링 E714,베이비블루 babyblue,필기구,1000,2025-06-05,
1755,2월_학용품,2026-02-03,2026-02-20,68,720366,산리오 파이로트3색슬림볼펜,키티상사,필기구,10000,2025-05-30,
1755,2월_학용품,2026-02-03,2026-02-20,69,795038,(일본정품) NEW산리오 쿠로미 마스코트 볼펜,옐로맨션,필기구,7200,2025-09-24,
1755,2월_학용품,2026-02-03,2026-02-20,70,685910,일본 정품 토토로 스탬프 스탠드(대),엔리코,필기구,26500,2025-04-15,
1755,2월_학용품,2026-02-03,2026-02-20,71,720159,돌려돌려 카피바라 연필깎이 3종 VER2,스르르,필기구,600,2025-05-30,
1755,2월_학용품,2026-02-03,2026-02-20,72,717174,일본정품 / 제스트림 헬로키티 3색볼펜,모모베리,필기구,7000,2025-05-25,
1755,2월_학용품,2026-02-03,2026-02-20,73,795032,(일본정품) NEW산리오 헬로키티 마스코트 볼펜,옐로맨션,필기구,7200,2025-09-24,
1755,2월_학용품,2026-02-03,2026-02-20,74,717110,일본 정품 / 헬로키티 액션볼펜,모모베리,필기구,10800,2025-05-25,
1755,2월_학용품,2026-02-03,2026-02-20,75,736006,일본 산리오 캐릭터즈 쿠로미 3색볼펜,미미익스프레스,필기구,2100,2025-07-08,
1755,2월_학용품,2026-02-03,2026-02-20,76,750075,산리오 시나모롤 봉봉드롭 스티커 - 일본 정품,엔리코,필기구,5500,2025-08-12,
1755,2월_학용품,2026-02-03,2026-02-20,77,743998,변신 수납 필통 다용도 멀티 필기용품 학용품 정리 BM-132,리더스셀러,필기구,6800,2025-07-29,
1755,2월_학용품,2026-02-03,2026-02-20,78,795035,(일본정품) NEW산리오 한교동 마스코트 볼펜,옐로맨션,필기구,7200,2025-09-24,
1755,2월_학용품,2026-02-03,2026-02-20,79,702293,일본정품 / 레오파드 헬로키티 책받침,모모베리,필기구,3100,2025-05-01,
1755,2월_학용품,2026-02-03,2026-02-20,80,683093,일본 한정판 고전 헬로키티 검정 볼펜 5개입 세트,미미익스프레스,필기구,16800,2025-04-11,
1755,2월_학용품,2026-02-03,2026-02-20,81,791960,특이한볼펜 총볼펜 샷간총볼펜 중성펜 잉크펜,단츄,필기구,800,2025-09-18,
1755,2월_학용품,2026-02-03,2026-02-20,82,736009,일본 산리오 캐릭터즈 시나모롤 3색볼펜,미미익스프레스,필기구,2100,2025-07-08,
1755,2월_학용품,2026-02-03,2026-02-20,83,836048,다마고치 일본 정품 샤프 0.5mm - 하늘,엔리코,필기구,2100,2025-11-23,
1757,2월_키캡,2026-01-26,2026-02-13,0,893289,멜팅하트 1구 키캡 클릭커 키보드 키링,달다,키링/가방악세사리,1800,2026-02-09,
1757,2월_키캡,2026-01-26,2026-02-13,1,893288,콩눈이 2구 파스텔 키캡 클릭커 키보드 키링,달다,키링/가방악세사리,3600,2026-02-09,
1757,2월_키캡,2026-01-26,2026-02-13,2,893286,눈사람 2구 키캡 클릭커 키보드 키링,달다,키링/가방악세사리,3600,2026-02-09,
1757,2월_키캡,2026-01-26,2026-02-13,3,893285,토마토 귤 2구 키캡 클릭커 키보드 키링,달다,키링/가방악세사리,3600,2026-02-09,
1757,2월_키캡,2026-01-26,2026-02-13,4,893277,LED 키캡 키링 _ 별키고리 일구 키캡 키링,샤빌,키링/가방악세사리,1500,2026-02-09,
1757,2월_키캡,2026-01-26,2026-02-13,5,893252,사탕 개굴몬 키보드키링 키캡키링,누보,키링/가방악세사리,5000,2026-02-09,
1757,2월_키캡,2026-01-26,2026-02-13,6,893291,저소음 차정원 키캡 키링 4구 레인보우 앤 화이트 클릭커 키보드,달다,키링/가방악세사리,2900,2026-02-09,
1757,2월_키캡,2026-01-26,2026-02-13,7,893312,엔젤파스텔4구키캡키링,에그니 ,키링/가방악세사리,5000,2026-02-09,
1757,2월_키캡,2026-01-26,2026-02-13,8,893314,바디 키캡바디 키캡 키링 컬러 키보드 자판 동대문 꾸미기 키캡꾸미기 딸깍이 클리커 LED,위드삐삐마켓,기타,1500,2026-02-09,
1757,2월_키캡,2026-01-26,2026-02-13,9,893323,led 파스텔 9구 키캡 키링 _ led 키캡 키고리,샤빌,키링/가방악세사리,5500,2026-02-09,
1757,2월_키캡,2026-01-26,2026-02-13,10,893536,"파츠랜덤,제작) 야채 과일 키캡 키링 _ 채소 미니어쳐 키캡 키고리",샤빌,키링/가방악세사리,2800,2026-02-10,
1757,2월_키캡,2026-01-26,2026-02-13,11,893547,"[K106] 국내 핑크빛 나루토 마키 클릭커,키캡키링,우정템,백꾸",마이데이,키링/가방악세사리,9000,2026-02-10,
1757,2월_키캡,2026-01-26,2026-02-13,12,893553,파스텔 무광 키캡 키링 _ 9구키캡 구구키캡,샤빌,키링/가방악세사리,3500,2026-02-10,
1757,2월_키캡,2026-01-26,2026-02-13,13,885872,제작)미니멘트키캡키링(미송필수),제이래빗,키링/가방악세사리,2000,2026-02-02,
1757,2월_키캡,2026-01-26,2026-02-13,14,883907,?? led키캡 귤카피바라 클릭커 키캡키링 야광,체리잡화점,키링/가방악세사리,1900,2026-02-01,
1757,2월_키캡,2026-01-26,2026-02-13,15,880691,[ETC1519] 두쫀쿠키캡키링 (엔유이제작),엔유이,키링/가방악세사리,4000,2026-01-28,
1757,2월_키캡,2026-01-26,2026-02-13,16,881722,?? led키캡 클로버 행운 키캡키링 클릭커(@1800-2100),체리잡화점,키링/가방악세사리,1900,2026-01-29,
1757,2월_키캡,2026-01-26,2026-02-13,17,859360,개당1000 라이트 파스텔 투명  1구 LED 클리커 키캡라이트키링 딸깍이 키링,더칼라,키링/가방악세사리,5000,2026-01-06,
1757,2월_키캡,2026-01-26,2026-02-13,18,850835,키보드 딸깍이 키링,샐리,키링/가방악세사리,1500,2025-12-15,
1757,2월_키캡,2026-01-26,2026-02-13,19,860422,제작)곰돌키캡키링(미송필수),라팡,키링/가방악세사리,2500,2026-01-07,
1757,2월_키캡,2026-01-26,2026-02-13,20,875036,클로버 led 키캡 키링,뉴얼리 newerly,키링/가방악세사리,2000,2026-01-22,
1757,2월_키캡,2026-01-26,2026-02-13,21,850860,키보드 딸깍이 키링,샐리,키링/가방악세사리,1500,2025-12-15,
1757,2월_키캡,2026-01-26,2026-02-13,22,796420,클로버 키보드 미니 키링,뉴얼리 newerly,키링/가방악세사리,3000,2025-09-26,
1757,2월_키캡,2026-01-26,2026-02-13,23,884727,?????♀? Led 귤거북 네잎클로버 제주 4구 키캡 키링,아수네잡화점,키링/가방악세사리,6500,2026-02-02,
1757,2월_키캡,2026-01-26,2026-02-13,24,884772,?????♀? Led 고양이 4구 키캡 키링,아수네잡화점,키링/가방악세사리,6500,2026-02-02,
1757,2월_키캡,2026-01-26,2026-02-13,25,885875,제작)섹시키캡키링(미송필수),제이래빗,키링/가방악세사리,3000,2026-02-02,
1757,2월_키캡,2026-01-26,2026-02-13,26,885870,제작)토마토군단키캡키링(미송필수),제이래빗,키링/가방악세사리,2500,2026-02-02,
1757,2월_키캡,2026-01-26,2026-02-13,27,886121,LED 사운드 카피바라 키캡 클리커 키링 노이노이,노이노이,키링/가방악세사리,2000,2026-02-03,
1757,2월_키캡,2026-01-26,2026-02-13,28,884080,당일출고?????♀? 깜짝 할인! New 노랑 빵거북이 키캡 키링,아수네잡화점,키링/가방악세사리,1500,2026-02-01,
1757,2월_키캡,2026-01-26,2026-02-13,29,882507,키캡키링 4개 LED 1팩 3000×5 간식창고 키캡칼라랜덤,디케이악세사리,키링/가방악세사리,15000,2026-01-29,
1757,2월_키캡,2026-01-26,2026-02-13,30,884135,"청축 LED 짜글한 실버 하트 & 별 키캡 키링,키치,y2k",마이데이,키링/가방악세사리,2500,2026-02-01,
1757,2월_키캡,2026-01-26,2026-02-13,31,882524,키캡키링 4키 LED 3500×5 하리보 키캡칼라 랜덤,디케이악세사리,키링/가방악세사리,17500,2026-01-29,
1757,2월_키캡,2026-01-26,2026-02-13,32,882638,키캡 키링 4키 LED 푸들 1팩3500×5,디케이악세사리,키링/가방악세사리,17500,2026-01-29,
1757,2월_키캡,2026-01-26,2026-02-13,33,882973,식빵 클리커 토스트 키캡 클릭커 키링,바니유,키링/가방악세사리,2500,2026-01-30,
1757,2월_키캡,2026-01-26,2026-02-13,34,882640,키캡 키링 4키 LED 엔젤 1팩 3500×5,디케이악세사리,키링/가방악세사리,17500,2026-01-29,
1757,2월_키캡,2026-01-26,2026-02-13,35,880662,[ETC1514] 쿠키3구키캡키링/미송필수,엔유이,키링/가방악세사리,4000,2026-01-28,
1757,2월_키캡,2026-01-26,2026-02-13,36,882486,키캡키링 9키 토끼 LED 1팩 4700×5 키캡칼라 랜덤,디케이악세사리,키링/가방악세사리,23500,2026-01-29,
1757,2월_키캡,2026-01-26,2026-02-13,37,882489,키캡 키링 4키 LED 붕어빵 1팩 3000×5 키캡칼라랜덤,디케이악세사리,키링/가방악세사리,15000,2026-01-29,
1757,2월_키캡,2026-01-26,2026-02-13,38,880193,투톤컬러키캡키링,제이래빗,키링/가방악세사리,1500,2026-01-27,
1757,2월_키캡,2026-01-26,2026-02-13,39,880417,하트 3구 키캡키링 2종,스르르,키링/가방악세사리,2000,2026-01-28,
1757,2월_키캡,2026-01-26,2026-02-13,40,882320,키캡키링 4키 병아리 LED 1팩 3500×5,디케이악세사리,키링/가방악세사리,17500,2026-01-29,
1757,2월_키캡,2026-01-26,2026-02-13,41,882319,키캡 키링 4키 LED 1팩 3000×5 키캡칼라랜덤,디케이악세사리,키링/가방악세사리,15000,2026-01-29,
1757,2월_키캡,2026-01-26,2026-02-13,42,881525,투톤컬러키캡키링,라팡,키링/가방악세사리,1500,2026-01-28,
1757,2월_키캡,2026-01-26,2026-02-13,43,881528,제작)수호천사키캡키링,라팡,키링/가방악세사리,2000,2026-01-28,
1757,2월_키캡,2026-01-26,2026-02-13,44,869474,키캡 공모양 6키 키링 1팩 2200×10,디케이악세사리,키링/가방악세사리,22000,2026-01-19,
1757,2월_키캡,2026-01-26,2026-02-13,45,880638,[ETC1513] 클로버4구키캡키링 (엔유이제작) 미송필수,엔유이,키링/가방악세사리,4500,2026-01-28,
1757,2월_키캡,2026-01-26,2026-02-13,46,880714,[ETC1520] 실버볼4구키캡키링,엔유이,키링/가방악세사리,5500,2026-01-28,
1757,2월_키캡,2026-01-26,2026-02-13,47,868054,키캡  4구 파스텔무광 키링 LED 2000×10 캴라랜덤,디케이악세사리,키링/가방악세사리,20000,2026-01-16,
1757,2월_키캡,2026-01-26,2026-02-13,48,875073,키캡 키보드키링4구,솜사탕,키링/가방악세사리,2500,2026-01-22,
1757,2월_키캡,2026-01-26,2026-02-13,49,881524,만두클릭커키캡키링,라팡,키링/가방악세사리,4500,2026-01-28,
1757,2월_키캡,2026-01-26,2026-02-13,50,880684,[ETC1518] 후르츠키캡키링,엔유이,키링/가방악세사리,4500,2026-01-28,
1757,2월_키캡,2026-01-26,2026-02-13,51,880858,고양이 투명 키보드 키캡,탑인터내셔날,키링/가방악세사리,2500,2026-01-28,
1757,2월_키캡,2026-01-26,2026-02-13,52,880678,[ETC1517] 핑크3구리본키캡키링 (엔유이제작) / 미송필수,엔유이,키링/가방악세사리,4500,2026-01-28,
1757,2월_키캡,2026-01-26,2026-02-13,53,862631,파스텔 4구 키캡키링,스르르,키링/가방악세사리,3700,2026-01-12,
1757,2월_키캡,2026-01-26,2026-02-13,54,868495,?? led 쿠키 화이트초코 키캡키링 클릭커,체리잡화점,키링/가방악세사리,1900,2026-01-16,
1757,2월_키캡,2026-01-26,2026-02-13,55,880418,육면체 키캡키링 볼 3종,스르르,키링/가방악세사리,2700,2026-01-28,
1757,2월_키캡,2026-01-26,2026-02-13,56,881356,12구 공 키보드 키캡,탑인터내셔날,키링/가방악세사리,3500,2026-01-28,
1757,2월_키캡,2026-01-26,2026-02-13,57,876825,LED?네잎클로버 클리어 키캡 키링,에브리띵,모바일악세사리,2500,2026-01-25,
1757,2월_키캡,2026-01-26,2026-02-13,58,880778,[ETC1521] 금속하트키캡키링(엔유이제작),엔유이,키링/가방악세사리,4500,2026-01-28,
1757,2월_키캡,2026-01-26,2026-02-13,59,865052,"[카피대응] 추가 따끈따끈 곰돌이 하트 토스트 키캡 키링,우정템,커플템,클릭커,피젯",마이데이,키링/가방악세사리,3500,2026-01-13,
1757,2월_키캡,2026-01-26,2026-02-13,60,858408,[made.by.tj] NEW LED버젼!! 행운만 한가득 네잎클로버 키캡키링,티제이,키링/가방악세사리,1900,2026-01-04,
1757,2월_키캡,2026-01-26,2026-02-13,61,857984,??Led 쿠앤크 키캡키링,체리잡화점,키링/가방악세사리,1800,2026-01-02,
1757,2월_키캡,2026-01-26,2026-02-13,62,871025,키캡 키보드9구키링,솜사탕,키링/가방악세사리,3500,2026-01-20,
1757,2월_키캡,2026-01-26,2026-02-13,63,862632,냐옹이 1구 키캡키링,스르르,키링/가방악세사리,1200,2026-01-12,
1757,2월_키캡,2026-01-26,2026-02-13,64,864997,키캡 키보드 키링 4구,뉴얼리 newerly,키링/가방악세사리,3000,2026-01-13,
1757,2월_키캡,2026-01-26,2026-02-13,65,875030,알로하 led 키캡 키링,뉴얼리 newerly,키링/가방악세사리,2500,2026-01-22,
1757,2월_키캡,2026-01-26,2026-02-13,66,859092,제작)돈키캡키링(미송필수),라팡,키링/가방악세사리,3000,2026-01-05,
1757,2월_키캡,2026-01-26,2026-02-13,67,876823,?????♀? Led 방울토마토 키캡 키링,아수네잡화점,키링/가방악세사리,1800,2026-01-25,
1757,2월_키캡,2026-01-26,2026-02-13,68,861179,패스트푸드 시리즈 클리커 키캡 키링 노이노이,노이노이,키링/가방악세사리,1500,2026-01-08,
1757,2월_키캡,2026-01-26,2026-02-13,69,871088,LED 투명 1구 키캡키링 7종,스르르,키링/가방악세사리,1000,2026-01-20,
1757,2월_키캡,2026-01-26,2026-02-13,70,868483,?????♀? LED 하트진주 키캡 키링,아수네잡화점,키링/가방악세사리,2000,2026-01-16,
1757,2월_키캡,2026-01-26,2026-02-13,71,881765,키캡 키링 4키발바닥 LED1팩 2700×10,디케이악세사리,키링/가방악세사리,27000,2026-01-29,
1757,2월_키캡,2026-01-26,2026-02-13,72,875028,뚱보 스위머 led 키캡 키링,뉴얼리 newerly,키링/가방악세사리,2300,2026-01-22,
1757,2월_키캡,2026-01-26,2026-02-13,73,858280,키캡 9키 키링LED,디케이악세사리,키링/가방악세사리,4500,2026-01-03,
1757,2월_키캡,2026-01-26,2026-02-13,74,872292,Led 얼굴 키캡 키링,아수네잡화점,키링/가방악세사리,2000,2026-01-20,
1757,2월_키캡,2026-01-26,2026-02-13,75,858394,큐트시리즈키캡키링,제이래빗,키링/가방악세사리,2500,2026-01-04,
1757,2월_키캡,2026-01-26,2026-02-13,76,876436,????귤 토마토 1구 키캡 군번줄 키보드 클릭커 레진 키링,달다,키링/가방악세사리,2200,2026-01-23,
1757,2월_키캡,2026-01-26,2026-02-13,77,844992,"[K089] 주문폭주 하찮아서 귀여워 블랙 캣 고양이 키캡 키링,클릭커,y2k,키치,키보드",마이데이,키링/가방악세사리,4000,2025-12-05,
1757,2월_키캡,2026-01-26,2026-02-13,78,854382,개당1200  테트리스 블럭  키캡키링 클리커키링 딸깍이키링 피젯토이키링 심심풀이키링,더칼라,키링/가방악세사리,1200,2025-12-22,
1757,2월_키캡,2026-01-26,2026-02-13,79,875072,키캡 키보드키링 4구,솜사탕,키링/가방악세사리,2500,2026-01-22,
1757,2월_키캡,2026-01-26,2026-02-13,80,885873,제작)스타멘트키캡키링(미송필수),제이래빗,키링/가방악세사리,2500,2026-02-02,
1757,2월_키캡,2026-01-26,2026-02-13,81,867225,여우비 키링 667 LED 키캡 1구,여우비,키링/가방악세사리,1000,2026-01-15,
1757,2월_키캡,2026-01-26,2026-02-13,82,875077,키캡 키보드키링 4구,솜사탕,키링/가방악세사리,2500,2026-01-22,
1757,2월_키캡,2026-01-26,2026-02-13,83,885874,제작)후르츠키캡키링(미송필수),제이래빗,키링/가방악세사리,2000,2026-02-02,
1757,2월_키캡,2026-01-26,2026-02-13,84,874823,12구공 키보드 키캡 딸깍이 키링,탑인터내셔날,키링/가방악세사리,3500,2026-01-22,
1757,2월_키캡,2026-01-26,2026-02-13,85,857885,제작)존잘키캡키링(미송필수),제이래빗,키링/가방악세사리,3000,2025-12-31,
1757,2월_키캡,2026-01-26,2026-02-13,86,876723,?????♀? Led토마토 단추 키캡 키링,아수네잡화점,키링/가방악세사리,2000,2026-01-25,
1757,2월_키캡,2026-01-26,2026-02-13,87,868724,맛있는 빵 키보드 키링 led 키캡 클리커 클릭커,감성놀이,키링/가방악세사리,1900,2026-01-17,
1757,2월_키캡,2026-01-26,2026-02-13,88,860354,?????♀? led 네잎클로버 행운 키캡 키링,아수네잡화점,키링/가방악세사리,2000,2026-01-07,
1757,2월_키캡,2026-01-26,2026-02-13,89,881717,led키캡 감자튀김 키링 클릭커 키캡키링,체리잡화점,키링/가방악세사리,1800,2026-01-29,
1757,2월_키캡,2026-01-26,2026-02-13,90,871081,LED 3구 하트키캡 키링 3종,스르르,키링/가방악세사리,2800,2026-01-20,
1757,2월_키캡,2026-01-26,2026-02-13,91,875071,키캡 키보드키링4구,솜사탕,키링/가방악세사리,2500,2026-01-22,
1757,2월_키캡,2026-01-26,2026-02-13,92,855828,제작)클리어러브키캡키링(미송필수),제이래빗,키링/가방악세사리,2000,2025-12-25,
1757,2월_키캡,2026-01-26,2026-02-13,93,875075,키캡 키보드키링4구,솜사탕,키링/가방악세사리,2500,2026-01-22,
1757,2월_키캡,2026-01-26,2026-02-13,94,876669,빵북이 키캡 led 키링 클리커 거북이,감성놀이,키링/가방악세사리,2000,2026-01-24,
1757,2월_키캡,2026-01-26,2026-02-13,95,873559,"[주문폭주] 두바이 초콜렛 키캡 키링,두쫀쿠,두쫀쿠키링,클릭커",마이데이,키링/가방악세사리,2500,2026-01-21,
1757,2월_키캡,2026-01-26,2026-02-13,96,852293,[ETC1494] 장미컬러키캡키링,엔유이,키링/가방악세사리,2500,2025-12-17,
1757,2월_키캡,2026-01-26,2026-02-13,97,871027,키캡 키보드9구키링,솜사탕,키링/가방악세사리,3500,2026-01-20,
1757,2월_키캡,2026-01-26,2026-02-13,98,857886,제작)신조어투키캡키링(미송필수),제이래빗,키링/가방악세사리,3500,2025-12-31,
1757,2월_키캡,2026-01-26,2026-02-13,99,857494,하트키캡 3종,스르르,키링/가방악세사리,2300,2025-12-30,
1757,2월_키캡,2026-01-26,2026-02-13,100,855829,제작)행운키캡키링(미송필수),제이래빗,키링/가방악세사리,2000,2025-12-25,
1757,2월_키캡,2026-01-26,2026-02-13,101,847323,"[K092] LED 인생 밈 키캡 키링,키치,y2k,부적,우정템,커플템",마이데이,키링/가방악세사리,4000,2025-12-09,
1757,2월_키캡,2026-01-26,2026-02-13,102,862658,빵 키캡키링 2종,스르르,키링/가방악세사리,2100,2026-01-12,
1757,2월_키캡,2026-01-26,2026-02-13,103,858261,"[made.by.tj] NEW LED버전!!! 고양이키캡키링,냥냥펀치 키캡키링",티제이,키링/가방악세사리,1900,2026-01-03,
1757,2월_키캡,2026-01-26,2026-02-13,104,853450,제작)베베키캡키링(미송필수),라팡,키링/가방악세사리,2000,2025-12-18,
1757,2월_키캡,2026-01-26,2026-02-13,105,864278,클로버 토마토 거북이 키캡  led 키링 키보드 클리커 클릭커,감성놀이,키링/가방악세사리,2500,2026-01-13,
1757,2월_키캡,2026-01-26,2026-02-13,106,868056,키캡 4구 LED 키링 2000×10  칼라 랜덤,디케이악세사리,키링/가방악세사리,20000,2026-01-16,
1757,2월_키캡,2026-01-26,2026-02-13,107,868746,?????♀? Led검정먼지 키캡 키링,아수네잡화점,키링/가방악세사리,2200,2026-01-17,
1757,2월_키캡,2026-01-26,2026-02-13,108,842734,하트 곰인형 키캡 키보드 가방고리 키링,탑인터내셔날,기타,1500,2025-12-02,
1757,2월_키캡,2026-01-26,2026-02-13,109,874955,하트 프린팅 키캡키링 1구,스르르,키링/가방악세사리,1100,2026-01-22,
1757,2월_키캡,2026-01-26,2026-02-13,110,855592,LED 키보드 딸깍이 키링,샐리,키링/가방악세사리,1200,2025-12-24,
1757,2월_키캡,2026-01-26,2026-02-13,111,852280,[ETC1491] 마블하트키캡키링,엔유이,키링/가방악세사리,2500,2025-12-17,
1757,2월_키캡,2026-01-26,2026-02-13,112,868769,키캡 키보드키링9구 고양이발바닥키링,솜사탕,키링/가방악세사리,3500,2026-01-18,
1757,2월_키캡,2026-01-26,2026-02-13,113,857491,"조약돌 4구 키캡키링 2종 (화이트, 핑크멀티)",스르르,키링/가방악세사리,2500,2025-12-30,
1757,2월_키캡,2026-01-26,2026-02-13,114,875582,스마일꽃 led 키캡 키링,뉴얼리 newerly,키링/가방악세사리,2000,2026-01-23,
1757,2월_키캡,2026-01-26,2026-02-13,115,868954,치즈키캡키링,제이래빗,키링/가방악세사리,3000,2026-01-18,
1757,2월_키캡,2026-01-26,2026-02-13,116,868782,키캡 키보드9구키링  고양이얼굴,솜사탕,키링/가방악세사리,3500,2026-01-18,
1757,2월_키캡,2026-01-26,2026-02-13,117,861613,Led 옥수수 키캡 키링,아수네잡화점,키링/가방악세사리,1800,2026-01-09,
1757,2월_키캡,2026-01-26,2026-02-13,118,852753,"[K085] 4컬러 네잎클로버 클리어 키캡키링,키치,y2k,키보드,행운,클로버",마이데이,키링/가방악세사리,3000,2025-12-17,
1757,2월_키캡,2026-01-26,2026-02-13,119,847322,"[K091] 인기급상승 LED 하트 픽셀 한글 키캡 키링,키치,y2k,부적,우정템,커플템",마이데이,키링/가방악세사리,4000,2025-12-09,
1757,2월_키캡,2026-01-26,2026-02-13,120,861567,?????♀? Led미니거북이 키캡키링,아수네잡화점,키링/가방악세사리,2000,2026-01-09,
1757,2월_키캡,2026-01-26,2026-02-13,121,852298,[ETC1496] 몽글꽃키캡키링,엔유이,키링/가방악세사리,3000,2025-12-17,
1757,2월_키캡,2026-01-26,2026-02-13,122,852672,제작)홉키캡키링(미송),제이래빗,키링/가방악세사리,3500,2025-12-17,
1757,2월_키캡,2026-01-26,2026-02-13,123,852671,제작)아이씨키캡키링(미송),제이래빗,키링/가방악세사리,3000,2025-12-17,
1757,2월_키캡,2026-01-26,2026-02-13,124,855681,제작)소용돌이키캡키링(미송필수),라팡,키링/가방악세사리,2000,2025-12-24,
1757,2월_키캡,2026-01-26,2026-02-13,125,855827,제작)토마토키캡키링(미송필수),제이래빗,키링/가방악세사리,2000,2025-12-25,
1757,2월_키캡,2026-01-26,2026-02-13,126,868780,키캡 키보드키링 9구 고양이얼굴,솜사탕,키링/가방악세사리,3500,2026-01-18,
1757,2월_키캡,2026-01-26,2026-02-13,127,867226,여우비 키링 668 non-LED 키캡 4구 3종,여우비,키링/가방악세사리,1000,2026-01-15,
1757,2월_키캡,2026-01-26,2026-02-13,128,856429,제작)푸드키캡키링(미송필수),제이래빗,키링/가방악세사리,2000,2025-12-28,
1757,2월_키캡,2026-01-26,2026-02-13,129,852726,제작)아이러브키캡키링(미송),제이래빗,키링/가방악세사리,2000,2025-12-17,
1757,2월_키캡,2026-01-26,2026-02-13,130,857983,?? led 크림붕어빵 키캡 키링,체리잡화점,키링/가방악세사리,1900,2026-01-02,
1757,2월_키캡,2026-01-26,2026-02-13,131,857887,제작)베드키캡키링(미송필수),제이래빗,키링/가방악세사리,3500,2025-12-31,
1757,2월_키캡,2026-01-26,2026-02-13,132,855680,(세일)(제작)발자국키캡키링,라팡,키링/가방악세사리,1200,2025-12-24,
1757,2월_키캡,2026-01-26,2026-02-13,133,868772,키캡키보드1구키링  모닝빵,솜사탕,키링/가방악세사리,800,2026-01-18,
1757,2월_키캡,2026-01-26,2026-02-13,134,844993,"[K090] 주문폭주 빈티지 플라워 키캡 키링, 유니크,패턴,y2k,키치",마이데이,키링/가방악세사리,4000,2025-12-05,
1757,2월_키캡,2026-01-26,2026-02-13,135,856428,제작)자기키캡키링(미송필수),제이래빗,키링/가방악세사리,2500,2025-12-28,
1757,2월_키캡,2026-01-26,2026-02-13,136,857657,6컬)투명 LED 키보드키링 4구 레인보우 키캡 스트레스 해소(설명 참조),귀요미,키링/가방악세사리,2000,2025-12-31,
1757,2월_키캡,2026-01-26,2026-02-13,137,859410,키캡 하리보 4키 키링 1팩 3000×10 하리보ㆍ순서ㆍ칼라랜덤,디케이악세사리,키링/가방악세사리,30000,2026-01-06,
1757,2월_키캡,2026-01-26,2026-02-13,138,858356,LED??과일 거북이 키캡 키링,에브리띵,모바일악세사리,2000,2026-01-04,
1757,2월_키캡,2026-01-26,2026-02-13,139,868565,키캡 4구 LED 쿠키 키링 3000×5 랜덤,디케이악세사리,키링/가방악세사리,15000,2026-01-17,
1757,2월_키캡,2026-01-26,2026-02-13,140,861039,LED 빵 딸깍이 키캡 키링,샐리,키링/가방악세사리,3500,2026-01-08,
1757,2월_키캡,2026-01-26,2026-02-13,141,823711,키캡 클로버 키보드 키링,뉴얼리 newerly,키링/가방악세사리,3000,2025-11-09,
1757,2월_키캡,2026-01-26,2026-02-13,142,855679,제작)밀크우유키캡키링,라팡,키링/가방악세사리,2000,2025-12-24,
1757,2월_키캡,2026-01-26,2026-02-13,143,869580,[made.by.tj] LED 리본 키캡키링,티제이,키링/가방악세사리,2300,2026-01-19,
1757,2월_키캡,2026-01-26,2026-02-13,144,854018,led 키보드  키캡 키링  불빛 조명 클리커 클릭커,감성놀이,키링/가방악세사리,1500,2025-12-21,
1757,2월_키캡,2026-01-26,2026-02-13,145,858181,키캡 9키 키링 카피바라,디케이악세사리,키링/가방악세사리,5500,2026-01-02,
1757,2월_키캡,2026-01-26,2026-02-13,146,873641,?????♀? Led 강아지 키캡 키링,아수네잡화점,키링/가방악세사리,1800,2026-01-21,
1757,2월_키캡,2026-01-26,2026-02-13,147,871026,키캡 키보드9구키링,솜사탕,키링/가방악세사리,3500,2026-01-20,
1757,2월_키캡,2026-01-26,2026-02-13,148,857890,제작)오피스키캡키링(미송필수),제이래빗,키링/가방악세사리,2000,2025-12-31,
1757,2월_키캡,2026-01-26,2026-02-13,149,855928,LED 키캡 키링 KRBT512N,햇빛,키링/가방악세사리,2500,2025-12-26,
1757,2월_키캡,2026-01-26,2026-02-13,150,873635,?????♀? Led 빵거북이 키캡 키링,아수네잡화점,키링/가방악세사리,1900,2026-01-21,
1757,2월_키캡,2026-01-26,2026-02-13,151,834870,"[카피대응] 주문폭주 달콤 스윗 미니 푸딩 파르페 키캡 키링,클릭커,빈티지,y2k,키치",마이데이,키링/가방악세사리,4000,2025-11-20,
1757,2월_키캡,2026-01-26,2026-02-13,152,834868,"[카피대응] 주문폭주 카프레제 치즈 토마토 브런치 키캡 키링,토마토키링",마이데이,키링/가방악세사리,3000,2025-11-20,
1757,2월_키캡,2026-01-26,2026-02-13,153,852297,[ETC1495] 큐빅리본컬러키캡키링,엔유이,키링/가방악세사리,2500,2025-12-17,
1757,2월_키캡,2026-01-26,2026-02-13,154,874310,LED 파스텔 키캡키링 (민트) +1종추가,스르르,키링/가방악세사리,900,2026-01-22,
1757,2월_키캡,2026-01-26,2026-02-13,155,855741,"[카피대응] 밀키 러브 체리쉬 키캡 키링,체리키링,키치,y2k,우정템,친구선물,클릭커",마이데이,키링/가방악세사리,3000,2025-12-25,
1757,2월_키캡,2026-01-26,2026-02-13,156,873886,LED 4구 쿠키 딸깍이 키캡 키링,샐리,키링/가방악세사리,3000,2026-01-22,
1757,2월_키캡,2026-01-26,2026-02-13,157,859442,키캡 과일 LED 키링 3000×5 과일순서ㆍ칼라 랜덤,디케이악세사리,(아동)패션소품,15000,2026-01-06,
1757,2월_키캡,2026-01-26,2026-02-13,158,852727,제작)베베키캡키링(미송),제이래빗,키링/가방악세사리,2000,2025-12-17,
1757,2월_키캡,2026-01-26,2026-02-13,159,853451,제작)아이러브키캡키링(미송필수),라팡,키링/가방악세사리,2000,2025-12-18,
1757,2월_키캡,2026-01-26,2026-02-13,160,857684,파스텔 키캡 키링(믹스 10개 단위),스르르,키링/가방악세사리,1600,2025-12-31,
1757,2월_키캡,2026-01-26,2026-02-13,161,861258,2000 4구 라이트키캡키링 클리커 키캡 클릭커키링 딸깍이 키링 피젯토이 키덜트,더칼라,키링/가방악세사리,2000,2026-01-09,
1757,2월_키캡,2026-01-26,2026-02-13,162,858407,재입고예정!! 인기급상승![made.by.tj] NEW LED버젼!! 신선토마토 키캡 기링,티제이,키링/가방악세사리,2000,2026-01-04,
1757,2월_키캡,2026-01-26,2026-02-13,163,852725,제작)러브키캡키링(미송),제이래빗,키링/가방악세사리,3500,2025-12-17,
1757,2월_키캡,2026-01-26,2026-02-13,164,842577,"[카피대응] 주문폭주 사랑과 행운의 네잎클로버 클리어 키캡 키링,클로버키링,키보드키링",마이데이,모바일악세사리,3000,2025-12-02,
1757,2월_키캡,2026-01-26,2026-02-13,165,860450,?????♀? Led 계란후라이 키캡 키링,아수네잡화점,키링/가방악세사리,1900,2026-01-07,
1757,2월_키캡,2026-01-26,2026-02-13,166,854551,"[K097] 새콤 반짝 사과 키캡 키링,키치,y2k,우정템,친구선물,클릭커",마이데이,키링/가방악세사리,3000,2025-12-22,
1757,2월_키캡,2026-01-26,2026-02-13,167,856054,제작)멍뭉이키캡키링(미송필수),라팡,키링/가방악세사리,2000,2025-12-26,
1757,2월_키캡,2026-01-26,2026-02-13,168,855682,제작)천사키캡키링(미송필수),라팡,키링/가방악세사리,2000,2025-12-24,
1757,2월_키캡,2026-01-26,2026-02-13,169,855683,제작)투스타키캡키링(미송필수),라팡,키링/가방악세사리,2000,2025-12-24,
1758,2월_볼꾸,2026-01-27,2026-02-13,0,892329,"[볼꾸, 펜꾸] 왕관하트 참(믹스)",라온,비즈/아크릴/호마이카 ,200,2026-02-09,
1758,2월_볼꾸,2026-01-27,2026-02-13,1,891996,볼펜꾸미기 볼꾸 동대문 꾸미기 DIY 캐릭터 알록달록 미니 체리 앵두 과일 투명,위드삐삐마켓,기타,350,2026-02-08,
1758,2월_볼꾸,2026-01-27,2026-02-13,2,891997,볼펜꾸미기 볼꾸 동대문 꾸미기 DIY 캐릭터 알록달록 미니 사탕 캔디 투명,위드삐삐마켓,기타,300,2026-02-08,
1758,2월_볼꾸,2026-01-27,2026-02-13,3,892658,"[볼꾸, 펜꾸] 네잎클로버 참",스르르,비즈/아크릴/호마이카 ,150,2026-02-09,
1758,2월_볼꾸,2026-01-27,2026-02-13,4,892650,"[볼꾸, 펜꾸] 투하트 참 (믹스)",스르르,비즈/아크릴/호마이카 ,350,2026-02-09,
1758,2월_볼꾸,2026-01-27,2026-02-13,5,892648,"[볼꾸, 펜꾸] 그라데이션 리본참 (믹스)",스르르,비즈/아크릴/호마이카 ,400,2026-02-09,
1758,2월_볼꾸,2026-01-27,2026-02-13,6,892760,"[볼꾸, 펜꾸] 나비리본 참 (믹스)",스르르,비즈/아크릴/호마이카 ,1400,2026-02-09,
1758,2월_볼꾸,2026-01-27,2026-02-13,7,892756,"[볼꾸, 펜꾸] 별행성 참 (믹스)",스르르,비즈/아크릴/호마이카 ,1200,2026-02-09,
1758,2월_볼꾸,2026-01-27,2026-02-13,8,892662,"[볼꾸, 펜꾸] 아이스크림 참세트 (믹스)",스르르,비즈/아크릴/호마이카 ,400,2026-02-09,
1758,2월_볼꾸,2026-01-27,2026-02-13,9,892659,"[볼꾸, 펜꾸] 글리날개 참 (믹스)",스르르,비즈/아크릴/호마이카 ,250,2026-02-09,
1758,2월_볼꾸,2026-01-27,2026-02-13,10,892763,"[볼꾸, 펜꾸] 스파클링 별참 (믹스)",스르르,비즈/아크릴/호마이카 ,1100,2026-02-09,
1758,2월_볼꾸,2026-01-27,2026-02-13,11,892768,"[볼꾸, 펜꾸] 별행성 참 (믹스)",라온,비즈/아크릴/호마이카 ,1200,2026-02-09,
1758,2월_볼꾸,2026-01-27,2026-02-13,12,892911,"볼꾸,펜꾸,빗꾸,거꾸 모든꾸미기엔 캔디하트참",티제이,비즈/아크릴/호마이카 ,250,2026-02-09,
1758,2월_볼꾸,2026-01-27,2026-02-13,13,893331,볼꾸! 글로시 구슬 (중간에 넣기 딱 예쁜 사이즈),쥬쥬마켓,비즈/아크릴/호마이카 ,150,2026-02-10,
1758,2월_볼꾸,2026-01-27,2026-02-13,14,893309,키링 키링꾸미기 거울꾸미기 거꾸 볼펜꾸미기 볼꾸 동대문 꾸미기 DIY 딸기 스트로베리,위드삐삐마켓,기타,1600,2026-02-09,
1758,2월_볼꾸,2026-01-27,2026-02-13,15,893310,키링 키링꾸미기 거울꾸미기 거꾸 볼펜꾸미기 볼꾸 동대문 꾸미기 DIY 비즈 재료 데코 키트,위드삐삐마켓,기타,1600,2026-02-09,
1758,2월_볼꾸,2026-01-27,2026-02-13,16,893311,키링 키링꾸미기 거울꾸미기 거꾸 볼펜꾸미기 볼꾸 동대문 꾸미기 DIY 비즈 재료 데코 키트,위드삐삐마켓,기타,1600,2026-02-09,
1758,2월_볼꾸,2026-01-27,2026-02-13,17,893452,"[볼꾸, 펜꾸] 말풍선 고양이 참",라온,비즈/아크릴/호마이카 ,700,2026-02-10,
1758,2월_볼꾸,2026-01-27,2026-02-13,18,893458,"[볼꾸, 펜꾸] 왕체리 키티 참",라온,비즈/아크릴/호마이카 ,1500,2026-02-10,
1758,2월_볼꾸,2026-01-27,2026-02-13,19,883734,볼펜꾸미기 볼꾸 동대문 꾸미기 DIY 캐릭터 알록달록 미니 파츠 천사 링 천사링 날개 엔젤,위드삐삐마켓,기타,400,2026-01-31,
1758,2월_볼꾸,2026-01-27,2026-02-13,20,883900,볼펜꾸미기 볼꾸 동대문 꾸미기 DIY AB 구름 파츠 AB코팅 스몰 미디움,위드삐삐마켓,기타,300,2026-02-01,
1758,2월_볼꾸,2026-01-27,2026-02-13,21,884789,일부재입고 / 단색길쭉볼펜 볼꾸 볼펜꾸미기 DIY ->믹스컬러 추가,라일라,비즈/아크릴/호마이카 ,300,2026-02-02,
1758,2월_볼꾸,2026-01-27,2026-02-13,22,883709,볼펜꾸미기 볼꾸 동대문 꾸미기 DIY 과일 채소 버섯 가지 감자 토마토 AB코팅 알록달록,위드삐삐마켓,기타,700,2026-01-31,
1758,2월_볼꾸,2026-01-27,2026-02-13,23,883764,하트 화장품 미니 거울꾸미기 거꾸 볼펜꾸미기 볼꾸 동대문 꾸미기 DIY 비즈 재료 데코 키,위드삐삐마켓,기타,800,2026-01-31,
1758,2월_볼꾸,2026-01-27,2026-02-13,24,883756,볼펜꾸미기 볼꾸 동대문 꾸미기 DIY 하프문 달 초승달 컬러풀,위드삐삐마켓,기타부속재료,600,2026-01-31,
1758,2월_볼꾸,2026-01-27,2026-02-13,25,883738,볼펜꾸미기 볼꾸 동대문 꾸미기 DIY 알록달록 미니 랜덤 액자 베이직 빅사이즈 케이스,위드삐삐마켓,기타,1400,2026-01-31,
1758,2월_볼꾸,2026-01-27,2026-02-13,26,883711,볼펜꾸미기 볼꾸 동대문 꾸미기 DIY 별 스타 AB코팅 알록달록 미니 랜덤,위드삐삐마켓,기타,350,2026-01-31,
1758,2월_볼꾸,2026-01-27,2026-02-13,27,883710,볼펜꾸미기 볼꾸 동대문 꾸미기 DIY 날개 천사 AB코팅 알록달록 미니 랜덤 투명,위드삐삐마켓,기타,600,2026-01-31,
1758,2월_볼꾸,2026-01-27,2026-02-13,28,883737,볼펜꾸미기 볼꾸 동대문 꾸미기 DIY 알록달록 미니 랜덤 액자 곰돌이 케이스,위드삐삐마켓,기타,1400,2026-01-31,
1758,2월_볼꾸,2026-01-27,2026-02-13,29,883699,볼펜꾸미기 볼꾸 동대문 꾸미기 DIY 캐릭터 알록달록 미니 파츠 꽃 플라워 오로라 광택,위드삐삐마켓,기타,300,2026-01-31,
1758,2월_볼꾸,2026-01-27,2026-02-13,30,883705,볼펜꾸미기 볼꾸 동대문 꾸미기 DIY 달 오로라 AB코팅 알록달록 미니 파츠,위드삐삐마켓,기타,600,2026-01-31,
1758,2월_볼꾸,2026-01-27,2026-02-13,31,883600,볼펜꾸미기 볼꾸 동대문 꾸미기 DIY AB코팅 꽃 연꽃 꽃받침 알록달록 미니 유광 화분,위드삐삐마켓,기타,200,2026-01-30,
1758,2월_볼꾸,2026-01-27,2026-02-13,32,883692,볼펜꾸미기 볼꾸 동대문 꾸미기 DIY 캐릭터 알록달록 미니 파츠 구슬 볼 호박,위드삐삐마켓,기타,400,2026-01-31,
1758,2월_볼꾸,2026-01-27,2026-02-13,33,883698,볼펜꾸미기 볼꾸 동대문 꾸미기 DIY AB코팅 별 종이접기 알록달록 미니 랜덤 하트 믹스,위드삐삐마켓,기타,250,2026-01-31,
1758,2월_볼꾸,2026-01-27,2026-02-13,34,883697,볼펜꾸미기 볼꾸 동대문 꾸미기 DIY 캐릭터 알록달록 미니 파츠 꽃받침 나뭇잎 꽃 플라워,위드삐삐마켓,기타,200,2026-01-31,
1758,2월_볼꾸,2026-01-27,2026-02-13,35,883597,볼펜꾸미기 볼꾸 동대문 꾸미기 DIY AB코팅 꽃 꽃받침 알록달록 미니 유광 화분,위드삐삐마켓,기타,200,2026-01-30,
1758,2월_볼꾸,2026-01-27,2026-02-13,36,883599,볼펜꾸미기 볼꾸 동대문 꾸미기 DIY AB코팅 플라워 케이크 디저트 꽃 알록달록 미니 유광,위드삐삐마켓,기타,500,2026-01-30,
1758,2월_볼꾸,2026-01-27,2026-02-13,37,883598,볼펜꾸미기 볼꾸 동대문 꾸미기 DIY AB코팅 플라워 꽃 알록달록 미니 유광 빅사이즈,위드삐삐마켓,기타,500,2026-01-30,
1758,2월_볼꾸,2026-01-27,2026-02-13,38,883596,볼펜꾸미기 볼꾸 동대문 꾸미기 DIY AB코팅 도넛 마카롱 디저트 알록달록 미니 유광 빵,위드삐삐마켓,기타,1000,2026-01-30,
1758,2월_볼꾸,2026-01-27,2026-02-13,39,883408,볼펜꾸미기 볼꾸 동대문 꾸미기 DIY 실버 통통 별 하트 유광,위드삐삐마켓,기타부속재료,400,2026-01-30,
1758,2월_볼꾸,2026-01-27,2026-02-13,40,883404,볼펜꾸미기 볼꾸 동대문 꾸미기 DIY 조개 클리어 유리볼 반짝반짝 유리알,위드삐삐마켓,기타부속재료,500,2026-01-30,
1758,2월_볼꾸,2026-01-27,2026-02-13,41,883396,볼펜꾸미기 볼꾸 동대문 꾸미기 DIY 리본 알록달록 컬러풀 발레코어,위드삐삐마켓,기타부속재료,300,2026-01-30,
1758,2월_볼꾸,2026-01-27,2026-02-13,42,883406,볼펜꾸미기 볼꾸 동대문 꾸미기 DIY 유광 코팅 써클링 원형 링,위드삐삐마켓,기타부속재료,400,2026-01-30,
1758,2월_볼꾸,2026-01-27,2026-02-13,43,883393,볼펜꾸미기 볼꾸 동대문 꾸미기 DIY 핑크 무광 통통 리본 발레코어 하트 별,위드삐삐마켓,기타부속재료,600,2026-01-30,
1758,2월_볼꾸,2026-01-27,2026-02-13,44,883415,볼펜꾸미기 볼꾸 동대문 꾸미기 DIY AB코팅 컬러 하트링 알록달록 컬러풀,위드삐삐마켓,기타부속재료,400,2026-01-30,
1758,2월_볼꾸,2026-01-27,2026-02-13,45,883593,볼펜꾸미기 볼꾸 동대문 꾸미기 DIY AB코팅 고양이 캣 알록달록 미니 유광 핑크 오로라,위드삐삐마켓,기타,500,2026-01-30,
1758,2월_볼꾸,2026-01-27,2026-02-13,46,883414,볼펜꾸미기 볼꾸 동대문 꾸미기 DIY AB코팅 하트 링 하트링,위드삐삐마켓,기타부속재료,400,2026-01-30,
1758,2월_볼꾸,2026-01-27,2026-02-13,47,883392,볼펜꾸미기 볼꾸 동대문 꾸미기 DIY 홀 믹스 구슬 비즈,위드삐삐마켓,기타부속재료,180,2026-01-30,
1758,2월_볼꾸,2026-01-27,2026-02-13,48,883391,볼펜꾸미기 볼꾸 동대문 꾸미기 DIY AB코팅 클로버 행운 네잎클로버 오로라 투명 클리어,위드삐삐마켓,기타부속재료,500,2026-01-30,
1758,2월_볼꾸,2026-01-27,2026-02-13,49,883388,볼펜꾸미기 볼꾸 동대문 꾸미기 DIY AB코팅 리본 오로라 발레코어 발레리나,위드삐삐마켓,기타부속재료,400,2026-01-30,
1758,2월_볼꾸,2026-01-27,2026-02-13,50,883386,볼펜꾸미기 볼꾸 동대문 꾸미기 DIY AB코팅 별 스타 핑크 블루 오로라 코팅,위드삐삐마켓,기타부속재료,400,2026-01-30,
1758,2월_볼꾸,2026-01-27,2026-02-13,51,882358,네잎크로버 양구멍  양구멍 볼펜꾸미기 파트 부자재 볼꾸 동대문 꾸미기 DIY,플랜제이,기타부속재료,150,2026-01-29,
1758,2월_볼꾸,2026-01-27,2026-02-13,52,881441,볼펜꾸미기 볼꾸 동대문 꾸미기 DIY 클리어별 별 비즈 파츠,위드삐삐마켓,기타부속재료,300,2026-01-28,
1758,2월_볼꾸,2026-01-27,2026-02-13,53,881434,볼펜꾸미기 볼꾸 동대문 꾸미기 DIY 비즈 타원 구슬 AB코팅 코팅구슬,위드삐삐마켓,기타부속재료,250,2026-01-28,
1758,2월_볼꾸,2026-01-27,2026-02-13,54,881413,볼펜꾸미기 볼꾸 동대문 꾸미기 DIY 비즈 플라워 AB코팅 코팅플라워,위드삐삐마켓,기타부속재료,250,2026-01-28,
1758,2월_볼꾸,2026-01-27,2026-02-13,55,881437,볼펜꾸미기 볼꾸 동대문 꾸미기 DIY 비즈 진주 리본 코팅진주 코팅 발레코어 비즈 파츠,위드삐삐마켓,기타부속재료,330,2026-01-28,
1758,2월_볼꾸,2026-01-27,2026-02-13,56,881439,볼펜꾸미기 볼꾸 동대문 꾸미기 DIY 아기곰 비즈 곰 리본곰 발레곰 발레코어 파츠,위드삐삐마켓,기타부속재료,500,2026-01-28,
1758,2월_볼꾸,2026-01-27,2026-02-13,57,881443,볼펜꾸미기 볼꾸 동대문 꾸미기 DIY 플라워 글리터 비즈 반짝이 파츠 꽃,위드삐삐마켓,기타부속재료,300,2026-01-28,
1758,2월_볼꾸,2026-01-27,2026-02-13,58,881456,AB투명별 비즈 오로라 펜꾸 볼꾸 볼펜꾸미기 볼꾸재료 부자재 플라스틱,플라스틱,비즈/아크릴/호마이카 ,130,2026-01-28,
1758,2월_볼꾸,2026-01-27,2026-02-13,59,871121,네잎클로버 볼꾸 호마이카 참 (믹스),라온,비즈/아크릴/호마이카 ,300,2026-01-20,
1758,2월_볼꾸,2026-01-27,2026-02-13,60,881476,볼펜꾸미기 볼꾸 동대문 꾸미기 DIY 12미리 비즈 크리스탈 AB크리스탈 구슬,위드삐삐마켓,기타부속재료,300,2026-01-28,
1758,2월_볼꾸,2026-01-27,2026-02-13,61,868454,14mm 호피 사각비즈 볼꾸재료 펜꾸 볼펜꾸미기 재료 비즈 키링 스트랩 부자재 플라스틱,플라스틱,기타부속재료,200,2026-01-16,
1758,2월_볼꾸,2026-01-27,2026-02-13,62,881495,500g-8mm ab오로라볼 비즈 구슬 펜꾸 볼꾸 볼펜꾸미기 볼꾸재료 부자재 플라스틱,플라스틱,비즈/아크릴/호마이카 ,10000,2026-01-28,
1758,2월_볼꾸,2026-01-27,2026-02-13,63,871094,네잎클로버 볼꾸 펜꾸 펜꾸미기 호마이카 참 (믹스),스르르,비즈/아크릴/호마이카 ,300,2026-01-20,
1758,2월_볼꾸,2026-01-27,2026-02-13,64,879881,볼꾸 키링 재료 세라믹 클로버,쥬쥬마켓,비즈/아크릴/호마이카 ,200,2026-01-27,
1758,2월_볼꾸,2026-01-27,2026-02-13,65,871098,리본 별 볼꾸 펜꾸 펜꾸미기 호마이카 참 (믹스),스르르,비즈/아크릴/호마이카 ,100,2026-01-20,
1758,2월_볼꾸,2026-01-27,2026-02-13,66,869684,AB나비 비즈 직구 통과형 볼꾸재료 펜꾸 볼펜꾸미기 키링 스트랩 부자재 플라스틱,플라스틱,기타부속재료,120,2026-01-19,
1758,2월_볼꾸,2026-01-27,2026-02-13,67,871090,체크하트 볼꾸 펜꾸 펜꾸미기 호마이카 참 (믹스),스르르,비즈/아크릴/호마이카 ,280,2026-01-20,
1758,2월_볼꾸,2026-01-27,2026-02-13,68,878350,500g-8mm 투명테두리볼 비즈 원형 구슬 볼꾸재료 키링 부자재 플라스틱,플라스틱,비즈/아크릴/호마이카 ,10000,2026-01-26,
1758,2월_볼꾸,2026-01-27,2026-02-13,69,871091,빅 하트 볼꾸 펜꾸 펜꾸미기 호마이카 참 (믹스),스르르,비즈/아크릴/호마이카 ,250,2026-01-20,
1758,2월_볼꾸,2026-01-27,2026-02-13,70,868380,16mm 우드비즈 볼꾸재료 펜꾸 볼펜꾸미기 재료 비즈 구슬 키링 스트랩 부자재 플라스틱,플라스틱,기타부속재료,100,2026-01-16,
1758,2월_볼꾸,2026-01-27,2026-02-13,71,871089,러브 볼꾸 펜꾸 펜꾸미기 호마이카 참 (믹스),스르르,비즈/아크릴/호마이카 ,280,2026-01-20,
1758,2월_볼꾸,2026-01-27,2026-02-13,72,866750,AB하트 퀼팅하트 엠보싱 산딸기 비즈 볼꾸재료 볼펜꾸미기 키링 스트랩 부자재 플라스틱,플라스틱,기타부속재료,100,2026-01-15,
1758,2월_볼꾸,2026-01-27,2026-02-13,73,877927,"[인기&문의 동시 폭주!!!] 볼꾸,펜꾸,거꾸,빗꾸 모든꾸미기엔 리본참",티제이,비즈/아크릴/호마이카 ,240,2026-01-26,
1758,2월_볼꾸,2026-01-27,2026-02-13,74,858152,(단일/믹스)엠앤엠 엠엔엠 비즈 볼꾸재료 펜꾸 볼펜꾸미기 키링 스트랩 백참 부자재 플라스틱,플라스틱,기타부속재료,100,2026-01-02,
1758,2월_볼꾸,2026-01-27,2026-02-13,75,874980,하트날개 볼꾸 펜꾸 호마이카 (믹스),스르르,비즈/아크릴/호마이카 ,180,2026-01-22,
1758,2월_볼꾸,2026-01-27,2026-02-13,76,863210,꽃비즈 알록달록 플라워 봄키링 봄악세사리 볼꾸재료 스트랩 키링 부자재 플라스틱,플라스틱,기타부속재료,360,2026-01-12,
1758,2월_볼꾸,2026-01-27,2026-02-13,77,871170,리본 별 볼꾸 호마이카 참 (믹스),라온,비즈/아크릴/호마이카 ,100,2026-01-20,
1758,2월_볼꾸,2026-01-27,2026-02-13,78,866652,(450g)16mm AB미러볼 볼꾸재료 펜꾸 볼펜꾸미기 비즈 키링 스트랩 부자재 플라스틱,플라스틱,기타부속재료,15000,2026-01-15,
1758,2월_볼꾸,2026-01-27,2026-02-13,79,874945,AB 리본 볼꾸 펜꾸 호마이카 참 (믹스),스르르,비즈/아크릴/호마이카 ,140,2026-01-22,
1758,2월_볼꾸,2026-01-27,2026-02-13,80,874992,리본 볼펜 꾸미기 전용 볼펜 (믹스),라온,비즈/아크릴/호마이카 ,500,2026-01-22,
1758,2월_볼꾸,2026-01-27,2026-02-13,81,859464,손거울 비즈 인형소품 인형꾸미기 인형키링 부자재 볼꾸재료 플라스틱,플라스틱,기타부속재료,250,2026-01-06,
1758,2월_볼꾸,2026-01-27,2026-02-13,82,873549,AB데이지꽃 비즈 키링 스트랩 펜꾸 볼꾸재료 볼펜꾸미기 부자재 플라스틱,플라스틱,기타부속재료,220,2026-01-21,
1758,2월_볼꾸,2026-01-27,2026-02-13,83,873976,치즈큐브비즈 아이스크림콘 음식 키링 펜꾸 볼꾸재료 볼펜꾸미기 부자재 플라스틱,플라스틱,기타부속재료,100,2026-01-22,
1758,2월_볼꾸,2026-01-27,2026-02-13,84,873554,무광통통하트 비즈 키링 스트랩 펜꾸 볼펜꾸미기 볼꾸재료 부자재 플라스틱,플라스틱,기타부속재료,180,2026-01-21,
1758,2월_볼꾸,2026-01-27,2026-02-13,85,871173,글로시 구름 볼꾸 호마이카 참 (믹스),라온,비즈/아크릴/호마이카 ,330,2026-01-20,
1758,2월_볼꾸,2026-01-27,2026-02-13,86,871428,"인기,문의 동시폭주!!! 볼꾸 엔젤부자재,펜꾸 부자재",티제이,비즈/아크릴/호마이카 ,1000,2026-01-20,
1758,2월_볼꾸,2026-01-27,2026-02-13,87,871409,AB투명테두리 ab하트비즈 볼꾸재료 펜꾸 볼펜꾸미기 재료 비즈 키링 스트랩 부자재 플라스틱,플라스틱,기타부속재료,100,2026-01-20,
1758,2월_볼꾸,2026-01-27,2026-02-13,88,877903,비즈 리본 볼펜,라온,기타부속재료,2100,2026-01-26,
1758,2월_볼꾸,2026-01-27,2026-02-13,89,877881,러블리 리본 볼펜 (믹스),스르르,기타부속재료,2700,2026-01-26,
1758,2월_볼꾸,2026-01-27,2026-02-13,90,874990,천사날개 볼꾸 펜꾸 호마이카 5종,라온,비즈/아크릴/호마이카 ,400,2026-01-22,
1758,2월_볼꾸,2026-01-27,2026-02-13,91,868062,꽃비즈 나뭇잎 플라워 구슬 볼꾸 펜꾸 볼펜꾸미기 키링 스트랩 부자재 플라스틱,플라스틱,기타부속재료,70,2026-01-16,
1758,2월_볼꾸,2026-01-27,2026-02-13,92,877902,러블리 리본 볼펜 (믹스),라온,기타부속재료,2700,2026-01-26,
1758,2월_볼꾸,2026-01-27,2026-02-13,93,881480,볼펜꾸미기 볼꾸 동대문 꾸미기 DIY 엔젤 무광 코팅 엔젤코어 날개 천사,위드삐삐마켓,기타부속재료,150,2026-01-28,
1758,2월_볼꾸,2026-01-27,2026-02-13,94,883383,볼펜꾸미기 볼꾸 동대문 꾸미기 DIY AB코팅 얼음 리본 아이스 투명 클리어,위드삐삐마켓,기타부속재료,300,2026-01-30,
1758,2월_볼꾸,2026-01-27,2026-02-13,95,883369,볼펜꾸미기 볼꾸 동대문 꾸미기 DIY 하트 딸기 과일 핑크 레드,위드삐삐마켓,기타부속재료,400,2026-01-30,
1758,2월_볼꾸,2026-01-27,2026-02-13,96,883366,볼펜꾸미기 볼꾸 동대문 꾸미기 DIY AB코팅 거울 공주거울 공주 발레코어,위드삐삐마켓,기타부속재료,500,2026-01-30,
1758,2월_볼꾸,2026-01-27,2026-02-13,97,883370,볼펜꾸미기 볼꾸 동대문 꾸미기 DIY 펄 플라워 꽃 클리어,위드삐삐마켓,기타부속재료,300,2026-01-30,
1758,2월_볼꾸,2026-01-27,2026-02-13,98,883362,볼펜꾸미기 볼꾸 동대문 꾸미기 DIY AB코팅 통통 달 오로라 무광,위드삐삐마켓,기타부속재료,500,2026-01-30,
1758,2월_볼꾸,2026-01-27,2026-02-13,99,883284,무광꽃 펜던트 팬던트 비즈 볼꾸 볼펜꾸미기 펜꾸 부자재 플라스틱,플라스틱,비즈/아크릴/호마이카 ,130,2026-01-30,
1758,2월_볼꾸,2026-01-27,2026-02-13,100,883361,볼펜꾸미기 볼꾸 동대문 꾸미기 DIY AB코팅 달 나비 빅사이즈 오로라,위드삐삐마켓,기타부속재료,600,2026-01-30,
1758,2월_볼꾸,2026-01-27,2026-02-13,101,882622,거북이 행운 후로킹 볼펜꾸미기 볼꾸 키링 동대문 꾸미기 DIY 핸드메이드 파츠,플랜제이,기타부속재료,500,2026-01-29,
1758,2월_볼꾸,2026-01-27,2026-02-13,102,883274,아크릴 풍선꽃 펜던트 비즈 볼꾸 볼펜꾸미기 부자재 플라스틱,플라스틱,비즈/아크릴/호마이카 ,180,2026-01-30,
1758,2월_볼꾸,2026-01-27,2026-02-13,103,882484,하트 후로킹 볼펜꾸미기 볼꾸 키링 열쇠고리 부자재 동대문 꾸미기 DIY 핸드메이드,플랜제이,기타부속재료,200,2026-01-29,
1758,2월_볼꾸,2026-01-27,2026-02-13,104,882483,후로킹하트 볼펜꾸미기 볼꾸 키링 열쇠고리 부자재 동대문 꾸미기 DIY 핸드메이드,플랜제이,기타부속재료,250,2026-01-29,
1758,2월_볼꾸,2026-01-27,2026-02-13,105,882629,곰돌이 후로킹볼펜꾸미기 볼꾸 키링 동대문 꾸미기 DIY 핸드메이드 파츠,플랜제이,기타부속재료,300,2026-01-29,
1758,2월_볼꾸,2026-01-27,2026-02-13,106,882481,수량입고 볼꾸 구름 ab 볼펜꾸미기 볼꾸 키링 열쇠고리 부자재 동대문 꾸미기 DIY,플랜제이,기타부속재료,200,2026-01-29,
1758,2월_볼꾸,2026-01-27,2026-02-13,107,878370,볼펜꾸미기 볼펜 4색볼펜 펜꾸 볼꾸,감성놀이,필기구,500,2026-01-26,
1758,2월_볼꾸,2026-01-27,2026-02-13,108,883365,볼펜꾸미기 볼꾸 동대문 꾸미기 DIY AB코팅 망아지 강아지 말 인형,위드삐삐마켓,기타부속재료,1000,2026-01-30,
1758,2월_볼꾸,2026-01-27,2026-02-13,109,881438,볼펜꾸미기 볼꾸 동대문 꾸미기 DIY 비즈 플라워 핸드메이드 파츠,위드삐삐마켓,기타부속재료,900,2026-01-28,
1758,2월_볼꾸,2026-01-27,2026-02-13,110,881436,볼펜꾸미기 볼꾸 동대문 꾸미기 DIY 비즈 구름 랜덤파츠 비즈 구름비즈 컬러,위드삐삐마켓,기타부속재료,300,2026-01-28,
1758,2월_볼꾸,2026-01-27,2026-02-13,111,859928,리본 비즈 리본비즈 ab비즈 볼꾸재료 구슬 볼펜꾸미기 펜꾸 스트랩 키링 부자재 플라스틱,플라스틱,기타부속재료,160,2026-01-07,
1758,2월_볼꾸,2026-01-27,2026-02-13,112,881445,볼펜꾸미기 볼꾸 동대문 꾸미기 DIY 글리터 볼펜 반짝이 필기구 펜,위드삐삐마켓,기타부속재료,700,2026-01-28,
1758,2월_볼꾸,2026-01-27,2026-02-13,113,868464,투명테두리 하트비즈 볼꾸재료 펜꾸 볼펜꾸미기 재료 비즈 구슬 키링 스트랩 부자재 플라스틱,플라스틱,기타부속재료,100,2026-01-16,
1758,2월_볼꾸,2026-01-27,2026-02-13,114,871116,체크하트 볼꾸 호마이카 참 (믹스),라온,비즈/아크릴/호마이카 ,280,2026-01-20,
1758,2월_볼꾸,2026-01-27,2026-02-13,115,874981,케이크 볼꾸 펜꾸 호마이카 (믹스),스르르,비즈/아크릴/호마이카 ,600,2026-01-22,
1758,2월_볼꾸,2026-01-27,2026-02-13,116,874991,AB 리본 볼꾸 펜꾸 호마이카 참 (믹스),라온,비즈/아크릴/호마이카 ,140,2026-01-22,
1758,2월_볼꾸,2026-01-27,2026-02-13,117,868461,투명테두리 별비즈 볼꾸재료 펜꾸 볼펜꾸미기 재료 비즈 구슬 키링 스트랩 부자재 플라스틱,플라스틱,기타부속재료,100,2026-01-16,
1758,2월_볼꾸,2026-01-27,2026-02-13,118,875013,무지개 불펜꾸미기 전용 볼펜 (믹스),스르르,비즈/아크릴/호마이카 ,400,2026-01-22,
1758,2월_볼꾸,2026-01-27,2026-02-13,119,874994,별 리본 볼꾸 펜꾸 호마이카 (믹스),라온,비즈/아크릴/호마이카 ,150,2026-01-22,
1758,2월_볼꾸,2026-01-27,2026-02-13,120,874993,하트리본 볼꾸 펜꾸 호마이카 (믹스),라온,비즈/아크릴/호마이카 ,150,2026-01-22,
1758,2월_볼꾸,2026-01-27,2026-02-13,121,874985,사탕볼 볼꾸 펜꾸 호마이카 (믹스),스르르,비즈/아크릴/호마이카 ,180,2026-01-22,
1758,2월_볼꾸,2026-01-27,2026-02-13,122,873619,볼펜꾸미기 볼꾸 동대문 꾸미기 DIY 비즈 펄 반짝이 비즈펜 재료 세트 볼펜 스피너 데코,위드삐삐마켓,기타,1200,2026-01-21,
1758,2월_볼꾸,2026-01-27,2026-02-13,123,877885,블링 하트 펜꾸 볼꾸 부자재 (믹스),스르르,비즈/아크릴/호마이카 ,1100,2026-01-26,
1758,2월_볼꾸,2026-01-27,2026-02-13,124,873616,볼펜꾸미기 볼꾸 동대문 꾸미기 DIY 비즈 그라데이션 비즈펜 재료 세트 볼펜 스피너 데코,위드삐삐마켓,기타,700,2026-01-21,
1758,2월_볼꾸,2026-01-27,2026-02-13,125,879920,"[재입고완료!!]인기 볼꾸,펜꾸,거꾸,빗꾸 모든꾸미기엔 부자재참!! 우주대스타키티참",티제이,비즈/아크릴/호마이카 ,500,2026-01-27,
1758,2월_볼꾸,2026-01-27,2026-02-13,126,875002,투명하트 볼꾸 펜꾸 호마이카 (믹스),라온,비즈/아크릴/호마이카 ,300,2026-01-22,
1758,2월_볼꾸,2026-01-27,2026-02-13,127,873049,AB 직사각 아크릴비즈 스트랩 키링 펜꾸 볼꾸재료 볼펜꾸미기 부자재 플라스틱,플라스틱,기타부속재료,130,2026-01-21,
1758,2월_볼꾸,2026-01-27,2026-02-13,128,874944,천사날개 볼꾸 펜꾸 호마이카 5종,스르르,비즈/아크릴/호마이카 ,400,2026-01-22,
1758,2월_볼꾸,2026-01-27,2026-02-13,129,872986,16mm 수제비즈 관통 직구 키링 스트랩 펜꾸 볼꾸재료 볼펜꾸미기 부자재 플라스틱,플라스틱,기타부속재료,150,2026-01-21,
1758,2월_볼꾸,2026-01-27,2026-02-13,130,872924,8mm 도넛홀 믹스비즈 파스텔 컬러풀 키링 팔찌 펜꾸 볼꾸재료 볼펜꾸미기 부자재 플라스틱,플라스틱,기타부속재료,10,2026-01-21,
1758,2월_볼꾸,2026-01-27,2026-02-13,131,871454,AB사탕비즈 옥춘당 캔디 키링 볼꾸재료 펜꾸 볼펜꾸미기 부자재 플라스틱,플라스틱,기타부속재료,160,2026-01-20,
1758,2월_볼꾸,2026-01-27,2026-02-13,132,874978,블링 큐빅 볼꾸 펜꾸 호마이카 2종,스르르,비즈/아크릴/호마이카 ,1600,2026-01-22,
1758,2월_볼꾸,2026-01-27,2026-02-13,133,867432,14mm 사각비즈 볼꾸재료 펜꾸 볼펜꾸미기 재료 비즈 구슬 키링 스트랩 부자재 플라스틱,플라스틱,기타부속재료,220,2026-01-15,
1758,2월_볼꾸,2026-01-27,2026-02-13,134,874970,무지개 리본 볼꾸 펜꾸 호마이카 (16*28mm),스르르,비즈/아크릴/호마이카 ,600,2026-01-22,
1758,2월_볼꾸,2026-01-27,2026-02-13,135,869698,AB리본비즈 직구 통과형 볼꾸재료 펜꾸 볼펜꾸미기 키링 스트랩 부자재 플라스틱,플라스틱,기타부속재료,150,2026-01-19,
1758,2월_볼꾸,2026-01-27,2026-02-13,136,877882,비즈 리본 볼펜 (믹스),스르르,기타부속재료,2100,2026-01-26,
1758,2월_볼꾸,2026-01-27,2026-02-13,137,874961,별 리본 볼꾸 펜꾸 호마이카 (믹스),스르르,키링/가방악세사리,150,2026-01-22,
1758,2월_볼꾸,2026-01-27,2026-02-13,138,874974,글리터 볼 볼꾸 펜꾸 호마이카 (믹스 16mm),스르르,비즈/아크릴/호마이카 ,150,2026-01-22,
1758,2월_볼꾸,2026-01-27,2026-02-13,139,874975,투명하트 볼꾸 펜꾸 호마이카 (믹스),스르르,비즈/아크릴/호마이카 ,300,2026-01-22,
1758,2월_볼꾸,2026-01-27,2026-02-13,140,877904,블링 하트 펜꾸 볼꾸 부자재,라온,비즈/아크릴/호마이카 ,1100,2026-01-26,
1758,2월_볼꾸,2026-01-27,2026-02-13,141,881477,볼펜꾸미기 볼꾸 동대문 꾸미기 DIY 엔젤 클리어 비즈 크리스탈,위드삐삐마켓,기타부속재료,300,2026-01-28,
1758,2월_볼꾸,2026-01-27,2026-02-13,142,868053,AB꽃비즈 플라워 구슬 볼꾸재료 펜꾸 볼펜꾸미기 키링 스트랩 부자재 플라스틱,플라스틱,기타부속재료,50,2026-01-16,
1758,2월_볼꾸,2026-01-27,2026-02-13,143,867949,12mm 비즈 농구공 야구공 테니스공 볼꾸재료 펜꾸 볼펜꾸미기 부자재 구슬 키링 플라스틱,플라스틱,기타부속재료,50,2026-01-16,
1758,2월_볼꾸,2026-01-27,2026-02-13,144,874011,14mm 햄버거 음식 큐브비즈 키링 펜꾸 볼꾸재료 볼펜꾸미기 부자재 플라스틱,플라스틱,기타부속재료,220,2026-01-22,
1758,2월_볼꾸,2026-01-27,2026-02-13,145,874959,하트리본 볼꾸 펜꾸 호마이카 (믹스),스르르,비즈/아크릴/호마이카 ,150,2026-01-22,
1758,2월_볼꾸,2026-01-27,2026-02-13,146,868134,믹스 숫자비즈 무광 구슬 볼꾸재료 펜꾸 볼펜꾸미기 키링 스트랩 부자재 플라스틱,플라스틱,기타부속재료,160,2026-01-16,
1758,2월_볼꾸,2026-01-27,2026-02-13,147,871118,빅 하트 볼꾸 호마이카 참 (믹스),라온,비즈/아크릴/호마이카 ,250,2026-01-20,
1758,2월_볼꾸,2026-01-27,2026-02-13,148,871113,러브 볼꾸 호마이카 참 (믹스),라온,비즈/아크릴/호마이카 ,280,2026-01-20,
1758,2월_볼꾸,2026-01-27,2026-02-13,149,859026,체커보드큐브 비즈 체크 체스 사각 구슬 키링 볼꾸재료 부자재 플라스틱,플라스틱,기타부속재료,100,2026-01-05,
1758,2월_볼꾸,2026-01-27,2026-02-13,150,868480,AB 비정형별비즈 볼꾸재료 펜꾸 볼펜꾸미기 재료 비즈 키링 스트랩 부자재 플라스틱,플라스틱,기타부속재료,130,2026-01-16,
1758,2월_볼꾸,2026-01-27,2026-02-13,151,867340,14mm 사각비즈 볼꾸재료 펜꾸 볼펜꾸미기 재료 비즈 구슬 키링 스트랩 부자재 플라스틱,플라스틱,기타부속재료,220,2026-01-15,
1758,2월_볼꾸,2026-01-27,2026-02-13,152,857775,500g- 8mm AB볼 비즈 구슬 원형 오로라 볼꾸재료 키링 팔찌 목걸이 재료 플라스틱,플라스틱,기타부속재료,9000,2025-12-31,
1758,2월_볼꾸,2026-01-27,2026-02-13,153,871099,글로시 구름 볼꾸 펜꾸 펜꾸미기 호마이카 참 (믹스),스르르,비즈/아크릴/호마이카 ,330,2026-01-20,
1758,2월_볼꾸,2026-01-27,2026-02-13,154,868516,AB하트 하트비즈 키링 스트랩 볼꾸재료 펜꾸 볼펜꾸미기 부자재 플라스틱,플라스틱,기타부속재료,70,2026-01-16,
1758,2월_볼꾸,2026-01-27,2026-02-13,155,866718,(450g)16mm AB볼 볼꾸재료 펜꾸 볼펜꾸미기 비즈 구슬 키링 스트랩 부자재 플라스틱,플라스틱,기타부속재료,10000,2026-01-15,
1774,2월_플레이트,2026-02-12,2026-03-03,0,699841,라이머매트플레이트(6color),삼보상사,그릇/식기,3900,2025-04-28,
1774,2월_플레이트,2026-02-12,2026-03-03,1,655119,멜랑 타원플레이트(깊은형) 7color,삼보상사,그릇/식기,7500,2025-03-12,
1774,2월_플레이트,2026-02-12,2026-03-03,2,896414,퓨어 커브드 접시 보울,링크,그릇/식기,7900,2026-02-12,
1774,2월_플레이트,2026-02-12,2026-03-03,3,895667,"미색라인 접시, 쿠프",링크,그릇/식기,7900,2026-02-11,
1774,2월_플레이트,2026-02-12,2026-03-03,4,898020,(실물짱!!) 리본냥이 플레이트,소브니홈,그릇/식기,6500,2026-02-13,
1774,2월_플레이트,2026-02-12,2026-03-03,5,898030,(4color) 파스텔 나눔접시 플레이트,소브니홈,그릇/식기,8900,2026-02-13,
1774,2월_플레이트,2026-02-12,2026-03-03,6,898077,웨이브결 소스볼,링크,그릇/식기,6600,2026-02-14,
1774,2월_플레이트,2026-02-12,2026-03-03,7,898162,블루브라운플라워 접시,링크,그릇/식기,11600,2026-02-15,
1774,2월_플레이트,2026-02-12,2026-03-03,8,898872,런던베어 스프볼,링크,그릇/식기,12500,2026-02-18,
1774,2월_플레이트,2026-02-12,2026-03-03,9,828897,겨울 친구들 소스볼 펭귄 북극곰,소브니홈,접시/플레이트,5900,2025-11-13,
1774,2월_플레이트,2026-02-12,2026-03-03,10,856295,디저트 미니소스볼 4종,옐로맨션,그릇/식기,2700,2025-12-27,
1774,2월_플레이트,2026-02-12,2026-03-03,11,881339,일본  빼꼼 애옹이 소스볼,남군점빵,그릇/식기,2300,2026-01-28,
1774,2월_플레이트,2026-02-12,2026-03-03,12,811303,애니멀 2종 파스타볼,남군점빵,그릇/식기,7000,2025-10-28,
1774,2월_플레이트,2026-02-12,2026-03-03,13,814483,3종소스볼  가지 /토끼/애옹이,남군점빵,그릇/식기,2100,2025-10-30,
1774,2월_플레이트,2026-02-12,2026-03-03,14,856274,유럽2종 유리접시,남군점빵,그릇/식기,5200,2025-12-27,
1774,2월_플레이트,2026-02-12,2026-03-03,15,853396,본아페띠 레터링  세라믹접시,남군점빵,그릇/식기,5200,2025-12-18,
1774,2월_플레이트,2026-02-12,2026-03-03,16,858254,2종 베이커리 소스볼,남군점빵,그릇/식기,2600,2026-01-03,
1774,2월_플레이트,2026-02-12,2026-03-03,17,888479,해피 애니멀 쁘띠볼 3종,옐로맨션,접시/플레이트,4100,2026-02-04,
1774,2월_플레이트,2026-02-12,2026-03-03,18,797476,"체크진, 도트진 접시",링크,그릇/식기,6500,2025-09-29,
1774,2월_플레이트,2026-02-12,2026-03-03,19,796467,구름과 달 종지 접시,링크,그릇/식기,3500,2025-09-27,
1774,2월_플레이트,2026-02-12,2026-03-03,20,789674,캣박스 접시,링크,그릇/식기,5900,2025-09-17,
1774,2월_플레이트,2026-02-12,2026-03-03,21,786086,블루도트 접시,링크,그릇/식기,8500,2025-09-14,
1774,2월_플레이트,2026-02-12,2026-03-03,22,802691,빗살 접시,링크,그릇/식기,9000,2025-10-15,
1774,2월_플레이트,2026-02-12,2026-03-03,23,793356,청사과 접시,링크,그릇/식기,7700,2025-09-22,
1774,2월_플레이트,2026-02-12,2026-03-03,24,800640,국화 꽃접시,링크,그릇/식기,7600,2025-10-11,
1774,2월_플레이트,2026-02-12,2026-03-03,25,808711,"[인기추가] 루돌프 종지, 앞접시, 접시",링크,그릇/식기,2900,2025-10-23,
1774,2월_플레이트,2026-02-12,2026-03-03,26,809077,"빈티지 빗살 보울 , 오벌 보울 접시",링크,그릇/식기,9900,2025-10-24,
1774,2월_플레이트,2026-02-12,2026-03-03,27,893222,비건 비정형 접시,링크,그릇/식기,15900,2026-02-09,
1774,2월_플레이트,2026-02-12,2026-03-03,28,882480,베이커리 볼,소브니홈,그릇/식기,9000,2026-01-29,
1774,2월_플레이트,2026-02-12,2026-03-03,29,785809,네코 글라스접시 2종,옐로맨션,접시/플레이트,7400,2025-09-13,
1774,2월_플레이트,2026-02-12,2026-03-03,30,891334,오목보울 접시,링크,그릇/식기,7900,2026-02-06,
1774,2월_플레이트,2026-02-12,2026-03-03,31,866357,"리본 도자기 받침 수저, 젓가락 받침",마이 하비,그릇/식기,4000,2026-01-14,
1774,2월_플레이트,2026-02-12,2026-03-03,32,867344,하트 요거트 보울 소스볼,링크,그릇/식기,6000,2026-01-15,
1774,2월_플레이트,2026-02-12,2026-03-03,33,880066,컬러 나눔 소스볼,링크,그릇/식기,7500,2026-01-27,
1774,2월_플레이트,2026-02-12,2026-03-03,34,879074,브런치 오벌 보울,링크,그릇/식기,16900,2026-01-27,
1774,2월_플레이트,2026-02-12,2026-03-03,35,875581,비건 접시 플레이트,링크,그릇/식기,9500,2026-01-23,
1774,2월_플레이트,2026-02-12,2026-03-03,36,866200,달마시안플랫접시플레이트(6size),삼보상사,그릇/식기,5200,2026-01-14,
1774,2월_플레이트,2026-02-12,2026-03-03,37,816565,스몰 사각 나눔접시,링크,그릇/식기,5300,2025-11-02,
1774,2월_플레이트,2026-02-12,2026-03-03,38,814929,핸드크래프트 접시,링크,그릇/식기,19600,2025-10-30,
1774,2월_플레이트,2026-02-12,2026-03-03,39,812657,사각 나눔접시,링크,그릇/식기,12900,2025-10-29,
1774,2월_플레이트,2026-02-12,2026-03-03,40,812439,러브 하트접시,링크,그릇/식기,12500,2025-10-28,
1774,2월_플레이트,2026-02-12,2026-03-03,41,614001,동물 친구들 미니 그릇 소스그릇 종지 악세사리 트레이,감성놀이,접시/플레이트,4000,2025-02-05,
1774,2월_플레이트,2026-02-12,2026-03-03,42,735290,디저트볼 그릇 감성적인 홈카페 분위기 연출 BM-110,리더스셀러,그릇/식기,5700,2025-07-04,
1774,2월_플레이트,2026-02-12,2026-03-03,43,734206,[신상추가] 고양이 종지 그릇,링크,그릇/식기,4900,2025-07-01,
1774,2월_플레이트,2026-02-12,2026-03-03,44,893529,포레스트 사각 종지 그릇,링크,그릇/식기,7500,2026-02-10,
1774,2월_플레이트,2026-02-12,2026-03-03,45,892372,씨쉘 접시,링크,그릇/식기,6500,2026-02-09,
1774,2월_플레이트,2026-02-12,2026-03-03,47,858256,손잡이소스볼 3종,남군점빵,그릇/식기,2100,2026-01-03,
1774,2월_플레이트,2026-02-12,2026-03-03,48,892365,그린샌드 접시,링크,그릇/식기,12200,2026-02-09,
1774,2월_플레이트,2026-02-12,2026-03-03,49,861056,헤븐시리즈평접시시리즈(2size),삼보상사,그릇/식기,7900,2026-01-08,
1774,2월_플레이트,2026-02-12,2026-03-03,50,889179,딸기 손잡이 미니플레이트,옐로맨션,접시/플레이트,1900,2026-02-05,
1774,2월_플레이트,2026-02-12,2026-03-03,51,885182,뭉근 오벌접시,링크,그릇/식기,7300,2026-02-02,
1774,2월_플레이트,2026-02-12,2026-03-03,52,887572,[핑크추가] 샌드 종지,링크,그릇/식기,4900,2026-02-04,
1774,2월_플레이트,2026-02-12,2026-03-03,53,843300,러스틱 체크라인 접시,링크,그릇/식기,5900,2025-12-03,
1774,2월_플레이트,2026-02-12,2026-03-03,54,858089,클래식 플레이트 2종,옐로맨션,접시/플레이트,9400,2026-01-02,
1774,2월_플레이트,2026-02-12,2026-03-03,55,857985,그린콕 종지,링크,그릇/식기,4900,2026-01-02,
1774,2월_플레이트,2026-02-12,2026-03-03,56,854319,빵다 플레이트,링크,그릇/식기,6000,2025-12-22,
1774,2월_플레이트,2026-02-12,2026-03-03,57,828633,요염한 개구리 수저받침 3종,옐로맨션,코스터/받침,1900,2025-11-13,
1774,2월_플레이트,2026-02-12,2026-03-03,58,852233,애니멀 디저트 접시,링크,그릇/식기,7800,2025-12-17,
1774,2월_플레이트,2026-02-12,2026-03-03,59,856319,플라워 오벌 접시,링크,그릇/식기,11200,2025-12-28,
1774,2월_플레이트,2026-02-12,2026-03-03,60,846898,곰돌이 미니 접시,감성놀이,접시/플레이트,3900,2025-12-08,
1774,2월_플레이트,2026-02-12,2026-03-03,61,878569,소금빵 접시 홈카페 디저트 플레이트,동이그릇이야기,그릇/식기,7500,2026-01-27,
1774,2월_플레이트,2026-02-12,2026-03-03,62,876271,빈티지 로즈 접시,남군점빵,그릇/식기,5200,2026-01-23,
1774,2월_플레이트,2026-02-12,2026-03-03,63,842552,만두 미니볼 2종,옐로맨션,접시/플레이트,3700,2025-12-02,
1774,2월_플레이트,2026-02-12,2026-03-03,64,842391,플라위접시,그린푸드주방,그릇/식기,3500,2025-12-02,
1774,2월_플레이트,2026-02-12,2026-03-03,65,843765,소담꽃 종지 소스볼,링크,그릇/식기,4900,2025-12-03,
1774,2월_플레이트,2026-02-12,2026-03-03,66,837580,레이지캣 접시,링크,그릇/식기,7700,2025-11-25,
1774,2월_플레이트,2026-02-12,2026-03-03,67,835141,레트로 꽃 접시 빈티지,링크,그릇/식기,15400,2025-11-21,
1774,2월_플레이트,2026-02-12,2026-03-03,68,876824,조약돌 앞접시,링크,그릇/식기,2800,2026-01-25,
1774,2월_플레이트,2026-02-12,2026-03-03,69,861081,헤븐시리즈디저트볼시리즈(3size),삼보상사,그릇/식기,4500,2026-01-08,
1774,2월_플레이트,2026-02-12,2026-03-03,70,875051,무드라인 접시,링크,그릇/식기,8700,2026-01-22,
1774,2월_플레이트,2026-02-12,2026-03-03,71,861079,헤븐시리즈미니접시시리즈(2size),삼보상사,그릇/식기,2900,2026-01-08,
1774,2월_플레이트,2026-02-12,2026-03-03,72,861078,헤븐시리즈샐러드&면기시리즈(2size),삼보상사,그릇/식기,12500,2026-01-08,
1774,2월_플레이트,2026-02-12,2026-03-03,73,865056,파도볼 소스볼 그릇,링크,그릇/식기,6300,2026-01-13,
1774,2월_플레이트,2026-02-12,2026-03-03,74,861693,네잎클로버 플레이트,옐로맨션,접시/플레이트,3700,2026-01-10,
1774,2월_플레이트,2026-02-12,2026-03-03,75,861076,헤븐시리즈접시시리즈(3size),삼보상사,그릇/식기,4700,2026-01-08,
1774,2월_플레이트,2026-02-12,2026-03-03,76,863184,모노 스트라이프 접시,링크,그릇/식기,9100,2026-01-12,
1774,2월_플레이트,2026-02-12,2026-03-03,77,861814,컬러링 소스볼 종지,링크,그릇/식기,4500,2026-01-11,
1774,2월_플레이트,2026-02-12,2026-03-03,78,861359,헤븐시리즈타원시리즈(2size),삼보상사,그릇/식기,12500,2026-01-09,
1774,2월_플레이트,2026-02-12,2026-03-03,79,859427,블루체크 파스타 볼,링크,그릇/식기,16800,2026-01-06,
1774,2월_플레이트,2026-02-12,2026-03-03,80,858333,"조약돌 종지, 접시",링크,그릇/식기,4500,2026-01-04,
1774,2월_플레이트,2026-02-12,2026-03-03,81,861074,헤븐시리즈파스타&카레볼,삼보상사,그릇/식기,14500,2026-01-08,
1774,2월_플레이트,2026-02-12,2026-03-03,82,837822,[인기추가]고양이의 하루 접시,링크,그릇/식기,7500,2025-11-25,
1774,2월_플레이트,2026-02-12,2026-03-03,83,856596,에그 플레이트,링크,그릇/식기,10500,2025-12-29,
1774,2월_플레이트,2026-02-12,2026-03-03,84,848838,"고슴도치 플레이트, 파스타볼",링크,그릇/식기,17500,2025-12-11,
1774,2월_플레이트,2026-02-12,2026-03-03,85,846095,샌드 오벌 접시,링크,그릇/식기,12600,2025-12-08,
1774,2월_플레이트,2026-02-12,2026-03-03,86,844599,"청화 사각, 원 접시",링크,그릇/식기,9500,2025-12-05,
1774,2월_플레이트,2026-02-12,2026-03-03,87,857693,"페탈 플레이트, 쿠프",링크,그릇/식기,8400,2025-12-31,
1774,2월_플레이트,2026-02-12,2026-03-03,88,857403,너구리 종지 접시,링크,그릇/식기,10400,2025-12-30,
1774,2월_플레이트,2026-02-12,2026-03-03,89,844602,파스텔 과일종지,링크,그릇/식기,4900,2025-12-05,
1774,2월_플레이트,2026-02-12,2026-03-03,90,855466,진저브레드맨 미니접시,옐로맨션,그릇/식기,4500,2025-12-24,
1774,2월_플레이트,2026-02-12,2026-03-03,91,831304,핑크리본 유리컵,챌렉트,컵/잔/머그,7000,2025-11-17,
1774,2월_플레이트,2026-02-12,2026-03-03,92,833221,버블플라워 접시 소스볼,링크,그릇/식기,4900,2025-11-18,
1774,2월_플레이트,2026-02-12,2026-03-03,93,842392,플라워대접,그린푸드주방,그릇/식기,5000,2025-12-02,
1774,2월_플레이트,2026-02-12,2026-03-03,94,838583,도트 소스볼 종지,링크,그릇/식기,5600,2025-11-26,
1774,2월_플레이트,2026-02-12,2026-03-03,95,832450,블랙 라인아트 접시,링크,그릇/식기,5900,2025-11-18,
1774,2월_플레이트,2026-02-12,2026-03-03,96,831206,(신상) 코지캣 소스볼 겸 젓가락 받침대,소브니홈,그릇/식기,4300,2025-11-17,
1774,2월_플레이트,2026-02-12,2026-03-03,97,842393,플라워공기,그린푸드주방,그릇/식기,4500,2025-12-02,
1775,2월_헤어스크런치,2026-02-12,2026-03-11,0,896090,19cm 빅사이즈 체크무늬 곱창 _ 체크 헤어슈슈 스크런치,샤빌,곱창밴드,1800,2026-02-11,
1775,2월_헤어스크런치,2026-02-12,2026-03-11,1,896371,꽃 엠보 펄 곱창 HTSH602B,햇빛,곱창밴드,1500,2026-02-12,
1775,2월_헤어스크런치,2026-02-12,2026-03-11,2,895729,화이트자수 스크런치,카라(kara),곱창밴드,4000,2026-02-11,
1775,2월_헤어스크런치,2026-02-12,2026-03-11,3,893735,구름스크런치 머리핀 곱창끈 곱창머리끈 스크런치 링클 주름곱창 헤어밴드 H595,아이즈  Eyes,곱창밴드,500,2026-02-10,
1775,2월_헤어스크런치,2026-02-12,2026-03-11,4,893255,진주 소프트 곱창밴드,누보,곱창밴드,1700,2026-02-09,
1775,2월_헤어스크런치,2026-02-12,2026-03-11,5,888530,13cm 스티치 크링클 곱창 _ 바스락 헤어슈슈 스크런치,샤빌,곱창밴드,1000,2026-02-04,
1775,2월_헤어스크런치,2026-02-12,2026-03-11,6,888528,더블러플메쉬곱창,에그니 ,곱창밴드,4400,2026-02-04,
1775,2월_헤어스크런치,2026-02-12,2026-03-11,7,888517,배색스트라이프곱창,에그니 ,곱창밴드,3200,2026-02-04,
1775,2월_헤어스크런치,2026-02-12,2026-03-11,8,887247,테슬거즈곱창,에그니 ,곱창밴드,2000,2026-02-04,
1775,2월_헤어스크런치,2026-02-12,2026-03-11,9,887154,제작)그레이테리중곱창,라팡,곱창밴드,2500,2026-02-03,
1775,2월_헤어스크런치,2026-02-12,2026-03-11,10,885845,히든도트플리츠곱창,에그니 ,곱창밴드,3000,2026-02-02,
1775,2월_헤어스크런치,2026-02-12,2026-03-11,11,884658,20cm 빅사이즈 빈티지 플라워 프린팅 곱창 _ 꽃무늬 헤어슈슈 스크런치,샤빌,곱창밴드,1800,2026-02-02,
1775,2월_헤어스크런치,2026-02-12,2026-03-11,12,884199,(재입고완료 봄신상)블러썸스트라이프 헤어슈슈 스크런치 곱창끈,앤디어,곱창밴드,2500,2026-02-01,
1775,2월_헤어스크런치,2026-02-12,2026-03-11,13,884197,(봄신상)캔디 하트펀칭 헤어슈슈 스크런치 곱창끈,앤디어,곱창밴드,2800,2026-02-01,
1775,2월_헤어스크런치,2026-02-12,2026-03-11,14,884194,(봄신상)잔스트라이프 헤어슈슈 스크런치 곱창끈,앤디어,곱창밴드,2300,2026-02-01,
1775,2월_헤어스크런치,2026-02-12,2026-03-11,15,884193,(봄신상)소프트별 헤어슈슈 스크런치 곱창끈,앤디어,곱창밴드,2000,2026-02-01,
1775,2월_헤어스크런치,2026-02-12,2026-03-11,16,884192,(봄신상-보라꽃추가완료)멜빌 꽃 헤어슈슈 스크런치 곱창끈,앤디어,곱창밴드,2600,2026-02-01,
1775,2월_헤어스크런치,2026-02-12,2026-03-11,17,884183,17cm 빅사이즈 펀칭레이스 면곱창 _ 네겹 레이스 헤어슈슈 스크런치,샤빌,곱창밴드,3000,2026-02-01,
1775,2월_헤어스크런치,2026-02-12,2026-03-11,18,884139,신상 자가드 프릴 곱창 스크런치 국내제작,슈슈,곱창밴드,5000,2026-02-01,
1775,2월_헤어스크런치,2026-02-12,2026-03-11,19,884140,아이니 리본 곱창밴드,누보,곱창밴드,2700,2026-02-01,
1775,2월_헤어스크런치,2026-02-12,2026-03-11,20,880805,버튼 도트 곱창밴드,누보,곱창밴드,2000,2026-01-28,
1775,2월_헤어스크런치,2026-02-12,2026-03-11,21,880114,제작)잔꽃중곱창,라팡,곱창밴드,2000,2026-01-27,
1775,2월_헤어스크런치,2026-02-12,2026-03-11,22,880105,제작)샌드도트미들곱창,라팡,곱창밴드,3000,2026-01-27,
1775,2월_헤어스크런치,2026-02-12,2026-03-11,23,880071,제작)알자스땡중곱창,라팡,곱창밴드,2000,2026-01-27,
1775,2월_헤어스크런치,2026-02-12,2026-03-11,24,878993,제작)샌드도트미들곱창,제이래빗,곱창밴드,3000,2026-01-27,
1775,2월_헤어스크런치,2026-02-12,2026-03-11,25,876895,반다나 컬러콤비 슈슈곱창,림스비쥬,곱창밴드,2500,2026-01-25,
1775,2월_헤어스크런치,2026-02-12,2026-03-11,26,876899,크로플 선데이 미니스크런치(3컬러),소소공방,곱창밴드,3000,2026-01-25,
1775,2월_헤어스크런치,2026-02-12,2026-03-11,27,875115,[머리끈] H-0137 시스루 곱창밴드,동대문몰(카시오),곱창밴드,4000,2026-01-22,
1775,2월_헤어스크런치,2026-02-12,2026-03-11,28,874743,진주 레이스 쉬폰 곱창 HTYK601C,햇빛,곱창밴드,1800,2026-01-22,
1775,2월_헤어스크런치,2026-02-12,2026-03-11,29,870894,리본시메트리새틴빅곱창,에그니 ,곱창밴드,5200,2026-01-19,
1775,2월_헤어스크런치,2026-02-12,2026-03-11,30,869383,개당600원(1세트 15개)니트곱창,더상상,곱창밴드,9000,2026-01-19,
1775,2월_헤어스크런치,2026-02-12,2026-03-11,31,867913,대형 니트 스트라이프 곱창끈 곱창밴드 머리끈 헤어끈,귀요미,곱창밴드,1600,2026-01-16,
1775,2월_헤어스크런치,2026-02-12,2026-03-11,32,867181,땡땡이 리본 쉬폰 곱창 HTHB601G,햇빛,곱창밴드,2000,2026-01-15,
1775,2월_헤어스크런치,2026-02-12,2026-03-11,33,866215,블루 체크 리본 레이스 헤어슈슈 헤어스크런치 곱창끈 곱창밴드,귀요미,곱창밴드,1200,2026-01-14,
1775,2월_헤어스크런치,2026-02-12,2026-03-11,34,866184,프릴 레이스 쉬폰 곱창 HTYK601B,햇빛,곱창밴드,1000,2026-01-14,
1775,2월_헤어스크런치,2026-02-12,2026-03-11,35,865579,스트라이프 쉬폰 곱창 HTYK601A,햇빛,곱창밴드,1000,2026-01-14,
1775,2월_헤어스크런치,2026-02-12,2026-03-11,36,863398,프렌치러플거즈코튼곱창,에그니 ,곱창밴드,4400,2026-01-12,
1775,2월_헤어스크런치,2026-02-12,2026-03-11,37,863200,리본 구름 곱창 HTHB601A,햇빛,곱창밴드,1200,2026-01-12,
1775,2월_헤어스크런치,2026-02-12,2026-03-11,38,861928,진주벨벳 스크런치 머리끈 헤어 밴드 곱창 진주 282,아띠젠,곱창밴드,2000,2026-01-11,
1775,2월_헤어스크런치,2026-02-12,2026-03-11,39,861621,테디뽀글곱창,에그니 ,곱창밴드,4400,2026-01-09,
1775,2월_헤어스크런치,2026-02-12,2026-03-11,40,861808,26봄신상 페퍼 미미스크런치,비스켓,곱창밴드,6000,2026-01-11,
1775,2월_헤어스크런치,2026-02-12,2026-03-11,41,859032,눈꽃 벨벳 스크런치 (2컬러),소소공방,곱창밴드,6000,2026-01-05,
1775,2월_헤어스크런치,2026-02-12,2026-03-11,42,857773,얇은 글로시 플리츠 주름 헤어슈슈 헤어스크런치 곱창끈 곱창밴드,귀요미,곱창밴드,1200,2025-12-31,
1775,2월_헤어스크런치,2026-02-12,2026-03-11,43,857771,플리츠 볼륨 대왕 겨울 곱창끈 곱창밴드 헤어슈슈 헤어스크런치,귀요미,곱창밴드,2000,2025-12-31,
1775,2월_헤어스크런치,2026-02-12,2026-03-11,44,857244,기본 벨벳 베이직 곱창,로즈리본,곱창밴드,700,2025-12-29,
1775,2월_헤어스크런치,2026-02-12,2026-03-11,45,855510,디어스크런치 곱창 곱창밴드 머리끈 헤어밴드 헤어끈 스크런치 소품샵 잡화점 H1031,데이오프,곱창밴드,2500,2025-12-24,
1775,2월_헤어스크런치,2026-02-12,2026-03-11,46,855399,잔하트 곱창밴드,누보,곱창밴드,1800,2025-12-24,
1775,2월_헤어스크런치,2026-02-12,2026-03-11,47,854839,부클 니트 털 곱창 HTSH512A,햇빛,곱창밴드,1500,2025-12-23,
1775,2월_헤어스크런치,2026-02-12,2026-03-11,48,854624,엔젤헤어리곱창,에그니 ,곱창밴드,3300,2025-12-23,
1775,2월_헤어스크런치,2026-02-12,2026-03-11,49,854285,랜덤 5개  밍크진주,꼬리별,곱창밴드,1000,2025-12-22,
1775,2월_헤어스크런치,2026-02-12,2026-03-11,50,854281,랜덤10개  벨벳 곱창,꼬리별,곱창밴드,1000,2025-12-22,
1775,2월_헤어스크런치,2026-02-12,2026-03-11,51,854533,빅사이즈 잔도트 곱창밴드,누보,곱창밴드,2500,2025-12-22,
1775,2월_헤어스크런치,2026-02-12,2026-03-11,52,853502,도트 보솜 데일리 곱창 스크런치,젤리젤리,곱창밴드,1800,2025-12-19,
1775,2월_헤어스크런치,2026-02-12,2026-03-11,53,853421,포니테일 니트 곱창 머리끈 헤어밴드 슈슈 스크런치(2컬러),오마이버니(디자이너),곱창밴드,2500,2025-12-18,
1775,2월_헤어스크런치,2026-02-12,2026-03-11,54,852832,미니도트코듀곱창,에그니 ,곱창밴드,3000,2025-12-18,
1775,2월_헤어스크런치,2026-02-12,2026-03-11,55,851993,비즈 샤이닝 곱창밴드,누보,곱창밴드,2500,2025-12-17,
1775,2월_헤어스크런치,2026-02-12,2026-03-11,56,851985,리본 라벨 곱창밴드,누보,곱창밴드,2200,2025-12-17,
1775,2월_헤어스크런치,2026-02-12,2026-03-11,57,851870,제작)보들딸기중곱창,라팡,곱창밴드,2000,2025-12-16,
1775,2월_헤어스크런치,2026-02-12,2026-03-11,58,851557,2컬)테두리 밍크 퍼 레더 헤어슈슈 헤어스크런치 곱창끈 곱창밴드,귀요미,곱창밴드,2200,2025-12-16,
1775,2월_헤어스크런치,2026-02-12,2026-03-11,59,851350,제작)멀티별중곱창,제이래빗,곱창밴드,2000,2025-12-16,
1775,2월_헤어스크런치,2026-02-12,2026-03-11,60,851335,빅사이즈 부클 도트 데일리 스크런치 곱창,젤리젤리,곱창밴드,1800,2025-12-16,
1775,2월_헤어스크런치,2026-02-12,2026-03-11,61,851252,"국내, 15cm 실키 웨이브 호피 곱창 _ 꽈배기 셔링 레오파드 헤어슈슈",샤빌,곱창밴드,4000,2025-12-16,
1775,2월_헤어스크런치,2026-02-12,2026-03-11,62,850459,라이트후리스단가라곱창,에그니 ,곱창밴드,3000,2025-12-15,
1775,2월_헤어스크런치,2026-02-12,2026-03-11,63,850214,12cm 셔링 스티치 단추 벨벳 곱창 _ 헤어슈슈 스크런치 (재진행x),샤빌,곱창밴드,1200,2025-12-13,
1775,2월_헤어스크런치,2026-02-12,2026-03-11,64,850202,코펜 스트라이프 곱창 머리끈 헤어밴드 스크런치 슈슈(3컬러),오마이버니(디자이너),곱창밴드,2700,2025-12-13,
1775,2월_헤어스크런치,2026-02-12,2026-03-11,65,849856,페일 밍크 스크런치 (4컬러),소소공방,곱창밴드,3000,2025-12-12,
1775,2월_헤어스크런치,2026-02-12,2026-03-11,66,849854,베이지 코튼 도트 스크런치 (2컬러),소소공방,곱창밴드,2500,2025-12-12,
1775,2월_헤어스크런치,2026-02-12,2026-03-11,67,826442,4컬러 니트 라벨링 곱창,더스트,곱창밴드,1800,2025-11-12,
1775,2월_헤어스크런치,2026-02-12,2026-03-11,68,826436,니트 골지 곱창,더스트,곱창밴드,500,2025-11-12,
1775,2월_헤어스크런치,2026-02-12,2026-03-11,69,826429,25cm 단추 라벨 체크 사각 곱창 _빈티지체크 스퀘어 헤어슈슈 스크런치,샤빌,곱창밴드,2500,2025-11-11,
1775,2월_헤어스크런치,2026-02-12,2026-03-11,70,826423,19cm 스트라이프 니트 곱창 _ 줄무늬 헤어슈슈 스그런치,샤빌,곱창밴드,2500,2025-11-11,
1775,2월_헤어스크런치,2026-02-12,2026-03-11,71,826415,빅사이즈 프릴 벨벳 호피 곱창 _ 스티치 레오파드 스크런치 헤어슈슈,샤빌,곱창밴드,2500,2025-11-11,
1775,2월_헤어스크런치,2026-02-12,2026-03-11,72,826413,18cm 핸드메이드 라벨 스판 골지 니트 곱창 _ 후들후들 다이마루 슈슈,샤빌,곱창밴드,2500,2025-11-11,
1775,2월_헤어스크런치,2026-02-12,2026-03-11,73,825110,3컬)벨벳 언발 리본 펜던트 곱창끈 곱창밴드 머리끈 헤어슈슈 헤어스크런치,귀요미,곱창밴드,1200,2025-11-10,
1775,2월_헤어스크런치,2026-02-12,2026-03-11,74,824413,도트 새틴 빅사이즈 헤어스크런치 왕곱창밴드,에스투 S2,곱창밴드,2800,2025-11-10,
1775,2월_헤어스크런치,2026-02-12,2026-03-11,75,824403,이중레이어드 오간자 빅사이즈 헤어스크런치 왕곱창밴드,에스투 S2,곱창밴드,3000,2025-11-10,
1775,2월_헤어스크런치,2026-02-12,2026-03-11,76,824396,스트라이프 빅사이즈 헤어스크런치 곱창밴드,에스투 S2,곱창밴드,2600,2025-11-10,
1775,2월_헤어스크런치,2026-02-12,2026-03-11,77,824382,아일렛펀칭레이스 면 잔꽃 헤어스크런치 곱창밴드,에스투 S2,곱창밴드,2600,2025-11-10,
1775,2월_헤어스크런치,2026-02-12,2026-03-11,78,823938,탄탄링클 헤어슈슈 스크런치 곱창끈,앤디어,곱창밴드,1500,2025-11-09,
1775,2월_헤어스크런치,2026-02-12,2026-03-11,79,823937,베이직 벨벳 헤어슈슈 스크런치 곱창끈,앤디어,곱창밴드,1000,2025-11-09,
1775,2월_헤어스크런치,2026-02-12,2026-03-11,80,823936,메탈스크런치 헤어슈슈 스크런치 곱창끈,앤디어,곱창밴드,1500,2025-11-09,
1775,2월_헤어스크런치,2026-02-12,2026-03-11,81,823935,윈터 퍼 헤어슈슈 곱창끈,앤디어,곱창밴드,1000,2025-11-09,
1775,2월_헤어스크런치,2026-02-12,2026-03-11,82,823934,빅 후리스 헤어슈슈 스크런치 곱창끈,앤디어,곱창밴드,1500,2025-11-09,
1775,2월_헤어스크런치,2026-02-12,2026-03-11,83,823933,컬러스트라이프 헤어슈슈 스크런치 곱창끈,앤디어,곱창밴드,2000,2025-11-09,
1775,2월_헤어스크런치,2026-02-12,2026-03-11,84,823932,빅 그라체크 두겹 헤어슈슈 스크런치 곱창끈,앤디어,곱창밴드,2500,2025-11-09,
1775,2월_헤어스크런치,2026-02-12,2026-03-11,85,823927,(자체제작)모던스트라이프 헤어슈슈 스크런치 곱창끈,앤디어,곱창밴드,2000,2025-11-09,
1775,2월_헤어스크런치,2026-02-12,2026-03-11,86,823925,(자체제작)미니 코튼펀칭 헤어슈슈 스크런치 곱창끈,앤디어,곱창밴드,2000,2025-11-09,
1775,2월_헤어스크런치,2026-02-12,2026-03-11,87,823897,컬러꼬임니트중곱창,제이래빗,곱창밴드,2500,2025-11-09,
1775,2월_헤어스크런치,2026-02-12,2026-03-11,88,823813,비비드 스크런치 크런치 헤어밴드 비비드 칼라 패션 소품 KA244,아띠젠,곱창밴드,1500,2025-11-09,
1775,2월_헤어스크런치,2026-02-12,2026-03-11,89,823776,15cm 빅사이즈 펄벨벳 곱창 _ 은하수 벨로아 헤어슈슈 스크런치,샤빌,곱창밴드,1800,2025-11-09,
1775,2월_헤어스크런치,2026-02-12,2026-03-11,90,823542,스트라이프니트빅곱창,에그니 ,곱창밴드,3400,2025-11-09,
1775,2월_헤어스크런치,2026-02-12,2026-03-11,91,823483,벨벳 곱창 S사이즈 500×10,디케이악세사리,곱창밴드,5000,2025-11-08,
1775,2월_헤어스크런치,2026-02-12,2026-03-11,92,823287,HH883 벨벳사각스크런치 벨벳곱창밴드 벨벳 스퀘어 스크런치,달리아,곱창밴드,5000,2025-11-08,
1775,2월_헤어스크런치,2026-02-12,2026-03-11,93,821883,[C1444] 아크릴니트배색스크런치,엔유이,곱창밴드,3000,2025-11-07,
1775,2월_헤어스크런치,2026-02-12,2026-03-11,94,821877,[ETC1443] 포인트원단프릴스크런치,엔유이,곱창밴드,3500,2025-11-07,
1775,2월_헤어스크런치,2026-02-12,2026-03-11,95,820265,잔꽃 니트 빅사이즈 스크런치 플라워 왕곱창밴드,에스투 S2,곱창밴드,2800,2025-11-06,
1775,2월_헤어스크런치,2026-02-12,2026-03-11,96,820264,벨벳하트도트 새틴 스크런치 곱창밴드,에스투 S2,곱창밴드,2300,2025-11-06,
1775,2월_헤어스크런치,2026-02-12,2026-03-11,97,820257,HH843 사각스크런치 사각곱창 곱창밴드 스크런치,달리아,곱창밴드,5000,2025-11-05,
1775,2월_헤어스크런치,2026-02-12,2026-03-11,98,820256,HH221 벨벳미니스크런치 벨벳곱창 미니스크런치 컬러곱창 벨벳,달리아,곱창밴드,3000,2025-11-05,
1775,2월_헤어스크런치,2026-02-12,2026-03-11,99,820254,벨벳돌돌이장미 슈슈,림스비쥬,곱창밴드,4000,2025-11-05,
1775,2월_헤어스크런치,2026-02-12,2026-03-11,100,820245,송치호피슈슈곱창,림스비쥬,곱창밴드,1500,2025-11-05,
1775,2월_헤어스크런치,2026-02-12,2026-03-11,101,819374,스트라이프 배색 니트 왕곱창밴드 줄무늬 헤어스크런치,에스투 S2,곱창밴드,3000,2025-11-04,
1776,2월_트레이닝,2026-02-13,2026-03-05,0,780879,브루클린SET) 가을신상 트레이닝세트 긴팔 조거세트 츄리닝 데일리,바이지오,수트/팬츠세트,13000,2025-09-08,
1776,2월_트레이닝,2026-02-13,2026-03-05,1,782371,사이드ST팬츠) 신상 트레이닝 츄리닝 스트링 캐쥬얼 바스락,바이지오,하의,10000,2025-09-09,
1776,2월_트레이닝,2026-02-13,2026-03-05,2,783222,뉴욕조거SET) 면트레이닝 셋업 면 츄리닝 긴팔 투피스 세트 SET,바이지오,셔츠/남방,12000,2025-09-10,
1776,2월_트레이닝,2026-02-13,2026-03-05,3,786312,"신상)카펜터와이드트레이닝팬츠(원마일,오버핏,스트릿,캐주얼,유니섹스,츄리닝",채드 앤 제이드,트레이닝/조거팬츠,24000,2025-09-15,
1776,2월_트레이닝,2026-02-13,2026-03-05,4,794744,"셋업)오버핏피그먼트트레이닝셋업(남녀공용,커플룩,츄리닝,카펜터,원마일)",채드 앤 제이드,후드,56000,2025-09-24,
1776,2월_트레이닝,2026-02-13,2026-03-05,5,834139,11-701 유니섹스 츄리닝,원원체이서,코튼팬츠,35000,2025-11-20,
1776,2월_트레이닝,2026-02-13,2026-03-05,6,836363,t33벨벳스웨이드츄리닝셋업,르방,트레이닝/조거팬츠,29000,2025-11-23,
1776,2월_트레이닝,2026-02-13,2026-03-05,7,845207,롱츄리닝 셋트3color보송크롭반집업후디 카고조거팬츠 포근 스타일링추천템,톡샵,투피스,27000,2025-12-06,
1776,2월_트레이닝,2026-02-13,2026-03-05,8,855826,25FWS신상) 양기모R81맨투맨스커트세트 77반가능 기모츄리닝 기모치마,노멀,투피스,39000,2025-12-25,
1776,2월_트레이닝,2026-02-13,2026-03-05,9,878620,투톤배색맨투맨 조거팬츠 셋업,에스제이,세트,27000,2026-01-27,
1776,2월_트레이닝,2026-02-13,2026-03-05,10,862887,기모 패치 후드 와이드팬츠 트레이닝 세트 기모 공용 셋업,이지바이브,세트,40000,2026-01-12,
1776,2월_트레이닝,2026-02-13,2026-03-05,11,862927,패치 맨투맨 벌룬 조거팬츠 세트 합포지 공용 트레이닝복,이지바이브,세트,40000,2026-01-12,
1776,2월_트레이닝,2026-02-13,2026-03-05,12,862926,패치 크롭 후드집업 벌룬 조거팬츠 트레이닝 세트 합포 공용,이지바이브,세트,51000,2026-01-12,
1776,2월_트레이닝,2026-02-13,2026-03-05,13,862923,시그널 트랙 벨벳 트레이닝 세트 집업 자켓 와이드 밴딩 팬츠 공용 셋업,이지바이브,세트,51000,2026-01-12,
1776,2월_트레이닝,2026-02-13,2026-03-05,14,862885,기모 패치 후드티 스트링 와이드팬츠 트레이닝 셋업 공용,이지바이브,세트,40000,2026-01-12,
1776,2월_트레이닝,2026-02-13,2026-03-05,15,862751,양기모 스웨트 팬츠 절개 와이드핏 스트링 밴딩 남녀공용,로프,하의,22000,2026-01-12,
1776,2월_트레이닝,2026-02-13,2026-03-05,16,862752,이중지 와이드 밴딩 팬츠 스트링 절개 남녀공용,로프,하의,20000,2026-01-12,
1776,2월_트레이닝,2026-02-13,2026-03-05,17,862748,데이 플리스 후드티 와이드 밴딩팬츠 세트 플리스 소재 남녀공용 겨울용,로프,세트,46000,2026-01-12,
1776,2월_트레이닝,2026-02-13,2026-03-05,18,862736,듀이 반집업 골지 기모 셋업 남녀공용,로프,세트,47000,2026-01-12,
1776,2월_트레이닝,2026-02-13,2026-03-05,19,862718,25FW 보아 후드집업 셋업 브이패턴 플리스 소재 세트 가격,도안,세트,40000,2026-01-12,
1776,2월_트레이닝,2026-02-13,2026-03-05,20,862716,25FW 하찌 니트 셋업 라인 배색 지퍼 후드집업 밴딩 와이드팬츠 세트 가격,도안,세트,74000,2026-01-12,
1776,2월_트레이닝,2026-02-13,2026-03-05,21,855229,기모 카모배색후드셋업,에스제이,세트,30000,2025-12-23,
1776,2월_트레이닝,2026-02-13,2026-03-05,22,879931,26봄)[버니파우더]글리터팬츠(성인),리앤봉봉,하의,25000,2026-01-27,
1776,2월_트레이닝,2026-02-13,2026-03-05,23,865240,거래처사진)그레이지벌룬팬츠(빈티지 커브드 와이드 피그먼트 빅사이즈 기모,엔무브,하의,22000,2026-01-14,
1776,2월_트레이닝,2026-02-13,2026-03-05,24,863316,주문폭주)양면후리스 set (트레이닝 기모 조거 와이드 집업 투웨이 ),엔무브,원피스/세트,31000,2026-01-12,
1776,2월_트레이닝,2026-02-13,2026-03-05,25,863267,25fw) 절개 후리스 투웨이 팬츠 신상,크리스피칩스,하의,22000,2026-01-12,
1776,2월_트레이닝,2026-02-13,2026-03-05,26,863263,"25fw) 소프트 융기모 후드집업 , 투웨이팬츠 셋업 세트상품",크리스피칩스,원피스/세트,56000,2026-01-12,
1776,2월_트레이닝,2026-02-13,2026-03-05,27,863269,"25fw) 후리스 패딩 점퍼, 후리스 절개 팬츠 세트상품",크리스피칩스,원피스/세트,64000,2026-01-12,
1776,2월_트레이닝,2026-02-13,2026-03-05,28,863025,하이롱 레이스 라인 기모 밴딩 스트링 와이드 팬츠,엔무브,하의,16000,2026-01-12,
1776,2월_트레이닝,2026-02-13,2026-03-05,29,862976,기모 패치 후드 와이드팬츠 트레이닝세트 공용 셋업,이지바이브,원피스/세트,40000,2026-01-12,
1776,2월_트레이닝,2026-02-13,2026-03-05,30,862934,기모 사이드 절개 핀턱 와이드 팬츠 겨울용 밴딩 스트링 롱기장,오르트,하의,15000,2026-01-12,
1776,2월_트레이닝,2026-02-13,2026-03-05,31,862886,시그널 트랙 벨벳 저지 집업 자켓 와이드 밴딩 팬츠 트레이닝 셋업 공용,이지바이브,원피스/세트,51000,2026-01-12,
1776,2월_트레이닝,2026-02-13,2026-03-05,32,862891,기모 써클 트랙 후드 트레이닝 세트 스트링 와이드 팬츠 공용 셋업,이지바이브,원피스/세트,48000,2026-01-12,
1776,2월_트레이닝,2026-02-13,2026-03-05,33,862890,기모 후드티 와이드 트레이닝팬츠 세트 패치 스트링 기모안감 공용 셋업,이지바이브,원피스/세트,40000,2026-01-12,
1776,2월_트레이닝,2026-02-13,2026-03-05,34,862552,배색라인 크롭 후드집업 카고팬츠 세트 면 스웻소재 조거핏,유레카,원피스/세트,28000,2026-01-12,
1776,2월_트레이닝,2026-02-13,2026-03-05,35,862501,배색라인 후드 기모 트레이닝세트,온리원,원피스/세트,27000,2026-01-12,
1776,2월_트레이닝,2026-02-13,2026-03-05,36,862474,어나더PT 니트 와이드 밴딩팬츠 비스코스 포켓 턱 일자핏,모콰,하의,16000,2026-01-12,
1776,2월_트레이닝,2026-02-13,2026-03-05,37,862458,양기모 머스트 두툼 와이드 팬츠 겨울 기모 밴딩 스트링 롱팬츠,가쉽,하의,15000,2026-01-12,
1776,2월_트레이닝,2026-02-13,2026-03-05,38,862363,몽아 뱃살커버 밴딩 와이드 트랙팬츠 기모,유레카,하의,29000,2026-01-12,
1776,2월_트레이닝,2026-02-13,2026-03-05,39,862360,배색라인 후드 기모 트레이닝세트,유레카,원피스/세트,27000,2026-01-12,
1776,2월_트레이닝,2026-02-13,2026-03-05,40,862364,워머넥 기모 트레이닝세트 무지 빅사이즈 셋업,유레카,원피스/세트,25000,2026-01-12,
1776,2월_트레이닝,2026-02-13,2026-03-05,41,862249,골덴 스텔라 기모 와이드 팬츠 코듀로이 겨울용 밴딩 빅사이즈 국내제작,가쉽,하의,19000,2026-01-12,
1776,2월_트레이닝,2026-02-13,2026-03-05,42,862262,기모뽀송 골지 와이드 밴딩 트레이닝 팬츠 기모 안감 국내제작,가쉽,하의,15000,2026-01-12,
1776,2월_트레이닝,2026-02-13,2026-03-05,43,862267,캐슬 맞주름 치마바지 와이드 밴딩 팬츠 맥시 루즈핏 트레이닝 소재,가쉽,하의,14000,2026-01-12,
1776,2월_트레이닝,2026-02-13,2026-03-05,44,862213,양기모 삥줄 밴딩 조거팬츠 트레이닝 겨울 캐주얼,보네르,하의,29000,2026-01-12,
1776,2월_트레이닝,2026-02-13,2026-03-05,45,859178,골지 와이드 팬츠 포근기모골지원단 데일리조거팬츠 따뜻편안한핏 데일리룩연출,톡샵,하의,17000,2026-01-06,
1776,2월_트레이닝,2026-02-13,2026-03-05,46,843345,두줄벨로아PT) 겨울 신상 겨울 트레이닝 벨벳 속기모 밴딩팬츠,세종,하의,7000,2025-12-03,
1776,2월_트레이닝,2026-02-13,2026-03-05,47,837950,기모트레이닝바지 2color 와이드배색허리스트링 조거팬츠 코지무드업,톡샵,하의,21000,2025-11-26,
1776,2월_트레이닝,2026-02-13,2026-03-05,48,800881,"체크배색와이드PT(롱기장,77사이즈 가능)",가십걸,하의,23000,2025-10-12,
1776,2월_트레이닝,2026-02-13,2026-03-05,49,797584,"왕골덴와이드팬츠-코듀로이,봄가을,겨울룩,긴바지,일자,루즈핏,도톰,롱,밴딩",데일르,하의,11000,2025-09-30,
1776,2월_트레이닝,2026-02-13,2026-03-05,50,782798,시그니처절개레깅스) 피트쫄바지 피트 레깅스 사계절 레깅스,바이지오,하의,3500,2025-09-09,
1776,2월_트레이닝,2026-02-13,2026-03-05,51,784219,데일리조거PT) 조거팬츠 밴딩팬츠 편안한 조거팬츠 와이드바지,바이지오,하의,7000,2025-09-11,
1776,2월_트레이닝,2026-02-13,2026-03-05,52,794734,"밍크와이드팬츠-기모,융,겨울,도톰,긴바지,트레이닝,루즈핏,밴딩,롱,베이직",데일르,하의,12000,2025-09-24,
1776,2월_트레이닝,2026-02-13,2026-03-05,53,782676,레이스밴딩팬츠) 밴딩와이드PT 허리레이스 인기 찰랑바지,바이지오,하의,6000,2025-09-09,
1777,2월_간절기 가디건,2026-02-13,2026-03-11,0,897033,(sale) 에쉬 끈 벨트 가디건 신축성 좋은 골지 스타일 독특한 디자인,브리밍,셔츠/남방,10000,2026-02-13,
1777,2월_간절기 가디건,2026-02-13,2026-03-11,1,897028,26봄신상)부클쎄라가디건,퍼플그레이,가디건,10500,2026-02-13,
1777,2월_간절기 가디건,2026-02-13,2026-03-11,2,896975,부클)파우더세라CD,마젠타,가디건,10500,2026-02-12,
1777,2월_간절기 가디건,2026-02-13,2026-03-11,3,896137,칼디가디건 CD,앤드플로이드,가디건,32000,2026-02-11,
1777,2월_간절기 가디건,2026-02-13,2026-03-11,4,895520,블룸CD,톡시,니트/스웨터,22000,2026-02-11,
1777,2월_간절기 가디건,2026-02-13,2026-03-11,5,895483,에고레이스CD,톡시,니트/스웨터,25000,2026-02-11,
1777,2월_간절기 가디건,2026-02-13,2026-03-11,6,894816,8897봉봉가디건탑,더클리닝,니트/스웨터,15000,2026-02-11,
1777,2월_간절기 가디건,2026-02-13,2026-03-11,9,896007,아가일 리본 가디건 봄 신상 다이아몬드 러블리 25921,노랑나비,가디건,15000,2026-02-11,
1777,2월_간절기 가디건,2026-02-13,2026-03-11,10,893455,벤티RN CD ) 봄신상,니트존,가디건,9000,2026-02-10,
1777,2월_간절기 가디건,2026-02-13,2026-03-11,11,893437,2도단RCD) 봄신상,니트존,가디건,15000,2026-02-10,
1777,2월_간절기 가디건,2026-02-13,2026-03-11,12,893153,머랭가디건 (신상 울니트가디건,더베이스,가디건,28000,2026-02-09,
1777,2월_간절기 가디건,2026-02-13,2026-03-11,13,892224,앤코CD ( 세일 니트 가디건  심플 ),럭키,가디건,6000,2026-02-09,
1777,2월_간절기 가디건,2026-02-13,2026-03-11,14,885251,니트 간절기 간호사가디건 여성 짧은 상의 아우터 LD-1051,리더스셀러,가디건,15000,2026-02-02,
1777,2월_간절기 가디건,2026-02-13,2026-03-11,15,885240,미디길이 두꺼운 가디건 왕단추 간절기 코디 베이직핏 LD-1054,리더스셀러,가디건,19000,2026-02-02,
1777,2월_간절기 가디건,2026-02-13,2026-03-11,16,878508,라운드넥 니트가디건,데이원(dayone),가디건,9000,2026-01-27,
1777,2월_간절기 가디건,2026-02-13,2026-03-11,17,877822,로지로지 러블리 니트 가디건 26461,스코프,가디건,16000,2026-01-26,
1777,2월_간절기 가디건,2026-02-13,2026-03-11,18,877064,르제이 와이골지가디건.낱장가능,르제이,가디건,15000,2026-01-26,
1777,2월_간절기 가디건,2026-02-13,2026-03-11,19,874905,로맨틱 니트 가디건 7407,스코프,가디건,9000,2026-01-22,
1777,2월_간절기 가디건,2026-02-13,2026-03-11,20,874886,티어스 진주 니트 가디건 1325,스코프,가디건,13000,2026-01-22,
1777,2월_간절기 가디건,2026-02-13,2026-03-11,21,872258,SS꼼데R넥가디건,밥,가디건,38000,2026-01-20,
1777,2월_간절기 가디건,2026-02-13,2026-03-11,22,867487,신상)1102 단가라 니트 가디건,퍼프,가디건,9000,2026-01-15,
1777,2월_간절기 가디건,2026-02-13,2026-03-11,23,865508,317피앙세앙골가디건,더클리닝,가디건,10000,2026-01-14,
1777,2월_간절기 가디건,2026-02-13,2026-03-11,24,863360,브릿지카라가디건 (봄신상 ss니트가디건 캐시미어가디건니트울 카라니트 오피스 캐주얼,더베이스,가디건,24000,2026-01-12,
1777,2월_간절기 가디건,2026-02-13,2026-03-11,25,863355,브릿지카라가디건 (ss신상 캐시미어가디건울니트 캐시가디건니트가디건 봄신상 카라니트,더베이스,가디건,24000,2026-01-12,
1777,2월_간절기 가디건,2026-02-13,2026-03-11,26,862936,라운드넥 골지 버튼 가디건 니트 소재,오르트,가디건,16000,2026-01-12,
1777,2월_간절기 가디건,2026-02-13,2026-03-11,27,862514,캐릭터 자수 울 니트 가디건,온리원,가디건,22000,2026-01-12,
1777,2월_간절기 가디건,2026-02-13,2026-03-11,28,862515,체리자수 가디건 울니트,온리원,가디건,22000,2026-01-12,
1777,2월_간절기 가디건,2026-02-13,2026-03-11,29,862467,싸개CD 니트가디건 울혼방 플라워 나염 배색 단추 빈티지 스타일,모콰,가디건,19000,2026-01-12,
1777,2월_간절기 가디건,2026-02-13,2026-03-11,30,862479,오브CD 울 라운드넥 슬릿 미니버튼 심플 가디건,모콰,가디건,12000,2026-01-12,
1777,2월_간절기 가디건,2026-02-13,2026-03-11,31,862477,스카치 카라 버튼 니트 가디건 아가일 울 블렌드 배색 FW,모콰,가디건,13000,2026-01-12,
1777,2월_간절기 가디건,2026-02-13,2026-03-11,32,862481,쿠키CD 카라 니트 가디건 울혼방 빈티지 배색 디자인,모콰,가디건,19000,2026-01-12,
1777,2월_간절기 가디건,2026-02-13,2026-03-11,33,862442,루이더블CD 트위드 보카시 더블 금장버튼 오픈 니트 가디건,모콰,가디건,15000,2026-01-12,
1777,2월_간절기 가디건,2026-02-13,2026-03-11,34,862376,사선완장 배색 가디건 오버핏 힙커버 빅사이즈 니트,유레카,가디건,20000,2026-01-12,
1777,2월_간절기 가디건,2026-02-13,2026-03-11,35,862377,플라워 자수 울 가디건 컬러 버튼 오버핏 힙커버 롱기장 임부복,유레카,가디건,22000,2026-01-12,
1777,2월_간절기 가디건,2026-02-13,2026-03-11,36,862378,체리자수 울니트 가디건 힙덮는기장 루즈핏 오버핏 빅사이즈 임부복,유레카,가디건,22000,2026-01-12,
1777,2월_간절기 가디건,2026-02-13,2026-03-11,37,861970,노르딕가디건,브로떼,가디건,41000,2026-01-12,
1777,2월_간절기 가디건,2026-02-13,2026-03-11,38,861973,떡볶이핸드가디건,브로떼,가디건,43000,2026-01-12,
1777,2월_간절기 가디건,2026-02-13,2026-03-11,39,861969,방울가디건,브로떼,가디건,53000,2026-01-12,
1777,2월_간절기 가디건,2026-02-13,2026-03-11,40,861900,팬던트)우디니트배색가디건,마젠타,가디건,15000,2026-01-11,
1777,2월_간절기 가디건,2026-02-13,2026-03-11,41,861891,팬던트)우디니트배색가디건,키치키치,가디건,15000,2026-01-11,
1777,2월_간절기 가디건,2026-02-13,2026-03-11,42,861835,"신상, 케이블 세일러카라 니트가디건",퀸더힐,가디건,23000,2026-01-11,
1777,2월_간절기 가디건,2026-02-13,2026-03-11,43,861657,"신상, 블라썸 그레이 가디건",퀸더힐,가디건,24000,2026-01-09,
1777,2월_간절기 가디건,2026-02-13,2026-03-11,44,861464,"신상, 쁘띠 세일러 울 니트가디건",퀸더힐,가디건,35000,2026-01-09,
1777,2월_간절기 가디건,2026-02-13,2026-03-11,45,861239,스트라이프)원숄더니트CD,키치키치,가디건,18000,2026-01-09,
1777,2월_간절기 가디건,2026-02-13,2026-03-11,46,861238,베이직)바바라운드CD,키치키치,가디건,12000,2026-01-09,
1777,2월_간절기 가디건,2026-02-13,2026-03-11,47,859248,양모 자가드 가디건,마루,가디건,24000,2026-01-06,
1777,2월_간절기 가디건,2026-02-13,2026-03-11,48,859235,자가드 노르딕 패턴 가디건,마루,가디건,20000,2026-01-06,
1777,2월_간절기 가디건,2026-02-13,2026-03-11,49,855310,방울가디건,브로떼,가디건,53000,2025-12-24,
1777,2월_간절기 가디건,2026-02-13,2026-03-11,50,854995,오이리 노르딕 패턴 후드 집업 니트 가디건 64364,스코프,가디건,18000,2025-12-23,
1777,2월_간절기 가디건,2026-02-13,2026-03-11,51,854585,벌스 페어아일 니트 가디건,벨리노(Bellino),가디건,19000,2025-12-23,
1777,2월_간절기 가디건,2026-02-13,2026-03-11,52,854544,초아 페어아일 니트 가디건 자켓,벨리노(Bellino),가디건,22000,2025-12-22,
1777,2월_간절기 가디건,2026-02-13,2026-03-11,53,854391,브이넥 긴팔 단추 아우터 소프트한 여성 가디건 LDN-20250103,리더스셀러,가디건,25900,2025-12-22,
1777,2월_간절기 가디건,2026-02-13,2026-03-11,54,854375,꼬므데 플라워 가디건 5246,스코프,가디건,23000,2025-12-22,
1777,2월_간절기 가디건,2026-02-13,2026-03-11,55,854185,앙고라 발레가디건 니트 플레어 스웨터 겨울신상,부키네,가디건,28000,2025-12-22,
1777,2월_간절기 가디건,2026-02-13,2026-03-11,56,853481,"(신상)심플라운드니트가디건(가을, 겨울 ,봄 레이어드NT CD)2026   98730131",메이비앤코,가디건,18000,2025-12-19,
1777,2월_간절기 가디건,2026-02-13,2026-03-11,57,853217,[러블리무드] 지그재그 패턴 라운드넥 버튼 니트 가디건,위온,가디건,23300,2025-12-18,
1777,2월_간절기 가디건,2026-02-13,2026-03-11,58,852825,비욘드 니트 후드 가디건,벨리노(Bellino),가디건,21000,2025-12-18,
1777,2월_간절기 가디건,2026-02-13,2026-03-11,59,852658,[빈티지포근무드] 아가일 패턴 루즈핏 니트 가디건,위온,가디건,26600,2025-12-17,
1777,2월_간절기 가디건,2026-02-13,2026-03-11,60,852652,[러블리빈티지] 하트 자수 니트 가디건,위온,가디건,26600,2025-12-17,
1777,2월_간절기 가디건,2026-02-13,2026-03-11,61,852480,[북유럽감성무드] 노르딕 패턴 니트 가디건,위온,가디건,31400,2025-12-17,
1777,2월_간절기 가디건,2026-02-13,2026-03-11,62,851814,러블리 리본자수 단추티셔츠 니트 꽈배기 카디건 LDN-20250023,리더스셀러,가디건,23000,2025-12-16,
1777,2월_간절기 가디건,2026-02-13,2026-03-11,63,851807,트렌디한 골드버튼 포근한 가디건 굵은 줄무늬 카디건 LDN-20250018,리더스셀러,가디건,17300,2025-12-16,
1777,2월_간절기 가디건,2026-02-13,2026-03-11,64,851553,[내추럴빈티지무드] 울라이크 버튼 니트 가디건,위온,가디건,29500,2025-12-16,
1777,2월_간절기 가디건,2026-02-13,2026-03-11,65,851224,[코지오버핏/데일리니트] 숄카라 루즈짜임 롱 니트가디건,위온,가디건,32900,2025-12-16,
1777,2월_간절기 가디건,2026-02-13,2026-03-11,66,850955,코스믹 보카시 니트 가디건 6086,스코프,가디건,12000,2025-12-15,
1777,2월_간절기 가디건,2026-02-13,2026-03-11,67,850954,르베이직 플라워 자수 니트 가디건 11037,스코프,가디건,14000,2025-12-15,
1777,2월_간절기 가디건,2026-02-13,2026-03-11,68,850623,베이직하면서도 세련된 하객룩 라운드넥 가디건 LDN-20250017,리더스셀러,가디건,22900,2025-12-15,
1777,2월_간절기 가디건,2026-02-13,2026-03-11,69,849013,라포 집업 니트 가디건,벨리노(Bellino),가디건,22000,2025-12-11,
1777,2월_간절기 가디건,2026-02-13,2026-03-11,70,847042,퍼프VCD) 봄신상,니트존,가디건,12000,2025-12-09,
1777,2월_간절기 가디건,2026-02-13,2026-03-11,71,846987,밑단흰띠거디건 보송퍼 배색라인 여리무드 브이넥 크롭 가디건 데일리 포근핏,톡샵,가디건,18000,2025-12-09,
1777,2월_간절기 가디건,2026-02-13,2026-03-11,72,846756,아가일 니트 가디건 다이아몬드 크루넥 신상 9528,노랑나비,가디건,20000,2025-12-08,
1777,2월_간절기 가디건,2026-02-13,2026-03-11,73,844455,삼색 가디건,칼라에스,가디건,15000,2025-12-05,
1777,2월_간절기 가디건,2026-02-13,2026-03-11,74,845987,로바 니트 가디건,벨리노(Bellino),가디건,25000,2025-12-08,
1777,2월_간절기 가디건,2026-02-13,2026-03-11,75,843782,니트가디건자개단추울혼방포근한부드럽고가벼운소재,동아사,가디건,10000,2025-12-04,
1777,2월_간절기 가디건,2026-02-13,2026-03-11,76,843533,25겨울)[벨로]알파가디건(맘),벨로,가디건,60000,2025-12-03,
1777,2월_간절기 가디건,2026-02-13,2026-03-11,77,842336,우지cd,카바나,가디건,18000,2025-12-02,
1777,2월_간절기 가디건,2026-02-13,2026-03-11,78,842302,앤디 부클 니트 가디건,라비제이(Lavi-J),가디건,28000,2025-12-01,
1777,2월_간절기 가디건,2026-02-13,2026-03-11,79,842300,페어 니트 오픈 단가라 가디건,라비제이(Lavi-J),가디건,23000,2025-12-01,
1777,2월_간절기 가디건,2026-02-13,2026-03-11,80,840311,브러쉬가디건,달루즈미,가디건,24000,2025-11-28,
1777,2월_간절기 가디건,2026-02-13,2026-03-11,81,840145,9266골든가디건,더클리닝,가디건,10000,2025-11-28,
1777,2월_간절기 가디건,2026-02-13,2026-03-11,82,840136,9179줄줄이단가디건,더클리닝,가디건,10000,2025-11-28,
1777,2월_간절기 가디건,2026-02-13,2026-03-11,83,838688,"라운드니트가디건(겨울,신상,레이어드,커플,데이트,하객룩,앙고라,모헤어)",이유,가디건,17000,2025-11-27,
1777,2월_간절기 가디건,2026-02-13,2026-03-11,84,838471,[포근클라우드무드] 소프트 헤어리 텍스처 진주버튼 니트 가디건,위온,가디건,23300,2025-11-26,
1777,2월_간절기 가디건,2026-02-13,2026-03-11,85,838470,[러블리포근무드] 로즈 자수 버블포인트 퍼프 니트 가디건,위온,가디건,24700,2025-11-26,
1777,2월_간절기 가디건,2026-02-13,2026-03-11,86,838469,[데일리&클린무드] 배색 카라 체크커프스 니트 가디건,위온,가디건,23700,2025-11-26,
1777,2월_간절기 가디건,2026-02-13,2026-03-11,87,838229,르제이 칸타타니트가디건 노르딕니트,르제이,가디건,28000,2025-11-26,
1777,2월_간절기 가디건,2026-02-13,2026-03-11,88,837938,반다나니트가디건,바글바글,가디건,24000,2025-11-26,
1778,2월_보부상,2026-02-23,2026-03-12,0,877057,나일론 경량 가벼운 숄더백 3color 라운드 숄더백 신상 10378,앤트짱,숄더백/토트백,14000,2026-01-26,
1778,2월_보부상,2026-02-23,2026-03-12,1,877056,모던 데일리 가방 추천 파우치 세트 심플 스웨이드 깔끔 숄더백 10380,앤트짱,숄더백/토트백,11000,2026-01-26,
1778,2월_보부상,2026-02-23,2026-03-12,2,877052,세무 레더 숄더백 파우치 포함 세트 끈 조절가능 10385,앤트짱,숄더백/토트백,12000,2026-01-26,
1778,2월_보부상,2026-02-23,2026-03-12,3,877043,대학생 가방 추천 크로스백 숄더백 4COLOR 투웨이 10421,앤트짱,숄더백/토트백,15000,2026-01-26,
1778,2월_보부상,2026-02-23,2026-03-12,4,878893,광쇼핑,오오티디,숄더백/토트백,13000,2026-01-27,
1778,2월_보부상,2026-02-23,2026-03-12,5,882657,1555 신상 옥스포드 방수 내마모원단 버클 숄더백 크로스백 봄신상,아이엠헝그리,숄더백/토트백,22000,2026-01-29,
1778,2월_보부상,2026-02-23,2026-03-12,6,877021,빅백 크로스백 벨티드 레더 테슬 숄더백 보부상 10455,앤트짱,크로스/메신저백,14000,2026-01-26,
1778,2월_보부상,2026-02-23,2026-03-12,7,882910,신상 3172 숄더백 토드백,어썸,숄더백/토트백,15000,2026-01-30,
1778,2월_보부상,2026-02-23,2026-03-12,8,882919,신상 3159 숄더백,어썸,숄더백/토트백,13000,2026-01-30,
1778,2월_보부상,2026-02-23,2026-03-12,9,882905,신상 3178 숄더백 토드백,어썸,숄더백/토트백,10000,2026-01-30,
1778,2월_보부상,2026-02-23,2026-03-12,10,896403,3272 숄더백 벨트포인트 레더 호보백,웁스,숄더백/토트백,16000,2026-02-12,
1778,2월_보부상,2026-02-23,2026-03-12,11,882656,당일출고 1335 봄신상 나일론 집업 로데오백 숄더백 토트백 대용량 나일론백,아이엠헝그리,숄더백/토트백,20000,2026-01-29,
1778,2월_보부상,2026-02-23,2026-03-12,12,897141,3162 숄더백 레더 빅사이즈 호보백,웁스,숄더백/토트백,14000,2026-02-13,
1778,2월_보부상,2026-02-23,2026-03-12,13,882911,신상 3171 숄더백 크로스백 토드백,어썸,숄더백/토트백,14000,2026-01-30,
1778,2월_보부상,2026-02-23,2026-03-12,14,882907,신상 3174 숄더백 토드백 크로스백,어썸,숄더백/토트백,11000,2026-01-30,
1778,2월_보부상,2026-02-23,2026-03-12,15,882893,신상 3266 숄더백 크로스백 토드백 백팩 모자 삭스 가방 신발 슈즈,어썸,숄더백/토트백,15000,2026-01-30,
1778,2월_보부상,2026-02-23,2026-03-12,16,890083,2597토드백,라익(like),숄더백/토트백,14000,2026-02-06,
1778,2월_보부상,2026-02-23,2026-03-12,17,885966,복조리 숄더백 4color 포켓 별 키링 셔링 보부상 10470,앤트짱,숄더백/토트백,13000,2026-02-03,
1778,2월_보부상,2026-02-23,2026-03-12,18,890084,2443트윙뱩,라익(like),크로스/메신저백,13000,2026-02-06,
1778,2월_보부상,2026-02-23,2026-03-12,19,885962,셔링 보부상 복조리 숄더백 4color 포켓 별 키링 10470,롱롱,숄더백/토트백,13000,2026-02-03,
1778,2월_보부상,2026-02-23,2026-03-12,20,885257,"봄신상숄더백,빅백,보부상,초경량,나일론가방,미니멀,데일리 [소프트 배색 쇼퍼백]",미미가,숄더백/토트백,15000,2026-02-02,
1778,2월_보부상,2026-02-23,2026-03-12,21,877054,가벼운 경량 패딩 앞포켓 기본 숄더백 보부상 토트백 추천 10382,앤트짱,숄더백/토트백,13000,2026-01-26,
1778,2월_보부상,2026-02-23,2026-03-12,22,877053,땡땡이 포인트 숄더백 데일리 보부상 라운드 도트 가방 추천 10383,앤트짱,숄더백/토트백,11000,2026-01-26,
1778,2월_보부상,2026-02-23,2026-03-12,23,877039,사이드 포켓 보부상 힙한 무드 숄더백 2way 크로스백 10430,앤트짱,숄더백/토트백,14000,2026-01-26,
1778,2월_보부상,2026-02-23,2026-03-12,24,877047,스웨이드 데일리백 보부상 가방 추천 숄더백 키링 별도 10403,앤트짱,숄더백/토트백,12000,2026-01-26,
1778,2월_보부상,2026-02-23,2026-03-12,25,726201,나일론 빅사이즈 토트 숄더백 가볍고 수납력좋은 보부상가방 대학생가방 [BA-1132 레넌],라모드,숄더백/토트백,13000,2025-06-12,
1778,2월_보부상,2026-02-23,2026-03-12,26,721807,미니포켓 숄더_(빈티지 Y2K 보부상 셔링 지퍼),모노,숄더백/토트백,18000,2025-06-03,
1778,2월_보부상,2026-02-23,2026-03-12,27,861961,"DB342(신상,가방,숄더,크로스,버클,지퍼,보부상,벨트,데일리,심플)",꿀딴지,숄더백/토트백,16000,2026-01-12,
1778,2월_보부상,2026-02-23,2026-03-12,28,854243,빈티지 보부상 숄더백 10461,앤트,숄더백/토트백,13000,2025-12-22,
1778,2월_보부상,2026-02-23,2026-03-12,29,847372,"신상)4014베이식숄더백_가방,에코백,보부상,빅백,스트릿,파우치",메바,숄더백/토트백,13000,2025-12-10,
1778,2월_보부상,2026-02-23,2026-03-12,30,877016,보부상버전 버클 스트랩 오피스 숄더백 키링별도  파우치 세트10457,앤트짱,숄더백/토트백,15000,2026-01-26,
1778,2월_보부상,2026-02-23,2026-03-12,31,811246,(SALE) 모던 숄더백 오피스 가방 대학생 크로스백 보부상 3COLOR 10427,롱롱,크로스/메신저백,10000,2025-10-28,
1778,2월_보부상,2026-02-23,2026-03-12,32,837942,(호보백 숄더백 링 스트랩 데일리 심플 베이직 미니멀)ab1821U,엘티이,숄더백/토트백,14000,2025-11-26,
1778,2월_보부상,2026-02-23,2026-03-12,33,847064,"DB334(신상,가방,숄더,스터드,찡,Y2K,보부상,셔링,키링포함,여행,키링,겨울,숄더백)",꿀딴지,숄더백/토트백,15000,2025-12-09,
1778,2월_보부상,2026-02-23,2026-03-12,34,818331,"DB328(신상,가방,스웨이드,세무,숄더,버클,데일리,FW,보부상,기본,숄더백,가을,겨울)",꿀딴지,숄더백/토트백,13000,2025-11-04,
1778,2월_보부상,2026-02-23,2026-03-12,35,846972,(빈티지 레더 숄더백 토트백 쇼퍼백 미니멀 데일리 미니멀룩)ab1823U,엘티이,숄더백/토트백,14000,2025-12-09,
1778,2월_보부상,2026-02-23,2026-03-12,36,804080,"DB321(신상,가방,보부상,벨트,아일렛,스트랩,스터드,하이퀄리티,Y2K)",꿀딴지,숄더백/토트백,15000,2025-10-17,
1778,2월_보부상,2026-02-23,2026-03-12,37,792277,F/W시즌 사각퀼팅 보부상 숄더백 (4color) 564,마리아트,숄더백/토트백,10000,2025-09-19,
1778,2월_보부상,2026-02-23,2026-03-12,38,787621,"신상)3999리얼빅백_가방,숄더백,크로스백,보부상,y2k,스트릿",메바,크로스/메신저백,13000,2025-09-16,
1778,2월_보부상,2026-02-23,2026-03-12,39,773711,보부상 스웨이드 레더 숄더백 파우치 세트 가을 신상 추천 10387,롱롱,숄더백/토트백,12000,2025-09-02,
1778,2월_보부상,2026-02-23,2026-03-12,40,762936,빅사이즈 심플 무지 보부상가방 학생 여성 숄더백 [BA-2152 마이지],라모드,숄더백/토트백,18000,2025-08-26,
1778,2월_보부상,2026-02-23,2026-03-12,41,713412,캔버스가방 에코백 여행가방 보부상 대학생가방 숄더백 [BA-0786수린],라모드,에코백/캔버스,9000,2025-05-19,
1778,2월_보부상,2026-02-23,2026-03-12,42,765295,"라다패브릭빅백(에코백,숄더백,큰가방,기저귀가방,데일리백,보부상,심플)",썸머맨션,숄더백/토트백,19000,2025-08-27,
1778,2월_보부상,2026-02-23,2026-03-12,43,762943,"DB310 (신상,가방,숄더백,가을,FW,크로스백,슬링백,숄더,크로스,보부상)",꿀딴지,숄더백/토트백,14000,2025-08-26,
1778,2월_보부상,2026-02-23,2026-03-12,44,756287,"DB306(신상,가방,스웨이드,가죽,아일렛,보부상,빅백,숄더,데일리,세무,벨트,버클)",꿀딴지,숄더백/토트백,12000,2025-08-18,
1778,2월_보부상,2026-02-23,2026-03-12,45,755867,신상)벌룬백_(가죽 데일리 보부상 숄더백 크로스백 토트백 빅사이즈 레더,모노,숄더백/토트백,65000,2025-08-16,
1778,2월_보부상,2026-02-23,2026-03-12,46,837928,(호보백 숄더백 크로스백 아일렛 스트랩 루즈핏 보부상 가방)ab1817,엘티이,숄더백/토트백,13000,2025-11-26,
1778,2월_보부상,2026-02-23,2026-03-12,47,742349,패딩 앞포켓 기본 숄더백 보부상 토트백 추천 10382,롱롱,숄더백/토트백,10000,2025-07-25,
1778,2월_보부상,2026-02-23,2026-03-12,48,735949,"DB297(신상,가방,데님,아일렛,숄더,크로스가능,보부상,짐가방,여행가방)",꿀딴지,숄더백/토트백,13000,2025-07-08,
1778,2월_보부상,2026-02-23,2026-03-12,49,847067,"DB339(신상,가방,패딩,구름,리본키링,퀼팅,누빔,숄더,크로스,보부상,키링포함,하트)",꿀딴지,숄더백/토트백,13000,2025-12-09,
1778,2월_보부상,2026-02-23,2026-03-12,50,746543,라운드 도트 땡땡이 포인트 숄더백 데일리 보부상 신상 가방 추천10383,롱롱,숄더백/토트백,11000,2025-08-05,
1778,2월_보부상,2026-02-23,2026-03-12,51,785021,"DB210 (보부상,보스턴,크로스가능,신상,가방,숄더백,크로스백,쎄무,세무,스웨이드)",꿀딴지,숄더백/토트백,14000,2025-09-12,
1778,2월_보부상,2026-02-23,2026-03-12,52,734703,"DB294(신상,가방,보부상,백팩,숄더,나일론,바스락,방수,포켓,바캉스)",꿀딴지,숄더백/토트백,14000,2025-07-03,
1778,2월_보부상,2026-02-23,2026-03-12,53,721806,멀티포켓빈티지_(Y2K 보부상 숄더백 크로스백 빈티지,모노,숄더백/토트백,22000,2025-06-03,
1778,2월_보부상,2026-02-23,2026-03-12,54,716865,레터링 경량 빅백 에코백 보부상 캠퍼스룩 숄더백 [BA-0945 세르크],라모드,에코백/캔버스,8000,2025-05-23,
1778,2월_보부상,2026-02-23,2026-03-12,55,716289,스티치가방 빅백 보부상가방 대학생가방 숄더백 여성가방[BA-0911리엔],라모드,숄더백/토트백,15000,2025-05-22,
1778,2월_보부상,2026-02-23,2026-03-12,56,714148,보부상가방 빅백 가벼운 운동가방 여행가방 크로스백 [BA-0804 하삼],라모드,크로스/메신저백,12000,2025-05-20,
1778,2월_보부상,2026-02-23,2026-03-12,57,716433,빅백 여행가방 보조가방 보부상 짐가방 경량 숄더백 [BA-0920 매디],라모드,숄더백/토트백,19000,2025-05-22,
1778,2월_보부상,2026-02-23,2026-03-12,58,712135,반달가방 만두가방 보부상가방 데일리가방 크로스백 [BA-0715 도니아],라모드,크로스/메신저백,14000,2025-05-15,
1778,2월_보부상,2026-02-23,2026-03-12,59,710829,[키링포함]크로스백 리본끈 복조리 보부상 토트벡 [BA-0518 다라도],라모드,숄더백/토트백,14000,2025-05-14,
1778,2월_보부상,2026-02-23,2026-03-12,60,714225,컬러추가)펀칭 숄더백 보부상 버전 신상 데일리 쇼퍼백 10353,롱롱,숄더백/토트백,9000,2025-05-21,
1778,2월_보부상,2026-02-23,2026-03-12,61,710298,보부상 니트백 숄더백 여름 캐쥬얼백 추천 [BA-0333 오스루],라모드,숄더백/토트백,9000,2025-05-13,
1778,2월_보부상,2026-02-23,2026-03-12,62,713408,동전지갑 빅사이즈 보부상 스트링 대학생 숄더백 [BA-0780 유소],라모드,숄더백/토트백,18000,2025-05-19,
1778,2월_보부상,2026-02-23,2026-03-12,63,710833,빅백 골드가방 유광 대학생가방 보부상 숄더백 [BA-0553 웨스트],라모드,숄더백/토트백,10000,2025-05-14,
1778,2월_보부상,2026-02-23,2026-03-12,64,708638,"DB274(신상,가방,숄더,보부상,노트북,학생,데일리,버클,포켓,Y2K)",꿀딴지,숄더백/토트백,15000,2025-05-12,
1778,2월_보부상,2026-02-23,2026-03-12,65,680417,숄더백 여성숄더백 데일리가방 30441 데님백 여성가방 여행가방 보부상가방 청바지가방 봄,체이즈마레,숄더백/토트백,15000,2025-04-09,
1778,2월_보부상,2026-02-23,2026-03-12,66,678129,보부상 심플 데일리 숄더 빅백 노트북 아이패드 수납 10316,앤트,숄더백/토트백,14000,2025-04-08,
1778,2월_보부상,2026-02-23,2026-03-12,67,671851,투포켓 보부상 버전 숄더백 봄 신상 벚꽃 여행 가방 데일리백 10327,롱롱,숄더백/토트백,14000,2025-04-01,
1778,2월_보부상,2026-02-23,2026-03-12,68,664922,보부상멀리숄더백,,,,,
1778,2월_보부상,2026-02-23,2026-03-12,69,671847,봄 나들이 보부상 여행 신상 가방 숄더백 빅사이즈 왕가방 10316,롱롱,숄더백/토트백,14000,2025-04-01,
1778,2월_보부상,2026-02-23,2026-03-12,70,712117,대학생가방 캠퍼스룩 보부상 경량 숄더백 카키가방 [BA-0667 네일루],라모드,숄더백/토트백,12000,2025-05-15,
1782,2월_개강룩,2026-02-23,2026-03-13,0,908089,레이스 퍼프 블라우스,도파민,블라우스,14000,2026-03-04,
1782,2월_개강룩,2026-02-23,2026-03-13,1,910914,네이쳐ST남방,더조아,셔츠/남방,22000,2026-03-09,
1782,2월_개강룩,2026-02-23,2026-03-13,2,910888,셔츠 신상 슬라브 스트라이프 자켓,도파민,셔츠/남방,14000,2026-03-09,
1782,2월_개강룩,2026-02-23,2026-03-13,3,910835,스트라이프 랩 셔츠,도파민,셔츠/남방,14000,2026-03-09,
1782,2월_개강룩,2026-02-23,2026-03-13,4,910881,스트라이프 크롭 셔츠,도파민,셔츠/남방,11000,2026-03-09,
1782,2월_개강룩,2026-02-23,2026-03-13,5,909856,셔츠 13368,위온,셔츠/남방,27800,2026-03-06,
1782,2월_개강룩,2026-02-23,2026-03-13,6,909854,셔츠 10510,위온,셔츠/남방,24500,2026-03-06,
1782,2월_개강룩,2026-02-23,2026-03-13,7,909855,셔츠 13328,위온,셔츠/남방,27800,2026-03-06,
1782,2월_개강룩,2026-02-23,2026-03-13,8,909784,데일리체크 오버핏셔츠,유스픽,셔츠/남방,8000,2026-03-06,
1782,2월_개강룩,2026-02-23,2026-03-13,9,909783,빈티지 체크 루즈핏셔츠,유스픽,셔츠/남방,9000,2026-03-06,
1782,2월_개강룩,2026-02-23,2026-03-13,10,908056,26 신상 세린 오버핏 스트리이프 셔츠 남방 봄 여름,도파민,셔츠/남방,14000,2026-03-04,
1782,2월_개강룩,2026-02-23,2026-03-13,11,899416,찰랑 링클 버티컬 블라우스 셔츠 여름 상의 여름 퍼프 상의 블라우스 티셔츠,엘은진,셔츠/남방,11500,2026-02-19,
1782,2월_개강룩,2026-02-23,2026-03-13,12,899550,톰오버체크NB (신상 오버핏 체크 남방 셔츠 남녀공용 빅사이즈),더블에이치,셔츠/남방,23000,2026-02-20,
1782,2월_개강룩,2026-02-23,2026-03-13,13,907471,넥타이 퍼프숄 뷔스티에 남방 세트,루시,셔츠/남방,14000,2026-03-03,
1782,2월_개강룩,2026-02-23,2026-03-13,14,906564,"26SS,브리티시 클래식 스트라이프셔츠",퀸더힐,셔츠/남방,31000,2026-02-28,
1782,2월_개강룩,2026-02-23,2026-03-13,15,905665,"26봄신상_슬라브데님셔츠(루즈핏,포켓,청남방,빈티지,워싱,자켓,워크웨어,",카라멜,셔츠/남방,15000,2026-02-26,
1782,2월_개강룩,2026-02-23,2026-03-13,16,905697,H2615 뷔스티에 셔츠,에이치투,셔츠/남방,11000,2026-02-26,
1782,2월_개강룩,2026-02-23,2026-03-13,17,899135,포머 나시(스퀘어넥 레이스 캡소매 퍼프 유니크 발레코어 빈티지),뉴비(New B),민소매/나시,11000,2026-02-18,
1782,2월_개강룩,2026-02-23,2026-03-13,18,849067,투썸NB ( 스트라이프 박스 공용 남방 셔츠 유니섹스 커플 ),럭키,셔츠/남방,7000,2025-12-12,
1782,2월_개강룩,2026-02-23,2026-03-13,19,899555,크래커단가라T (재진행 스트라이프 오버핏 긴팔 티셔츠),더블에이치,긴소매,12000,2026-02-20,
1782,2월_개강룩,2026-02-23,2026-03-13,20,832025,토이골덴셔츠,톡시,셔츠/남방,25000,2025-11-18,
1782,2월_개강룩,2026-02-23,2026-03-13,22,899617,부클쎄라CD) 신상가디건,니트존,가디건,10000,2026-02-20,
1782,2월_개강룩,2026-02-23,2026-03-13,23,899092,피피 집업(크롭 카라 반팔 빈티지 유니크 y2k),뉴비(New B),반소매,11500,2026-02-18,
1782,2월_개강룩,2026-02-23,2026-03-13,24,899104,자스민 세트(나시 가디건 세트 도트 레이스 리본 프릴 발레코어),뉴비(New B),투피스,16500,2026-02-18,
1782,2월_개강룩,2026-02-23,2026-03-13,25,838710,르제이 모네체크셔츠 기모체크셔츠,르제이,셔츠/남방,24000,2025-11-27,
1782,2월_개강룩,2026-02-23,2026-03-13,26,899091,지젤 셔츠(홀터넥 오프숄더 스트라이프 페미닌 발레코어),뉴비(New B),셔츠/남방,13500,2026-02-18,
1782,2월_개강룩,2026-02-23,2026-03-13,27,899126,미스티 뷔스티에(체크 홀터 나시 끈조절 리본 레이어드 유니크),뉴비(New B),민소매/나시,13500,2026-02-18,
1782,2월_개강룩,2026-02-23,2026-03-13,28,898994,88후드 박스집업(후피그먼트),삼오칠구 (3579),후드,26000,2026-02-18,
1782,2월_개강룩,2026-02-23,2026-03-13,29,838028,위너기모체크SH,위크플랜,셔츠/남방,23000,2025-11-26,
1782,2월_개강룩,2026-02-23,2026-03-13,30,858354,26016레이체크가디남방,초코파이,셔츠/남방,12000,2026-01-04,
1782,2월_개강룩,2026-02-23,2026-03-13,31,898987,위캔드 언발맨투맨(후피그먼트),삼오칠구 (3579),맨투맨/스웨트셔츠,24000,2026-02-18,
1782,2월_개강룩,2026-02-23,2026-03-13,32,852818,반트NB ( 커플 박스 체크남방 봄신상 ),럭키,셔츠/남방,10500,2025-12-18,
1782,2월_개강룩,2026-02-23,2026-03-13,33,845922,[주문 많은] 이로 데님 셔츠 청남방 코튼 기본핏 여유핏 블라우스 캐쥬얼,브리밍,셔츠/남방,18000,2025-12-08,
1782,2월_개강룩,2026-02-23,2026-03-13,34,851085,아뮤NB ( 세일 체크 남녀공용 커플 박스 남방 ),럭키,셔츠/남방,9000,2025-12-16,
1782,2월_개강룩,2026-02-23,2026-03-13,35,843102,로도 체크 모직 셔츠,벨리노(Bellino),셔츠/남방,18000,2025-12-03,
1782,2월_개강룩,2026-02-23,2026-03-13,36,854431,체형커버 오버핏 체크남방 패션 여성 레이어드 셔츠 LDN-20250105,리더스셀러,셔츠/남방,18700,2025-12-22,
1782,2월_개강룩,2026-02-23,2026-03-13,37,845929,(반응좋은)(고퀄) 코인 체크 남방 셔츠 블라우스 포근한,브리밍,셔츠/남방,15000,2025-12-08,
1782,2월_개강룩,2026-02-23,2026-03-13,38,855924,612오르골덴셔츠,더클리닝,셔츠/남방,13000,2025-12-26,
1782,2월_개강룩,2026-02-23,2026-03-13,39,896107,신상)9674 슬림 지퍼 청자켓,까망여시,자켓,19000,2026-02-11,
1782,2월_개강룩,2026-02-23,2026-03-13,40,871040,26st nb,데얼즈,셔츠/남방,29000,2026-01-20,
1782,2월_개강룩,2026-02-23,2026-03-13,41,895010,9303에겐녀블라우스,더클리닝,블라우스,8000,2026-02-11,
1782,2월_개강룩,2026-02-23,2026-03-13,42,895054,웨이브단가라맨투맨,더클리닝,맨투맨/스웨트셔츠,7000,2026-02-11,
1782,2월_개강룩,2026-02-23,2026-03-13,43,895072,쥬드세트,더클리닝,긴소매,7000,2026-02-11,
1782,2월_개강룩,2026-02-23,2026-03-13,44,897037,레일 코튼 블라우스 레이스 펀칭 퍼프 소매 여유로운핏 A라인,브리밍,블라우스,17000,2026-02-13,
1782,2월_개강룩,2026-02-23,2026-03-13,45,894917,스웨이드 라운드자켓,코코블리,자켓,17000,2026-02-11,
1782,2월_개강룩,2026-02-23,2026-03-13,46,872310,신상)302 후드 체크 남방,까망여시,셔츠/남방,10000,2026-01-21,
1782,2월_개강룩,2026-02-23,2026-03-13,47,895004,시즐세트,더클리닝,긴소매,6500,2026-02-11,
1782,2월_개강룩,2026-02-23,2026-03-13,48,863600,컬러박스셔츠,더조아,셔츠/남방,22000,2026-01-13,
1782,2월_개강룩,2026-02-23,2026-03-13,49,859602,(고퀄) 리뉴 크롭 데님 셔츠 남방 블라우스 청남방 톡톡한,브리밍,셔츠/남방,22000,2026-01-07,
1782,2월_개강룩,2026-02-23,2026-03-13,50,897033,(sale) 에쉬 끈 벨트 가디건 신축성 좋은 골지 스타일 독특한 디자인,브리밍,셔츠/남방,10000,2026-02-13,
1782,2월_개강룩,2026-02-23,2026-03-13,51,894785,878레이스코디탑,더클리닝,긴소매,7000,2026-02-11,
1782,2월_개강룩,2026-02-23,2026-03-13,52,873556,프리지아 빅포켓 골덴 셔츠 1918,스코프,셔츠/남방,12000,2026-01-21,
1782,2월_개강룩,2026-02-23,2026-03-13,53,895003,5368시가렛셔링탑,더클리닝,긴소매,6500,2026-02-11,
1782,2월_개강룩,2026-02-23,2026-03-13,54,894713,5320뒷핀턱블라우스,더클리닝,블라우스,7000,2026-02-11,
1782,2월_개강룩,2026-02-23,2026-03-13,55,894712,5427다이애나블라우스,더클리닝,블라우스,9000,2026-02-11,
1782,2월_개강룩,2026-02-23,2026-03-13,56,894714,5861드림블라우스,더클리닝,블라우스,8000,2026-02-11,
1782,2월_개강룩,2026-02-23,2026-03-13,57,862525,루즈핏 코듀로이 포켓 셔츠 남방,온리원,셔츠/남방,13000,2026-01-12,
1782,2월_개강룩,2026-02-23,2026-03-13,58,896094,신상)3608 슬림 또또 청자켓,까망여시,자켓,19000,2026-02-11,
1782,2월_개강룩,2026-02-23,2026-03-13,59,897027,(sale) (쫀쫀한신축성) 루비 아일렛 티셔츠 골지 여성스러운 티셔츠 리본 슬림핏,브리밍,맨투맨/스웨트셔츠,10000,2026-02-13,
1782,2월_개강룩,2026-02-23,2026-03-13,60,880280,신상)2846 레트로 청남방,퍼프,셔츠/남방,19000,2026-01-28,
1782,2월_개강룩,2026-02-23,2026-03-13,61,886011,오플숄더셔츠(벨트포함,데이원(dayone),셔츠/남방,15000,2026-02-03,
1782,2월_개강룩,2026-02-23,2026-03-13,62,895093,케프리단가라맨투맨,더클리닝,긴소매,7000,2026-02-11,
1782,2월_개강룩,2026-02-23,2026-03-13,63,892168,럭비피그단가라T (신상 피그먼트 긴팔 티셔츠 오버핏),더블에이치,긴소매,16000,2026-02-09,
1782,2월_개강룩,2026-02-23,2026-03-13,64,895006,아티골지브이,더클리닝,긴소매,5000,2026-02-11,
1782,2월_개강룩,2026-02-23,2026-03-13,65,895386,무지 프릴 버튼 원피스,무새,롱원피스,14000,2026-02-11,
1782,2월_개강룩,2026-02-23,2026-03-13,66,893319,(26SS) 크롭쉘 MA-1 자켓,하멜,집업/점퍼,49000,2026-02-09,
1782,2월_개강룩,2026-02-23,2026-03-13,67,894888,도트 플리츠 원피스,무새,롱원피스,15000,2026-02-11,
1782,2월_개강룩,2026-02-23,2026-03-13,68,894811,모스언발탑,더클리닝,긴소매,7000,2026-02-11,
1782,2월_개강룩,2026-02-23,2026-03-13,69,894709,그레이스탑,더클리닝,긴소매,7000,2026-02-11,
1782,2월_개강룩,2026-02-23,2026-03-13,70,896109,신상)4728 레이스 플라워 블라우스,까망여시,블라우스,16000,2026-02-11,
1782,2월_개강룩,2026-02-23,2026-03-13,71,881341,(26년미리봄신상)리안랍바셔츠,사이다,셔츠/남방,15000,2026-01-28,
1782,2월_개강룩,2026-02-23,2026-03-13,72,895094,5326코르셋블라우스,더클리닝,블라우스,10000,2026-02-11,
1782,2월_개강룩,2026-02-23,2026-03-13,73,894881,데님 스냅버튼남방,코코블리,셔츠/남방,19000,2026-02-11,
1782,2월_개강룩,2026-02-23,2026-03-13,74,888556,신상)8815 크롭 체크 남방,퍼프,셔츠/남방,9000,2026-02-04,
1782,2월_개강룩,2026-02-23,2026-03-13,75,893524,"국내생산)추크 체크자켓(26SS봄신상,국산원단,선염지,브랜드공정,자체제작",에픽,자켓,51000,2026-02-10,
1782,2월_개강룩,2026-02-23,2026-03-13,76,893159,리버스니트세트(신상 set,더베이스,가디건,35000,2026-02-09,
1782,2월_개강룩,2026-02-23,2026-03-13,77,892219,벨르레이스뷔스티에원피스,유안느,롱원피스,16000,2026-02-09,
1782,2월_개강룩,2026-02-23,2026-03-13,78,892180,26SS 봄신상 펀칭후드니트집업 투웨이 크롭 후드집업 남여공용,루머,니트/스웨터,25000,2026-02-09,
1782,2월_개강룩,2026-02-23,2026-03-13,79,894638,알파 M,32일(32DAY),맨투맨/스웨트셔츠,17000,2026-02-11,
1782,2월_개강룩,2026-02-23,2026-03-13,80,893342,베럴) 피그먼트 남방,리스크,셔츠/남방,21000,2026-02-10,
1782,2월_개강룩,2026-02-23,2026-03-13,81,893403,"신상, 샌드 트윌 하이넥 집업자켓",퀸더힐,집업/점퍼,45000,2026-02-10,
1782,2월_개강룩,2026-02-23,2026-03-13,82,893321,(26SS) 올드스타 피그 맨투맨,하멜,맨투맨/스웨트셔츠,27000,2026-02-09,
1782,2월_개강룩,2026-02-23,2026-03-13,83,896138,폴하루 봄 청자켓,반하다,자켓,29000,2026-02-12,
1782,2월_개강룩,2026-02-23,2026-03-13,84,886907,915 후드밀키NB,초코파이,셔츠/남방,17000,2026-02-03,
1782,2월_개강룩,2026-02-23,2026-03-13,85,895377,유니크 패턴 원피스,무새,롱원피스,14000,2026-02-11,
1782,2월_개강룩,2026-02-23,2026-03-13,86,885507,펀칭 레이스 V넥 화이트 블라우스 셔츠 여름 상의 여름 퍼프 반팔 상의 블라우스 티셔츠,엘은진,셔츠/남방,9700,2026-02-02,
1782,2월_개강룩,2026-02-23,2026-03-13,87,882730,솔트셔츠,플렌티,셔츠/남방,24000,2026-01-30,
1782,2월_개강룩,2026-02-23,2026-03-13,88,894572,신상)2130 레자 숏 자켓,까망여시,자켓,23000,2026-02-10,
1782,2월_개강룩,2026-02-23,2026-03-13,89,863598,데일리셔츠,더조아,셔츠/남방,18000,2026-01-13,
1782,2월_개강룩,2026-02-23,2026-03-13,90,897067,"봄신상)단가라나시가디건SET(자체제작끈나시NTCD투피스세트)2026,여름",메이비앤코,투피스,25000,2026-02-13,
1782,2월_개강룩,2026-02-23,2026-03-13,91,895487,프레즐T,톡시,반소매,11000,2026-02-11,
1782,2월_개강룩,2026-02-23,2026-03-13,92,896099,신상)820 카라 청자켓,까망여시,자켓,22000,2026-02-11,
1782,2월_개강룩,2026-02-23,2026-03-13,93,894883,5317브이셔츠벨트세트,더클리닝,셔츠/남방,11000,2026-02-11,
1782,2월_개강룩,2026-02-23,2026-03-13,94,894620,체크 박스남방,코코블리,셔츠/남방,11000,2026-02-11,
1782,2월_개강룩,2026-02-23,2026-03-13,95,894677,데일리 스냅버튼T,코코블리,맨투맨/스웨트셔츠,11000,2026-02-11,
1782,2월_개강룩,2026-02-23,2026-03-13,96,894710,9056나니이중탑,더클리닝,니트/스웨터,13000,2026-02-11,
1782,2월_개강룩,2026-02-23,2026-03-13,97,894705,셀럽라벨T (스탠다드핏 긴팔 TR스판 기본 이너),바이지오,긴소매,3500,2026-02-11,
1782,2월_개강룩,2026-02-23,2026-03-13,98,894686,데님 남방,코코블리,셔츠/남방,19000,2026-02-11,
1782,2월_개강룩,2026-02-23,2026-03-13,99,892259,로아bl_26SS 블라우스 재진행 레이어드 뷔스티에 나시블라우스 세트,코코넛 ,블라우스,19000,2026-02-09,
1782,2월_개강룩,2026-02-23,2026-03-13,100,893306,모던야상,반하다,집업/점퍼,24000,2026-02-09,
1782,2월_개강룩,2026-02-23,2026-03-13,101,893404,"신상, 러플 프릴 블라우스",퀸더힐,블라우스,21000,2026-02-10,
1782,2월_개강룩,2026-02-23,2026-03-13,102,893513,"국내생산)언앤언 쓰리버튼 자켓jk(자체제작,26SS,봄신상자켓,재주문보장",에픽,자켓,45000,2026-02-10,
1782,2월_개강룩,2026-02-23,2026-03-13,103,894697,밑단 셔링T,코코블리,긴소매,11000,2026-02-11,
1782,2월_개강룩,2026-02-23,2026-03-13,104,894625,레이어드 스트라이프 블라우스,코코블리,블라우스,10000,2026-02-11,
1782,2월_개강룩,2026-02-23,2026-03-13,105,892333,피넛bl_2026SS 봄신상 블라우스 여리핏 데일리룩 스트라이프,코코넛 ,블라우스,26000,2026-02-09,
1782,2월_개강룩,2026-02-23,2026-03-13,106,894708,PK2606공주블라우스,더클리닝,블라우스,9000,2026-02-11,
1782,2월_개강룩,2026-02-23,2026-03-13,107,891635,쁘띠리본레이스긴팔티봄신상,고릴라,긴소매,9000,2026-02-07,
1782,2월_개강룩,2026-02-23,2026-03-13,108,893069,르메로나 레이스 프릴 블라우스 33819,스코프,블라우스,17000,2026-02-09,
1782,2월_개강룩,2026-02-23,2026-03-13,109,894640,레이어드 sk,바비제이,미니/미디스커트,3000,2026-02-11,
1782,2월_개강룩,2026-02-23,2026-03-13,110,888538,신상)2154 후드 레자 자켓,퍼프,자켓,19000,2026-02-04,
1782,2월_개강룩,2026-02-23,2026-03-13,111,888550,신상)3503 트랜디 숏 남방,퍼프,셔츠/남방,13000,2026-02-04,
1782,2월_개강룩,2026-02-23,2026-03-13,112,894639,베니스 절개 M,32일(32DAY),맨투맨/스웨트셔츠,16000,2026-02-11,
1782,2월_개강룩,2026-02-23,2026-03-13,113,894573,신상)1027 포켓 레자 남방,까망여시,셔츠/남방,14000,2026-02-10,
1782,2월_개강룩,2026-02-23,2026-03-13,114,891915,무지 플리츠 원피스,무새,롱원피스,16000,2026-02-08,
1782,2월_개강룩,2026-02-23,2026-03-13,115,888456,신상 르제이 스트링블라우스,르제이,블라우스,22000,2026-02-04,
1782,2월_개강룩,2026-02-23,2026-03-13,116,894666,베베OPS,블로윙,미니/미디원피스,33000,2026-02-11,
1782,2월_개강룩,2026-02-23,2026-03-13,117,888553,신상)2127 펌프 숏 남방,퍼프,셔츠/남방,13000,2026-02-04,
1782,2월_개강룩,2026-02-23,2026-03-13,118,893428,슬라브T) 봄신상,니트존,긴소매,10000,2026-02-10,
1782,2월_개강룩,2026-02-23,2026-03-13,119,891640,장식브이라인긴팔티봄신상,고릴라,긴소매,10000,2026-02-07,
1782,2월_개강룩,2026-02-23,2026-03-13,120,888548,신상)4728 레이스 플라워 블라우스,퍼프,블라우스,16000,2026-02-04,
1782,2월_개강룩,2026-02-23,2026-03-13,121,891633,큐티리본포인트긴팔티봄신상,고릴라,긴소매,9000,2026-02-07,
1782,2월_개강룩,2026-02-23,2026-03-13,122,894568,신상)2150 크롭 레자 자켓,까망여시,자켓,21000,2026-02-10,
1782,2월_개강룩,2026-02-23,2026-03-13,123,888903,프릴 콩단추 플라워 원피스,무새,롱원피스,15000,2026-02-05,
1784,2월_봄니트,2026-02-23,2026-03-18,0,911342,카라 스트라이프 앞트임 니트,양배추,니트/스웨터,6000,2026-03-10,
1784,2월_봄니트,2026-02-23,2026-03-18,1,911330,사선크롭R(니트 가디건 데일리룩 레이어드 크롭티),쭈블리(JJUBLY),니트/스웨터,15000,2026-03-10,
1784,2월_봄니트,2026-02-23,2026-03-18,2,911303,머시엘니트,리썸,니트/스웨터,18000,2026-03-10,
1784,2월_봄니트,2026-02-23,2026-03-18,3,911296,카라소매 배색 앞트임 골지니트,양배추,니트/스웨터,6000,2026-03-10,
1784,2월_봄니트,2026-02-23,2026-03-18,4,909629,오픈카라니트(골지니트 골지카라 기본니트 텐션니트스판 기본탑 신상 봄니트,더베이스,니트/스웨터,19000,2026-03-05,
1784,2월_봄니트,2026-02-23,2026-03-18,5,905695,"26봄신상_(기획)꽈배기반팔R(반팔니트,여름,이너,사계절,라운드넥,크롭,",카라멜,니트/스웨터,6000,2026-02-26,
1784,2월_봄니트,2026-02-23,2026-03-18,6,905693,"26봄신상_단가라니트후드(스트라이프,니트,집업,봄가을,아방핏,키치,배색",카라멜,니트/스웨터,14000,2026-02-26,
1784,2월_봄니트,2026-02-23,2026-03-18,7,905676,"26봄신상_유레카리프R(꽈배기,긴팔,라운드넥,세미크롭,여리,울니트,폭",카라멜,니트/스웨터,10000,2026-02-26,
1784,2월_봄니트,2026-02-23,2026-03-18,8,905675,"26봄신상_유레카니트R(폭닥,에이블리,나그랑,포근,울니트,긴팔,라운드넥,",카라멜,니트/스웨터,10000,2026-02-26,
1784,2월_봄니트,2026-02-23,2026-03-18,9,905672,"26봄신상_유레카V니트(울니트,폭닥,러블리,여리,포근,브이넥,파스텔",카라멜,니트/스웨터,10000,2026-02-26,
1784,2월_봄니트,2026-02-23,2026-03-18,10,905640,"26봄신상_모노ST카라니트(스트라이프,세미크롭,반오픈,여리핏",카라멜,니트/스웨터,14000,2026-02-26,
1784,2월_봄니트,2026-02-23,2026-03-18,11,905633,"26봄신상_꽈배기나그랑니트(에이블리,폭닥,벌룬,연말,포근,대량출고,가을",카라멜,니트/스웨터,12000,2026-02-26,
1784,2월_봄니트,2026-02-23,2026-03-18,12,904655,"26SS,봄신상,쁘띠 세일러 단가라 니트",퀸더힐,니트/스웨터,33000,2026-02-26,
1784,2월_봄니트,2026-02-23,2026-03-18,13,904641,인기대박)골지유넥니트_니트유넥 데일리 아이템 유니크 꾸안꾸 재주문1위,제로(ZERO,니트/스웨터,10000,2026-02-26,
1784,2월_봄니트,2026-02-23,2026-03-18,14,904636,주문폭주)레니니트오프숄더_여리핏 데일리 섹시글램 유니크 꾸안꾸 러블리 니트,제로(ZERO,니트/스웨터,12000,2026-02-26,
1784,2월_봄니트,2026-02-23,2026-03-18,15,904633,주문1위)레이스골지니트_단추오픈 니트티 여리핏 섹시글램 유니크 데일리 꾸안꾸 러블리 텐션,제로(ZERO,니트/스웨터,12000,2026-02-26,
1784,2월_봄니트,2026-02-23,2026-03-18,16,902933,브이넥카라니트,파인씨,니트/스웨터,12000,2026-02-25,
1784,2월_봄니트,2026-02-23,2026-03-18,17,901315,sale 스카시니트,브로떼,니트/스웨터,20000,2026-02-24,
1784,2월_봄니트,2026-02-23,2026-03-18,18,899551,룬니트R (재진행 미송필수 여름 얇은니트 긴팔 티셔츠 루즈핏),더블에이치,니트/스웨터,18000,2026-02-20,
1784,2월_봄니트,2026-02-23,2026-03-18,19,897031,26봄신상)하리누끼R니트,퍼플그레이,니트/스웨터,9500,2026-02-13,
1784,2월_봄니트,2026-02-23,2026-03-18,20,896974,파우더루즈니트R,마젠타,니트/스웨터,9500,2026-02-12,
1784,2월_봄니트,2026-02-23,2026-03-18,21,896417,기본템))골지라운드 니트((이너 긴팔,코코블리,니트/스웨터,10000,2026-02-12,
1784,2월_봄니트,2026-02-23,2026-03-18,22,894756,팬던트 브이니트(봄니트,코코블리,니트/스웨터,12000,2026-02-11,
1784,2월_봄니트,2026-02-23,2026-03-18,23,886045,심플카라니트,데이원(dayone),니트/스웨터,10000,2026-02-03,
1784,2월_봄니트,2026-02-23,2026-03-18,24,881009,5번-봄 신상! V넥 옆조직 풀오버,피렌체,니트/스웨터,78000,2026-01-28,
1784,2월_봄니트,2026-02-23,2026-03-18,27,892337,렌느뷔스티에set_2026신상 봄니트 레이어드 뷔스티에 가디건 세트,코코넛 ,니트/스웨터,24000,2026-02-09,
1784,2월_봄니트,2026-02-23,2026-03-18,28,874909,D24809 펀칭꽂단가라니트,초코파이,니트/스웨터,8000,2026-01-22,
1784,2월_봄니트,2026-02-23,2026-03-18,29,878374,단추단작니트,제이투,니트/스웨터,9000,2026-01-26,
1784,2월_봄니트,2026-02-23,2026-03-18,30,896977,파우더루즈니트R,키치키치,니트/스웨터,9500,2026-02-12,
1784,2월_봄니트,2026-02-23,2026-03-18,31,874126,셔링반목니트,제이투,니트/스웨터,7000,2026-01-22,
1784,2월_봄니트,2026-02-23,2026-03-18,32,876988,프릴반팔니트,제이투,니트/스웨터,7000,2026-01-25,
1784,2월_봄니트,2026-02-23,2026-03-18,33,861122,울)유레카R니트,마젠타,니트/스웨터,10000,2026-01-08,
1784,2월_봄니트,2026-02-23,2026-03-18,34,875259,쉬폰프릴니트,제이투,니트/스웨터,10000,2026-01-23,
1784,2월_봄니트,2026-02-23,2026-03-18,35,859595,기획)APS헤라시니트V,퍼플그레이,니트/스웨터,10000,2026-01-07,
1784,2월_봄니트,2026-02-23,2026-03-18,36,883017,카라헤드반팔 기본카라반팔 단정함 간절기신상 데일리룩 국내생산,헵번,니트/스웨터,12000,2026-01-30,
1784,2월_봄니트,2026-02-23,2026-03-18,37,893459,한정수량 파스텔 니트 라운드 털니트 2장이상 ( 팝콘 T ),럭키,니트/스웨터,7000,2026-02-10,
1784,2월_봄니트,2026-02-23,2026-03-18,38,855999,9392줄세라니트,더클리닝,니트/스웨터,12000,2025-12-26,
1784,2월_봄니트,2026-02-23,2026-03-18,39,876987,단가라오프니트,제이투,니트/스웨터,14000,2026-01-25,
1784,2월_봄니트,2026-02-23,2026-03-18,40,875284,반목반팔니트,제이투,니트/스웨터,7000,2026-01-23,
1784,2월_봄니트,2026-02-23,2026-03-18,41,878560,마스 부클카라 니트,로웰,니트/스웨터,23000,2026-01-27,
1784,2월_봄니트,2026-02-23,2026-03-18,42,875110,셔츠유넥니트,제이투,니트/스웨터,12000,2026-01-22,
1784,2월_봄니트,2026-02-23,2026-03-18,43,859661,작은 꽃 카라 니트,마루,니트/스웨터,17000,2026-01-07,
1784,2월_봄니트,2026-02-23,2026-03-18,44,874474,케이블셔츠니트,제이투,니트/스웨터,12000,2026-01-22,
1784,2월_봄니트,2026-02-23,2026-03-18,45,855921,2534오로실버반팔니트,더클리닝,니트/스웨터,9000,2025-12-26,
1784,2월_봄니트,2026-02-23,2026-03-18,46,859160,"t1,v넥단가라티셔츠 자체제작",워크샵,니트/스웨터,8000,2026-01-06,
1784,2월_봄니트,2026-02-23,2026-03-18,47,866206,(26SS)샌드단가라니트,사이다,니트/스웨터,19000,2026-01-14,
1784,2월_봄니트,2026-02-23,2026-03-18,48,855880,822귀욤니트,더클리닝,니트/스웨터,7000,2025-12-26,
1784,2월_봄니트,2026-02-23,2026-03-18,49,855404,2666 샤골지니트,초코파이,니트/스웨터,13000,2025-12-24,
1784,2월_봄니트,2026-02-23,2026-03-18,50,852653,[포근러블리] 하트 패턴 데일리 루즈 니트 스웨터,위온,니트/스웨터,20400,2025-12-17,
1784,2월_봄니트,2026-02-23,2026-03-18,51,865178,(Sale) 메이 브이넥 니트 스웨터 쫀쫀 탄탄한 니트 유니크한 V넥 니트,브리밍,니트/스웨터,12000,2026-01-14,
1784,2월_봄니트,2026-02-23,2026-03-18,52,852826,듀브 스트라이프 니트 스웨터,벨리노(Bellino),니트/스웨터,19000,2025-12-18,
1784,2월_봄니트,2026-02-23,2026-03-18,53,854779,"오프숄더니트NT(도톰한원단,고퀄,부드러운골지오프)",메이비앤코,니트/스웨터,23000,2025-12-23,
1784,2월_봄니트,2026-02-23,2026-03-18,54,855433,D8613 카라진주리본니트,초코파이,니트/스웨터,13000,2025-12-24,
1784,2월_봄니트,2026-02-23,2026-03-18,55,855885,802꼬물반폴라니트,더클리닝,니트/스웨터,6500,2025-12-26,
1784,2월_봄니트,2026-02-23,2026-03-18,56,900713,유니셋업니트 (골지 스퀘어넥 슬림핏 가디건나시셋업),헵번,긴소매,14000,2026-02-23,
1784,2월_봄니트,2026-02-23,2026-03-18,57,873868,위버스 니트,로웰,니트/스웨터,22000,2026-01-22,
1784,2월_봄니트,2026-02-23,2026-03-18,58,855893,94546리본반팔니트,더클리닝,니트/스웨터,7000,2025-12-26,
1784,2월_봄니트,2026-02-23,2026-03-18,59,873799,피버 버튼 니트,로웰,니트/스웨터,29000,2026-01-22,
1784,2월_봄니트,2026-02-23,2026-03-18,60,873876,파인 캐시 반팔니트,로웰,니트/스웨터,19000,2026-01-22,
1784,2월_봄니트,2026-02-23,2026-03-18,61,852039,단작카라니트,제이투,니트/스웨터,7000,2025-12-17,
1784,2월_봄니트,2026-02-23,2026-03-18,62,862231,롤카라 버튼 카라 니트 골지 골드 로고 포인트,땡스커밍,니트/스웨터,12000,2026-01-12,
1784,2월_봄니트,2026-02-23,2026-03-18,63,862027,넴니트,보네르,니트/스웨터,13000,2026-01-12,
1784,2월_봄니트,2026-02-23,2026-03-18,64,873721,로렌T ( 세일 카라 니트 베이직 ),럭키,니트/스웨터,4500,2026-01-22,
1784,2월_봄니트,2026-02-23,2026-03-18,65,865176,(sale) (고퀄) 메이 크롭 니트 슬림핏 코튼 KNIT 반팔 스웨터 레이어드,브리밍,니트/스웨터,10000,2026-01-14,
1784,2월_봄니트,2026-02-23,2026-03-18,66,862593,돌핀 반오픈 니트 메리노울 울 포켓,엔무브,니트/스웨터,21000,2026-01-12,
1784,2월_봄니트,2026-02-23,2026-03-18,67,873795,듀앨 캐시 카라 니트,로웰,니트/스웨터,24000,2026-01-22,
1784,2월_봄니트,2026-02-23,2026-03-18,68,854733,"봄신상)알파카브이넥NT(포인트칼라, 루즈핏 베이직 V넥 데일리 니트)",메이비앤코,니트/스웨터,21000,2025-12-23,
1784,2월_봄니트,2026-02-23,2026-03-18,69,873862,주디 니트,로웰,니트/스웨터,20000,2026-01-22,
1784,2월_봄니트,2026-02-23,2026-03-18,70,855401,0186 줄소매브이니트,초코파이,니트/스웨터,13000,2025-12-24,
1784,2월_봄니트,2026-02-23,2026-03-18,71,862478,에이미NT 스트라이프 단가라 루즈핏 심플 니트 풀오버 FW,모콰,니트/스웨터,11000,2026-01-12,
1784,2월_봄니트,2026-02-23,2026-03-18,72,851225,[포근루즈핏/데일리무드] 헤비짜임 박시 라운드넥 니트풀오버,위온,니트/스웨터,26600,2025-12-16,
1784,2월_봄니트,2026-02-23,2026-03-18,73,862603,25FW 모노라인 브이넥 니트 삼선 라인 베이직 기본핏,엔무브,니트/스웨터,15000,2026-01-12,
1784,2월_봄니트,2026-02-23,2026-03-18,74,861971,글로우브이넥,브로떼,니트/스웨터,49000,2026-01-12,
1784,2월_봄니트,2026-02-23,2026-03-18,75,854429,스타일리쉬한 세미크롭 니트 루즈핏 케이블 스웨터 LDN-20250104,리더스셀러,니트/스웨터,27700,2025-12-22,
1784,2월_봄니트,2026-02-23,2026-03-18,76,855407,2637 셔츠카라무지니트,초코파이,니트/스웨터,15000,2025-12-24,
1784,2월_봄니트,2026-02-23,2026-03-18,77,851087,포근NTV) 봄신상,니트존,니트/스웨터,13000,2025-12-16,
1784,2월_봄니트,2026-02-23,2026-03-18,78,852038,골지반목니트,제이투,니트/스웨터,7000,2025-12-17,
1784,2월_봄니트,2026-02-23,2026-03-18,79,852041,브이골지니트,제이투,니트/스웨터,7000,2025-12-17,
1784,2월_봄니트,2026-02-23,2026-03-18,80,854594,봄신상)카라셔츠배색리브스웨터NT( 카라 브이넥 스트라이프 니트 2026,메이비앤코,니트/스웨터,31000,2025-12-23,
1784,2월_봄니트,2026-02-23,2026-03-18,81,863258,25fw) 레이어드 레이스 골지 니트 긴팔티,크리스피칩스,니트/스웨터,19000,2026-01-12,
1784,2월_봄니트,2026-02-23,2026-03-18,82,854808,에뜨 고품질 소프트터치 니트 폴라티,벨리노(Bellino),니트/스웨터,17000,2025-12-23,
1784,2월_봄니트,2026-02-23,2026-03-18,83,862480,그루NT 울 카라 브이넥 골지 루즈핏 니트 풀오버 FW,모콰,니트/스웨터,17000,2026-01-12,
1793,3월_봄 파자마,2026-03-05,2026-03-26,0,911444,레오파드 프릴 반팔 파자마 상하세트,아주라,파자마/홈웨어,39000,2026-03-10,
1793,3월_봄 파자마,2026-03-05,2026-03-26,1,911449,투피스세트,아주라,파자마/홈웨어,39000,2026-03-10,
1793,3월_봄 파자마,2026-03-05,2026-03-26,2,911713,"[밤비레이스 나시세트] 봄신상잠옷,파자마,귀여운홈웨어,데일리,슬리브리스",미미룸,파자마/홈웨어,20000,2026-03-10,
1793,3월_봄 파자마,2026-03-05,2026-03-26,3,911723,"[리본스트랩 캐미 세트]봄신상 홈웨어셋업,데일리파자마,나시,아일렛잠옷",미미룸,파자마/홈웨어,11000,2026-03-10,
1793,3월_봄 파자마,2026-03-05,2026-03-26,4,911722,"[소프트단가라 파자마세트] 봄신상 캐미탑세트,가슴패드,스트라이프잠옷,바배",미미룸,파자마/홈웨어,13000,2026-03-10,
1793,3월_봄 파자마,2026-03-05,2026-03-26,5,911719,"[반팔티 쇼츠 셋업]봄신상홈웨어,파자마세트,숏팬츠세트,레이스티셔츠,호텔룩",미미룸,파자마/홈웨어,20000,2026-03-10,
1793,3월_봄 파자마,2026-03-05,2026-03-26,6,907530,26봄)[라임앤블루]썸머셀럽도트반팔상하세트(성인),라임앤블루,파자마/홈웨어,28000,2026-03-03,
1793,3월_봄 파자마,2026-03-05,2026-03-26,7,907011,레드 파이핑 화이트 파자마 셔츠 반바지 세트,아주라,파자마/홈웨어,39000,2026-03-02,
1793,3월_봄 파자마,2026-03-05,2026-03-26,8,906100,홈웨어 세트,아주라,파자마/홈웨어,29400,2026-02-27,
1793,3월_봄 파자마,2026-03-05,2026-03-26,9,906190,홈웨어 세트,아주라,파자마/홈웨어,30000,2026-02-27,
1793,3월_봄 파자마,2026-03-05,2026-03-26,10,906732,홈웨어 세트,아주라,파자마/홈웨어,39000,2026-02-28,
1793,3월_봄 파자마,2026-03-05,2026-03-26,11,905956,26봄)[라임앤블루]썸머크래커체크반팔상하세트(성인),라임앤블루,파자마/홈웨어,26000,2026-02-27,
1793,3월_봄 파자마,2026-03-05,2026-03-26,12,900654,빅사이즈 홈웨어,아주라,파자마/홈웨어,27000,2026-02-23,
1793,3월_봄 파자마,2026-03-05,2026-03-26,13,897091,여성 스누피 원피스 잠옷 빅사이즈 프릴 퍼프 파자마 빅사이즈 정품 홈웨어,언바운디드,파자마/홈웨어,8000,2026-02-13,
1793,3월_봄 파자마,2026-03-05,2026-03-26,14,899748,(바로출고)오리잠옷 홈웨어 슬립온 긴팔 긴바지 순면 H255,아띠젠,파자마/홈웨어,25000,2026-02-20,
1793,3월_봄 파자마,2026-03-05,2026-03-26,15,878540,봄신상 스누피 잠옷 바지 단품 스트라이프 빅사이즈 커플 파자마 홈웨어 723,언바운디드,파자마/홈웨어,5000,2026-01-27,
1793,3월_봄 파자마,2026-03-05,2026-03-26,16,900624,신상 빅사이즈잠옷 세트 홈웨어,아주라,파자마/홈웨어,39000,2026-02-23,
1793,3월_봄 파자마,2026-03-05,2026-03-26,17,903222,스누피 정품 로브 잠옷 빅사이즈 가운 커플 파자마 신상 홈웨어 963,언바운디드,파자마/홈웨어,9000,2026-02-25,
1793,3월_봄 파자마,2026-03-05,2026-03-26,18,903176,스누피 정품 반팔 면 티셔츠 남녀공용 커플 빅사이즈 파자마 자체제작 신상,언바운디드,파자마/홈웨어,6000,2026-02-25,
1793,3월_봄 파자마,2026-03-05,2026-03-26,19,903194,커플 스누피 잠옷 바지 빅사이즈 파자마 정품 홈웨어 봄신상 724,언바운디드,파자마/홈웨어,6000,2026-02-25,
1793,3월_봄 파자마,2026-03-05,2026-03-26,20,897481,빅사이즈  홈웨어세트,아주라,파자마/홈웨어,36000,2026-02-13,
1793,3월_봄 파자마,2026-03-05,2026-03-26,21,899665,3 피스세트 홈웨어,아주라,파자마/홈웨어,23500,2026-02-20,
1793,3월_봄 파자마,2026-03-05,2026-03-26,22,898082,빅사이즈 투피스 라운지웨어,아주라,파자마/홈웨어,36000,2026-02-14,
1793,3월_봄 파자마,2026-03-05,2026-03-26,23,898075,신상 퍼피스타,리턴,파자마/홈웨어,9000,2026-02-14,
1793,3월_봄 파자마,2026-03-05,2026-03-26,24,898079,26년 신상 투피스 라운지웨어,아주라,파자마/홈웨어,36000,2026-02-14,
1793,3월_봄 파자마,2026-03-05,2026-03-26,25,899487,"[네이처 파자마세트]봄신상 잠옷세트,라이트홈웨어,내츄럴,캐쥬얼,데일리",미미룸,파자마/홈웨어,13000,2026-02-19,
1793,3월_봄 파자마,2026-03-05,2026-03-26,26,898083,빅사이즈 투피스 라운지웨어,아주라,파자마/홈웨어,36000,2026-02-14,
1793,3월_봄 파자마,2026-03-05,2026-03-26,27,894627,꼬깔베어 1번,구름,파자마/홈웨어,7500,2026-02-11,
1793,3월_봄 파자마,2026-03-05,2026-03-26,28,894628,st퍼피 1번,구름,파자마/홈웨어,7500,2026-02-11,
1793,3월_봄 파자마,2026-03-05,2026-03-26,29,894626,레터링하트 1번,구름,파자마/홈웨어,9000,2026-02-11,
1793,3월_봄 파자마,2026-03-05,2026-03-26,30,895801,"[드로잉 파자마세트]아일렛 잠옷,홈웨어,걸코어,데일리,셔링,레이스,러블리",미미룸,파자마/홈웨어,23000,2026-02-11,
1793,3월_봄 파자마,2026-03-05,2026-03-26,31,898081,빅사이즈 투피스 라운지웨어,아주라,파자마/홈웨어,36000,2026-02-14,
1793,3월_봄 파자마,2026-03-05,2026-03-26,32,894614,소프리본 1번,구름,파자마/홈웨어,8000,2026-02-11,
1793,3월_봄 파자마,2026-03-05,2026-03-26,33,894612,슈가하트 1번,구름,파자마/홈웨어,8000,2026-02-11,
1793,3월_봄 파자마,2026-03-05,2026-03-26,34,894611,애플민트 1번,구름,파자마/홈웨어,8500,2026-02-11,
1793,3월_봄 파자마,2026-03-05,2026-03-26,35,893362,네오캣 1번,구름,파자마/홈웨어,7500,2026-02-10,
1793,3월_봄 파자마,2026-03-05,2026-03-26,36,892159,"[페이즐리 파자마세트]봄신상,패턴잠옷,홈웨어셋업,사계절,빈티지,바배",미미룸,파자마/홈웨어,18000,2026-02-09,
1793,3월_봄 파자마,2026-03-05,2026-03-26,37,885953,미니리본밴딩팬츠,은.(하우스),파자마/홈웨어,5000,2026-02-03,
1793,3월_봄 파자마,2026-03-05,2026-03-26,38,892129,"[코튼 라운지 파자마원피스]봄신상,잠옷,데일리홈웨어,루즈핏,내추럴,감성",미미룸,파자마/홈웨어,9000,2026-02-08,
1793,3월_봄 파자마,2026-03-05,2026-03-26,39,892166,"[잔꽃골지 파자마세트]홈웨어,슬림핏잠옷,캐쥬얼,데일리룩,사계절,기본셋업",미미룸,파자마/홈웨어,12000,2026-02-09,
1793,3월_봄 파자마,2026-03-05,2026-03-26,40,892117,"[리본캣 파자마세트]캐릭터 홈웨어,요루,크링클,봄신상잠옷,시원한,데일리",미미룸,파자마/홈웨어,18000,2026-02-08,
1793,3월_봄 파자마,2026-03-05,2026-03-26,41,892143,"[리본프릴 파자마세트]모달잠옷,가슴패드,홈웨어,소프트,부드러운,봄신상",미미룸,파자마/홈웨어,21000,2026-02-09,
1793,3월_봄 파자마,2026-03-05,2026-03-26,42,891980,자몽토끼 1번,리턴,파자마/홈웨어,7500,2026-02-08,
1793,3월_봄 파자마,2026-03-05,2026-03-26,43,891998,신상 컬러하트 1번 잠옷,리턴,파자마/홈웨어,8500,2026-02-08,
1793,3월_봄 파자마,2026-03-05,2026-03-26,44,892122,"[내츄럴 파자마세트]봄신상 잔꽃잠옷,플라워홈웨어,데일리 라운지웨어,바배",미미룸,파자마/홈웨어,15000,2026-02-08,
1793,3월_봄 파자마,2026-03-05,2026-03-26,45,893396,달콤 리본 레이스 원피스,리턴,파자마/홈웨어,6000,2026-02-10,
1793,3월_봄 파자마,2026-03-05,2026-03-26,46,894606,하트버닝 1번,구름,파자마/홈웨어,7500,2026-02-11,
1793,3월_봄 파자마,2026-03-05,2026-03-26,47,893397,달콤 강아지 레이스원피스,리턴,파자마/홈웨어,6000,2026-02-10,
1793,3월_봄 파자마,2026-03-05,2026-03-26,48,893348,실크리본 1번,구름,파자마/홈웨어,10000,2026-02-10,
1793,3월_봄 파자마,2026-03-05,2026-03-26,49,893337,퍼피체크 1번,구름,파자마/홈웨어,8000,2026-02-10,
1793,3월_봄 파자마,2026-03-05,2026-03-26,50,894605,허쉬퍼피 1번,구름,파자마/홈웨어,7500,2026-02-11,
1793,3월_봄 파자마,2026-03-05,2026-03-26,51,894609,코코레이스 1번,구름,파자마/홈웨어,8500,2026-02-11,
1793,3월_봄 파자마,2026-03-05,2026-03-26,52,894610,컬러하트 1번,구름,파자마/홈웨어,8500,2026-02-11,
1793,3월_봄 파자마,2026-03-05,2026-03-26,53,893294,스트라이프 여 카라세트 혼합5장,복현,파자마/홈웨어,38000,2026-02-09,
1793,3월_봄 파자마,2026-03-05,2026-03-26,54,894608,튤립토끼 1번,구름,파자마/홈웨어,7500,2026-02-11,
1793,3월_봄 파자마,2026-03-05,2026-03-26,55,892188,"[미니로즈 파자마세트]봄신상잠옷,보돌보돌,잔꽃,데일리셋업,러블리,주문폭주",미미룸,파자마/홈웨어,14000,2026-02-09,
1793,3월_봄 파자마,2026-03-05,2026-03-26,56,893293,구름면 카라레이스세트 혼합5장,복현,파자마/홈웨어,45000,2026-02-09,
1793,3월_봄 파자마,2026-03-05,2026-03-26,57,893344,타이리본 1번,구름,파자마/홈웨어,8500,2026-02-10,
1793,3월_봄 파자마,2026-03-05,2026-03-26,58,892190,"[스티치 스트라이프 잠옷]데일리파자마,단가라,사계절홈웨어,얇은셋업,바배",미미룸,파자마/홈웨어,16000,2026-02-09,
1793,3월_봄 파자마,2026-03-05,2026-03-26,59,892170,"[빈티지플라워 파자마세트] 코튼셋업,데일리홈웨어,잠옷,스트라이프,봄신상",미미룸,파자마/홈웨어,16000,2026-02-09,
1793,3월_봄 파자마,2026-03-05,2026-03-26,60,897464,26신상 홈웨어 세트,아주라,파자마/홈웨어,33000,2026-02-13,
1793,3월_봄 파자마,2026-03-05,2026-03-26,61,897458,빅사이즈 봄신상 쓰리피스 세트,아주라,파자마/홈웨어,45000,2026-02-13,
1793,3월_봄 파자마,2026-03-05,2026-03-26,62,893334,핑크포우 1번 긴팔,구름,파자마/홈웨어,8500,2026-02-10,
1793,3월_봄 파자마,2026-03-05,2026-03-26,63,892191,"[코지라운드 파자마세트]데일리,수면잠옷,홈웨어,긴팔셋업,라운지룩,보들보들",미미룸,파자마/홈웨어,19000,2026-02-09,
1793,3월_봄 파자마,2026-03-05,2026-03-26,64,892179,"[소프트도트 파자마세트]긴팔잠옷,사계절홈웨어,심플,편안한라운지웨어,바배",미미룸,파자마/홈웨어,20000,2026-02-09,
1793,3월_봄 파자마,2026-03-05,2026-03-26,65,897093,스트링 1번잠옷,리턴,파자마/홈웨어,8000,2026-02-13,
1793,3월_봄 파자마,2026-03-05,2026-03-26,66,894623,로쥬베어 1번,구름,파자마/홈웨어,8500,2026-02-11,
1793,3월_봄 파자마,2026-03-05,2026-03-26,67,892155,"[그린체크 파자마세트]기본잠옷,데일리홈웨어,사계절라운지웨어,봄신상,셋업",미미룸,파자마/홈웨어,13000,2026-02-09,
1793,3월_봄 파자마,2026-03-05,2026-03-26,68,889914,[2026년 신상] 캡내장) 로즈데이 파자마 사계절 잠옷 세트 낱장가능,로브,파자마/홈웨어,18000,2026-02-05,
1793,3월_봄 파자마,2026-03-05,2026-03-26,69,892175,"[레드 에스닉 파자마세트]데일리홈웨어,셔츠형잠옷,집콕룩,캐쥬얼셋업,바배",미미룸,파자마/홈웨어,13000,2026-02-09,
1793,3월_봄 파자마,2026-03-05,2026-03-26,70,891992,신상 튤립토끼 1번 잠옷,리턴,파자마/홈웨어,7500,2026-02-08,
1793,3월_봄 파자마,2026-03-05,2026-03-26,71,895799,"[러블리새틴 파자마]봄신상 잠옷세트,실키,리본,데일리홈웨어,샤틴,고퀄",미미룸,파자마/홈웨어,20000,2026-02-11,
1793,3월_봄 파자마,2026-03-05,2026-03-26,72,892156,신상 하모니,리턴,파자마/홈웨어,11000,2026-02-09,
1793,3월_봄 파자마,2026-03-05,2026-03-26,73,884123,빅사이즈 꽃무늬잠옷파자마 홈웨어세트,아주라,파자마/홈웨어,45000,2026-02-01,
1793,3월_봄 파자마,2026-03-05,2026-03-26,74,889915,[2026년 신상] 레드 체크 프랜즈 파자마 라운드넥 잠옷 세트 낱장가능,로브,파자마/홈웨어,18000,2026-02-05,
1793,3월_봄 파자마,2026-03-05,2026-03-26,75,892140,"[브라탑 파자마 3종세트]스트라이프 홈웨어,가슴패드,미니멀 라운지웨어",미미룸,파자마/홈웨어,32000,2026-02-09,
1793,3월_봄 파자마,2026-03-05,2026-03-26,76,892154,신상 컬러팝 1번 잠옷,리턴,파자마/홈웨어,9000,2026-02-09,
1793,3월_봄 파자마,2026-03-05,2026-03-26,77,891989,레터링하트 1번,리턴,파자마/홈웨어,9000,2026-02-08,
1793,3월_봄 파자마,2026-03-05,2026-03-26,78,891646,실크리본 1번,리턴,파자마/홈웨어,10000,2026-02-07,
1794,3월_피크닉,2026-03-05,2026-03-25,0,906728,투명 비숑손잡이컵,남군점빵,컵/잔/머그,5700,2026-02-28,
1794,3월_피크닉,2026-03-05,2026-03-25,1,901002,하뮨머그(4color),삼보상사,컵/잔/머그,4700,2026-02-23,
1794,3월_피크닉,2026-03-05,2026-03-25,2,906317,일본 코쿠보 샐러드 포트 분리용기 900ml 일본 직수입,모두톡톡,식품용기/다용도통,6900,2026-02-27,
1794,3월_피크닉,2026-03-05,2026-03-25,3,908694,야외휴대용 계란케이스 1구 캠핑용 계란보관통 M50062,미소모아글로벌,식품용기/다용도통,650,2026-03-04,
1794,3월_피크닉,2026-03-05,2026-03-25,4,908692,야외휴대용 계란케이스 4구 캠핑용 계란보관통 M50060,미소모아글로벌,식품용기/다용도통,1050,2026-03-04,
1794,3월_피크닉,2026-03-05,2026-03-25,5,905542,한끼 보온 도시락 가방 보냉 나들이 피크닉가방,모두톡톡,도시락,3200,2026-02-26,
1794,3월_피크닉,2026-03-05,2026-03-25,6,760392,2종 라탄 수납 바구니,아주라,이벤트/파티용품,17000,2025-08-21,
1794,3월_피크닉,2026-03-05,2026-03-25,7,763293,보관 바구니 홈 침실 보관 바구니 귀여운 라탄,아주라,이벤트/파티용품,18900,2025-08-26,
1794,3월_피크닉,2026-03-05,2026-03-25,8,763291,보관 바구니 홈 침실 보관 바구니 귀여운 라탄,아주라,이벤트/파티용품,21000,2025-08-26,
1794,3월_피크닉,2026-03-05,2026-03-25,9,738979,플라워 패턴 보온보냉 가방,로뎀나무아래서,숄더백/토트백,7000,2025-07-17,
1794,3월_피크닉,2026-03-05,2026-03-25,10,789556,칸토 200ml 보온병 보냉병,중앙사,그릇/식기,13000,2025-09-17,
1794,3월_피크닉,2026-03-05,2026-03-25,11,897882,투명 PET 종이컵 홀더 4P 보온 보냉 겸용 컵홀더,모두톡톡,주방잡화,3200,2026-02-13,
1794,3월_피크닉,2026-03-05,2026-03-25,12,760389,4종  레트로 라탄 수납 바구니세트,아주라,이벤트/파티용품,69000,2025-08-21,
1794,3월_피크닉,2026-03-05,2026-03-25,13,769187,산리오 보냉보온 물통 파우치 캐릭터 일본 정품 소품샵 굿즈,알로하TD,주방잡화,2000,2025-08-27,
1794,3월_피크닉,2026-03-05,2026-03-25,14,692724,데일리 보냉백 3종,옐로맨션,에코백/캔버스,6600,2025-04-20,
1794,3월_피크닉,2026-03-05,2026-03-25,15,719979,옐로핑크 지퍼보냉백2color,은.(하우스),파우치/파우치백,5000,2025-05-30,
1794,3월_피크닉,2026-03-05,2026-03-25,16,886779,26봄)[키들리]2단체크보냉백,애플네,(아동)가방/지갑/파우치,6000,2026-02-03,
1794,3월_피크닉,2026-03-05,2026-03-25,17,880261,"무지타원코스터_탄탄하고만듦새좋은코튼코스터,악세서리 항수병등 다용도받침대로 사용가능",은.(하우스),식탁보/테이블매트,4000,2026-01-28,
1794,3월_피크닉,2026-03-05,2026-03-25,18,844031,잼병 키친크로스,심이룸,식탁보/테이블매트,7500,2025-12-04,
1794,3월_피크닉,2026-03-05,2026-03-25,19,878474,코튼체크테이블매트,은.(하우스),식탁보/테이블매트,5000,2026-01-27,
1794,3월_피크닉,2026-03-05,2026-03-25,20,748456,?? Tomato Pattern Table Mat/Dishcloth (45cm x 45cm,삼영주방,식탁보/테이블매트,8500,2025-08-08,
1794,3월_피크닉,2026-03-05,2026-03-25,21,801383,다이아 크로쉐 뜨게 매트 식탁보,로뎀나무아래서,식탁보/테이블매트,6000,2025-10-13,
1794,3월_피크닉,2026-03-05,2026-03-25,22,878472,코튼리본테이블매트,은.(하우스),식탁보/테이블매트,5000,2026-01-27,
1794,3월_피크닉,2026-03-05,2026-03-25,23,735283,(일본정품) 별의커비 데일리 보냉백,옐로맨션,에코백/캔버스,2200,2025-07-04,
1794,3월_피크닉,2026-03-05,2026-03-25,24,884688,26봄)[키들리]큐트퍼피사각보냉백,키들리,(아동)가방/파우치,5000,2026-02-02,
1794,3월_피크닉,2026-03-05,2026-03-25,25,726757,(재입고) 달팽이커트러리(7type),삼보상사,커트러리,3200,2025-06-13,
1794,3월_피크닉,2026-03-05,2026-03-25,26,880263,"팔각미니코스터_탄탄하고만듦새좋은코튼코스터,악세서리 항수병등 다용도받침대로 사용가능",은.(하우스),식탁보/테이블매트,4000,2026-01-28,
1794,3월_피크닉,2026-03-05,2026-03-25,27,748455,?? Carrot Pattern Table Mat/Dishcloth (45cm x 45cm,삼영주방,식탁보/테이블매트,8500,2025-08-08,
1794,3월_피크닉,2026-03-05,2026-03-25,28,685500,4P 컵홀더,대흥사,물병/텀블러,2500,2025-04-14,
1794,3월_피크닉,2026-03-05,2026-03-25,29,620614,보온보냉 휴대용 귀여운 웃는 도시락 가방 옐로우,굿씽컴퍼니,주방잡화,7200,2025-02-10,
1794,3월_피크닉,2026-03-05,2026-03-25,30,723786,애플 스푼포크 2종,옐로맨션,커트러리,3000,2025-06-08,
1794,3월_피크닉,2026-03-05,2026-03-25,31,720621,캐치티니핑도시락(데일리이중락스텐2단가방세트,키티상사,유아/아동 식기,14000,2025-05-31,
1794,3월_피크닉,2026-03-05,2026-03-25,32,727860,사각 우드 도끼 나이프,소브니홈,커트러리,2700,2025-06-16,
1794,3월_피크닉,2026-03-05,2026-03-25,33,843775,콜라비 대파 키친크로스,심이룸,식탁보/테이블매트,3700,2025-12-04,
1794,3월_피크닉,2026-03-05,2026-03-25,34,620635,보온보냉 휴대용 귀여운 웃는 도시락 가방 핑크,굿씽컴퍼니,주방잡화,7200,2025-02-10,
1794,3월_피크닉,2026-03-05,2026-03-25,35,657242,베지 플로우 키친크로스 테이블매트,삼영주방,식탁보/테이블매트,7500,2025-03-15,
1794,3월_피크닉,2026-03-05,2026-03-25,36,897810,자동 에그 트레이 2단 계란 슬라이드 수납 케이스,모두톡톡,식품용기/다용도통,7300,2026-02-13,
1794,3월_피크닉,2026-03-05,2026-03-25,37,804776,산리오  시즌2  보냉백,남군점빵,야외용품,2100,2025-10-17,
1794,3월_피크닉,2026-03-05,2026-03-25,38,709947,패브릭 티코스터,은.(하우스),식탁보/테이블매트,3000,2025-05-13,
1794,3월_피크닉,2026-03-05,2026-03-25,39,709949,패브릭 와이드코스터,은.(하우스),식탁보/테이블매트,4000,2025-05-13,
1794,3월_피크닉,2026-03-05,2026-03-25,40,672554,"Beat table mat, kitchen cloth",삼영주방,식탁보/테이블매트,7500,2025-04-01,
1794,3월_피크닉,2026-03-05,2026-03-25,41,715698,우드 버터 나이프 (2color),소브니홈,커트러리,3300,2025-05-21,
1794,3월_피크닉,2026-03-05,2026-03-25,42,875637,토마토 미니 고블렛 소주잔6p세트,옐로맨션,컵/잔/머그,13800,2026-01-23,
1794,3월_피크닉,2026-03-05,2026-03-25,43,882485,(4개 1세트) 퍼피 프렌즈 소주잔,소브니홈,컵/잔/머그,6500,2026-01-29,
1794,3월_피크닉,2026-03-05,2026-03-25,44,672552,꼬북꼬북 코스터,삼영주방,식탁보/테이블매트,4000,2025-04-01,
1794,3월_피크닉,2026-03-05,2026-03-25,45,725420,(퀄리티 굿!) 뭉뚝 우드 무광 스푼 & 포크,소브니홈,커트러리,3900,2025-06-10,
1794,3월_피크닉,2026-03-05,2026-03-25,46,891314,행운 네잎클로버 스테인리스 스푼,감성놀이,커트러리,1900,2026-02-06,
1794,3월_피크닉,2026-03-05,2026-03-25,47,891620,강아지 잠옷 이중컵,남군점빵,컵/잔/머그,4600,2026-02-07,
1794,3월_피크닉,2026-03-05,2026-03-25,48,891136,"히트/과일꽂이 세트 4종(빨간하트, 분홍하트,딸기,바나나)",라유니크,커트러리,8500,2026-02-06,
1794,3월_피크닉,2026-03-05,2026-03-25,49,891619,애옹이 2종 잘록 내열애옹이컵,남군점빵,컵/잔/머그,3600,2026-02-07,
1794,3월_피크닉,2026-03-05,2026-03-25,50,618821,캐치티니핑슈팅스타물병,키티상사,물병/텀블러,7500,2025-02-07,
1794,3월_피크닉,2026-03-05,2026-03-25,51,867730,조개 모양 스테인리스 스푼 숟가락,감성놀이,커트러리,2000,2026-01-16,
1794,3월_피크닉,2026-03-05,2026-03-25,52,648150,동글이디저트스푼,삼보상사,커트러리,2400,2025-03-04,
1794,3월_피크닉,2026-03-05,2026-03-25,53,818856,(인기최고) 진저맨 스테인레스 스푼 포크,소브니홈,커트러리,1700,2025-11-04,
1794,3월_피크닉,2026-03-05,2026-03-25,54,719805,고양이 스푼 & 포크 세트 티스푼,소브니홈,커트러리,6900,2025-05-29,
1794,3월_피크닉,2026-03-05,2026-03-25,55,746670,모던미 3종 세트 커틀러리,남군점빵,식기세트,4200,2025-08-05,
1794,3월_피크닉,2026-03-05,2026-03-25,56,452563,노랑 이모 베어 식기세트,남군점빵,식기세트,3000,2024-07-31,
1794,3월_피크닉,2026-03-05,2026-03-25,57,701378,[H1209] 미니티스푼/포크,엔유이,식기세트,3500,2025-04-29,
1794,3월_피크닉,2026-03-05,2026-03-25,58,804801,신상) 테디 무광 뭉뚝 스푼,소브니홈,커트러리,3900,2025-10-17,
1794,3월_피크닉,2026-03-05,2026-03-25,59,893899,홀로홀로 원터치 밀크 텀블러 900ml 5color,까사밍글,물병/텀블러,27800,2026-02-10,
1794,3월_피크닉,2026-03-05,2026-03-25,60,818809,(신상) 버터옐로우 세라믹 버터 나이프,소브니홈,커트러리,3300,2025-11-04,
1794,3월_피크닉,2026-03-05,2026-03-25,61,798591,아이스크림 스푼 포크 버터나이프,링크,커트러리,2900,2025-10-01,
1794,3월_피크닉,2026-03-05,2026-03-25,62,769185,화이트 세라믹 버터 나이프,소브니홈,커트러리,3300,2025-08-27,
1794,3월_피크닉,2026-03-05,2026-03-25,63,735164,원목 애니멀 커틀러리세트,남군점빵,커트러리,3700,2025-07-04,
1794,3월_피크닉,2026-03-05,2026-03-25,64,728755,연보라 커트러리 세트 스푼 나이프 잼나이프 버터나이프,감성놀이,커트러리,3500,2025-06-17,
1794,3월_피크닉,2026-03-05,2026-03-25,65,740035,우드 핸들 스텐304 스쿱,옐로맨션,커트러리,7200,2025-07-20,
1794,3월_피크닉,2026-03-05,2026-03-25,66,755498,팔머커트러리 실버&블랙(12type),삼보상사,커트러리,1900,2025-08-15,
1794,3월_피크닉,2026-03-05,2026-03-25,67,774051,여행용 피크닉 컬러풀 토트백 가방 SIS-078,리더스셀러,숄더백/토트백,8000,2025-09-02,
1794,3월_피크닉,2026-03-05,2026-03-25,68,720470,고양이 스푼 스테인리스,감성놀이,커트러리,1900,2025-05-30,
1794,3월_피크닉,2026-03-05,2026-03-25,69,739405,6인용 돗자리 피크닉 나들이 가벼운 실용적 SIS-871,리더스셀러,야외용품,6400,2025-07-17,
1794,3월_피크닉,2026-03-05,2026-03-25,70,723394,대파 스푼포크 세트 (케이스포함),옐로맨션,커트러리,4700,2025-06-06,
1794,3월_피크닉,2026-03-05,2026-03-25,71,851800,라이센스정품 키티피크닉보조,캐릭터월드,숄더백/토트백,9000,2025-12-16,
1794,3월_피크닉,2026-03-05,2026-03-25,72,893978,홀로홀로 구름파우치 7color (밀크텀블러430ml용),까사밍글,물병/텀블러,9600,2026-02-10,
1794,3월_피크닉,2026-03-05,2026-03-25,73,619631,몽글몽글 디저트 스푼 포크,옐로맨션,커트러리,2900,2025-02-09,
1794,3월_피크닉,2026-03-05,2026-03-25,74,707040,헬로카봇 15도시락가방세트,키티상사,그릇/식기,15000,2025-05-08,
1794,3월_피크닉,2026-03-05,2026-03-25,75,734134,애옹이 스틸티스푼 6종,남군점빵,커트러리,2400,2025-07-01,
1794,3월_피크닉,2026-03-05,2026-03-25,76,625720,실버 커트러리 세트,황스타,커트러리,9000,2025-02-13,
1794,3월_피크닉,2026-03-05,2026-03-25,77,719001,세라프우드과일&칵테일픽꽂이(5type),삼보상사,커트러리,1200,2025-05-28,
1794,3월_피크닉,2026-03-05,2026-03-25,78,594298,일본 과일 도시락 포크,대흥사,식품용기/다용도통,2000,2025-01-12,
1794,3월_피크닉,2026-03-05,2026-03-25,79,620609,보온보냉 휴대용 귀여운 웃는 도시락 가방 노르딕 그린,굿씽컴퍼니,주방잡화,7200,2025-02-10,
1794,3월_피크닉,2026-03-05,2026-03-25,80,715426,로맨틱 핑크리본 식기 5종,옐로맨션,식기세트,2800,2025-05-21,
1794,3월_피크닉,2026-03-05,2026-03-25,81,893944,홀로홀로 원터치 밀크 텀블러 430ml 8color,까사밍글,물병/텀블러,22600,2026-02-10,
1794,3월_피크닉,2026-03-05,2026-03-25,82,862958,디즈니 알린 런치백 도시락 간식 가방,미미익스프레스,주방잡화,2200,2026-01-12,
1794,3월_피크닉,2026-03-05,2026-03-25,83,835508,캐치티니핑 조리개 2단도시락,키티상사,그릇/식기,9400,2025-11-21,
1794,3월_피크닉,2026-03-05,2026-03-25,84,620633,보온보냉 휴대용 귀여운 웃는 도시락 가방 네이비,굿씽컴퍼니,주방잡화,7200,2025-02-10,
1794,3월_피크닉,2026-03-05,2026-03-25,85,736399,쿠킹베어 식기세트 시리즈,옐로맨션,식기세트,2700,2025-07-08,
1794,3월_피크닉,2026-03-05,2026-03-25,86,625723,[할인제품 교환X 반품X]곰돌이 커트러리 세트,황스타,커트러리,9000,2025-02-13,
1794,3월_피크닉,2026-03-05,2026-03-25,87,824876,미니 에코백 손목가방 미니멀 피크닉 레터링 길쭉이백 SIS-005 길쭉이에코백,리더스셀러,에코백/캔버스,6800,2025-11-10,
1794,3월_피크닉,2026-03-05,2026-03-25,88,734217,[버터나이프 추가] 디저트 심플 스푼 포크 버터나이프,링크,커트러리,2600,2025-07-01,
1795,3월_키티 정품,2026-03-05,2026-04-16,0,933720,정품 산리오 데님 인형키링,솜사탕,키링/가방악세사리,4500,2026-04-06,
1795,3월_키티 정품,2026-03-05,2026-04-16,1,933728,정품  테니스산리오 인형키링,솜사탕,키링/가방악세사리,5000,2026-04-06,
1795,3월_키티 정품,2026-03-05,2026-04-16,2,934233,(일본정품) 산리오캐릭터즈 반사 키체인 4종,옐로맨션,키링/가방악세사리,2200,2026-04-06,
1795,3월_키티 정품,2026-03-05,2026-04-16,3,935283,(일본정품) 헬로키티 떡메모지 70매입,옐로맨션,스티커/노트,1800,2026-04-07,
1795,3월_키티 정품,2026-03-05,2026-04-16,4,939631,(일본정품) 산리오캐릭터즈 ID 케이스,옐로맨션,사무용품,2200,2026-04-10,
1795,3월_키티 정품,2026-03-05,2026-04-16,5,940581,일본정품 / 핑크 헬로키티 미니 파우치,모모베리,파우치/파우치백,2100,2026-04-11,
1795,3월_키티 정품,2026-03-05,2026-04-16,6,910597,(일본정품) 헬로키티 여행용 악세서리 보관함 2종,옐로맨션,수납/바구니,2200,2026-03-08,
1795,3월_키티 정품,2026-03-05,2026-04-16,7,918898,(일본정품) 키티폼푸 조이개파우치,옐로맨션,파우치/파우치백,2200,2026-03-20,
1795,3월_키티 정품,2026-03-05,2026-04-16,8,910572,(일본정품) 헬로키티 여행용지퍼백 4p세트,옐로맨션,수납/바구니,2200,2026-03-08,
1795,3월_키티 정품,2026-03-05,2026-04-16,9,914528,[일본정품] 헬로키티 레드 헤어클립,엔리코,핀,4970,2026-03-12,
1795,3월_키티 정품,2026-03-05,2026-04-16,10,918897,(일본정품) 헬로키티 여행용 EVA파우치 미듐,옐로맨션,파우치/파우치백,2200,2026-03-20,
1795,3월_키티 정품,2026-03-05,2026-04-16,11,914527,[일본정품] 헬로키티 롱다리키티 헤어클립,엔리코,집게핀,11000,2026-03-12,
1795,3월_키티 정품,2026-03-05,2026-04-16,12,910573,(일본정품) 헬로키티 여행용 EVA파우치,옐로맨션,파우치/파우치백,2200,2026-03-08,
1795,3월_키티 정품,2026-03-05,2026-04-16,13,908439,일본 헬로키티 악세서리 케이스 보관함 (스몰사이즈),미미익스프레스,수납케이스,2200,2026-03-04,
1795,3월_키티 정품,2026-03-05,2026-04-16,14,910587,(일본정품) 헬로키티 크림공케이스15g,옐로맨션,파우치/파우치백,2200,2026-03-08,
1795,3월_키티 정품,2026-03-05,2026-04-16,15,905036,산리오 정품 라이센스 헬로키티 포차코 벨 키홀더,모두톡톡,키링/가방악세사리,2900,2026-02-26,
1795,3월_키티 정품,2026-03-05,2026-04-16,16,908437,일본 헬로키티 악세서리 케이스 보관함 (라지사이즈),미미익스프레스,파우치/파우치백,2200,2026-03-04,
1795,3월_키티 정품,2026-03-05,2026-04-16,17,909917,(일본정품) 헬로키티 수세미 홀더,옐로맨션,주방잡화,2200,2026-03-06,
1795,3월_키티 정품,2026-03-05,2026-04-16,18,850261,정품 키티리본 쌍집게핀 1판3000×10,디케이악세사리,(아동)헤어악세사리,30000,2025-12-14,
1795,3월_키티 정품,2026-03-05,2026-04-16,19,850252,정품 키티3종세트 컬러구술 1판 6000×10,디케이악세사리,(아동)패션소품,60000,2025-12-14,
1795,3월_키티 정품,2026-03-05,2026-04-16,20,850254,정품 키티3종세트 진주꽃 1판 6000×10,디케이악세사리,(아동)패션소품,60000,2025-12-14,
1795,3월_키티 정품,2026-03-05,2026-04-16,21,910578,(일본정품) 헬로키티 여행용 소분파우치10ml 2p세트,옐로맨션,파우치/파우치백,4400,2026-03-08,
1795,3월_키티 정품,2026-03-05,2026-04-16,22,910584,(일본정품) 헬로키티 여행용 소분파우치30ml 2p세트,옐로맨션,파우치/파우치백,4400,2026-03-08,
1795,3월_키티 정품,2026-03-05,2026-04-16,23,850255,정품 키티3종세트 컬러구술 1판6000×10,디케이악세사리,(아동)패션소품,60000,2025-12-14,
1795,3월_키티 정품,2026-03-05,2026-04-16,24,850256,정품 키티쌍방울 전신키티리본 1판 3000×10,디케이악세사리,(아동)헤어악세사리,30000,2025-12-14,
1795,3월_키티 정품,2026-03-05,2026-04-16,25,891702,(일본정품) NIC 헬로키티 스타일업 롱다리 키링 3종,옐로맨션,키링/가방악세사리,24800,2026-02-07,
1795,3월_키티 정품,2026-03-05,2026-04-16,26,850264,정품 키티리본 쌍딱핀 1판3000×10,디케이악세사리,(아동)헤어악세사리,30000,2025-12-14,
1795,3월_키티 정품,2026-03-05,2026-04-16,27,692989,키티 반달파우치,아이랑,스티커/노트,7000,2025-04-21,
1795,3월_키티 정품,2026-03-05,2026-04-16,28,865002,산리오와 친구들 오바케누 책받침 보라B5,미미익스프레스,사무용품,3700,2026-01-13,
1795,3월_키티 정품,2026-03-05,2026-04-16,29,835543,정품 산리오파티 키링,솜사탕,키링/가방악세사리,4000,2025-11-21,
1795,3월_키티 정품,2026-03-05,2026-04-16,30,858277,(일본정품) 산리오캐릭터즈 미니런치 토트백 5종 세트,옐로맨션,숄더백/토트백,27500,2026-01-03,
1795,3월_키티 정품,2026-03-05,2026-04-16,31,887855,(일본정품) 산리오캐릭터즈 비누방울 가챠 5종세트,옐로맨션,기타,23500,2026-02-04,
1795,3월_키티 정품,2026-03-05,2026-04-16,32,900290,(일본정품) 산리오친구들 리본카드미러 5종,옐로맨션,액자/거울,2200,2026-02-22,
1795,3월_키티 정품,2026-03-05,2026-04-16,33,864998,산리오 친구들 오바케누 책받침 파랑 B5,미미익스프레스,사무용품,3700,2026-01-13,
1795,3월_키티 정품,2026-03-05,2026-04-16,34,850259,정품 키티리본 쌍방울 1판 3000×10,디케이악세사리,(아동)헤어악세사리,30000,2025-12-14,
1795,3월_키티 정품,2026-03-05,2026-04-16,35,850258,정품 키티머리끈 1판3000×10,디케이악세사리,머리끈,30000,2025-12-14,
1795,3월_키티 정품,2026-03-05,2026-04-16,36,850253,정품 키티3종세트 구술꽃 1판 6000×10,디케이악세사리,(아동)패션소품,60000,2025-12-14,
1795,3월_키티 정품,2026-03-05,2026-04-16,37,896078,정품 산리오  반짝골드키링,솜사탕,키링/가방악세사리,4500,2026-02-11,
1795,3월_키티 정품,2026-03-05,2026-04-16,38,856080,(일본정품) 산리오 라떼쿠마버전 일어나는 봉제인형 가챠 4종세트,옐로맨션,기타,21500,2025-12-26,
1795,3월_키티 정품,2026-03-05,2026-04-16,39,763065,스마트폰링스트랩,키티상사,야외용품,13500,2025-08-26,
1795,3월_키티 정품,2026-03-05,2026-04-16,40,874512,키티빅리본가방고리,키티상사,키링/가방악세사리,4600,2026-01-22,
1795,3월_키티 정품,2026-03-05,2026-04-16,41,745979,미니파우치,키티상사,(아동)가방/지갑/파우치,4800,2025-08-01,
1795,3월_키티 정품,2026-03-05,2026-04-16,42,856078,(일본정품) 산리오 고기만두풍 삐삐소리 가챠 4종세트,옐로맨션,기타,21500,2025-12-26,
1795,3월_키티 정품,2026-03-05,2026-04-16,43,858276,(일본정품) 산리오캐릭터즈 퀼트 미니쿠션 마스코트 5종세트,옐로맨션,키링/가방악세사리,27500,2026-01-03,
1795,3월_키티 정품,2026-03-05,2026-04-16,44,844644,(일본정품) 헬로키티 씰풍 아크릴키체인가챠 5종 세트,옐로맨션,완구/인형,16500,2025-12-05,
1795,3월_키티 정품,2026-03-05,2026-04-16,45,878984,너드중형 25센티,키티상사,키링/가방악세사리,10200,2026-01-27,
1795,3월_키티 정품,2026-03-05,2026-04-16,46,699255,키티 장바구니,아이랑,스티커/노트,5000,2025-04-26,
1795,3월_키티 정품,2026-03-05,2026-04-16,47,891704,NIC 헬로키티 스타일업 스트랩 키링 3종,옐로맨션,키링/가방악세사리,23200,2026-02-07,
1795,3월_키티 정품,2026-03-05,2026-04-16,48,866008,정품 밴드 1박스20곽 14000원,딱풀이,아동용품,14000,2026-01-14,
1795,3월_키티 정품,2026-03-05,2026-04-16,49,865951,정품  밴드 1곽20개입 14000원,연화,아동용품,14000,2026-01-14,
1795,3월_키티 정품,2026-03-05,2026-04-16,50,851800,라이센스정품 키티피크닉보조,캐릭터월드,숄더백/토트백,9000,2025-12-16,
1795,3월_키티 정품,2026-03-05,2026-04-16,51,741170,마스코트볼펜New,키티상사,(아동)패션소품,7700,2025-07-23,
1795,3월_키티 정품,2026-03-05,2026-04-16,52,879018,계산기,키티상사,야외용품,22000,2026-01-27,
1795,3월_키티 정품,2026-03-05,2026-04-16,53,838322,정품 골드 산리오키링,솜사탕,키링/가방악세사리,4000,2025-11-26,
1795,3월_키티 정품,2026-03-05,2026-04-16,54,858911,(일본정품) 산리오캐릭터즈 중형 타월 7종,옐로맨션,수건/타월,3300,2026-01-05,
1795,3월_키티 정품,2026-03-05,2026-04-16,55,850265,정품 키티 쌍집게핀 1판 3000×10,디케이악세사리,집게핀,30000,2025-12-14,
1795,3월_키티 정품,2026-03-05,2026-04-16,56,825797,볼빵빵고리 13센티,키티상사,키링/가방악세사리,4600,2025-11-11,
1795,3월_키티 정품,2026-03-05,2026-04-16,57,832461,산리오 캐릭터즈 친구들 조각 스티커,미미익스프레스,스티커/노트,2100,2025-11-18,
1795,3월_키티 정품,2026-03-05,2026-04-16,58,891703,(일본정품) NIC 헬로키티 스타일업 롱헤어핀 3종,옐로맨션,집게핀,14500,2026-02-07,
1795,3월_키티 정품,2026-03-05,2026-04-16,59,898668,(일본정품) 산리오캐릭터즈 롤러지우개스타일 열쇠고리 가챠 5종세트,옐로맨션,키링/가방악세사리,23500,2026-02-17,
1795,3월_키티 정품,2026-03-05,2026-04-16,60,883192,(일본정품) 헬로키티 수저꽂이 키친포켓,옐로맨션,식기정리/건조대,2200,2026-01-30,
1795,3월_키티 정품,2026-03-05,2026-04-16,61,859370,생일케잌가방고리8센티,키티상사,(아동)패션소품,3800,2026-01-06,
1795,3월_키티 정품,2026-03-05,2026-04-16,62,693001,키티 사각파우치,아이랑,스티커/노트,7000,2025-04-21,
1795,3월_키티 정품,2026-03-05,2026-04-16,63,883189,(일본정품) 산리오캐릭터즈 캔미러 5종,옐로맨션,액자/거울,2200,2026-01-30,
1795,3월_키티 정품,2026-03-05,2026-04-16,64,868451,(일본정품) 산리오 글리터 블링 배스 파우치,옐로맨션,파우치/파우치백,2200,2026-01-16,
1795,3월_키티 정품,2026-03-05,2026-04-16,65,850251,정품 키티3종 세트 핑크진주 1판 6000×10,디케이악세사리,(아동)패션소품,60000,2025-12-14,
1795,3월_키티 정품,2026-03-05,2026-04-16,66,897402,일본 산리오 캐릭터즈 글리터 파우치,미미익스프레스,파우치/파우치백,2200,2026-02-13,
1795,3월_키티 정품,2026-03-05,2026-04-16,67,874584,(일본정품) 헬로키티 머메이드 진주 백참 3종,옐로맨션,키링/가방악세사리,22500,2026-01-22,
1795,3월_키티 정품,2026-03-05,2026-04-16,68,853414,정품 키티키링,솜사탕,키링/가방악세사리,3500,2025-12-18,
1795,3월_키티 정품,2026-03-05,2026-04-16,69,888723,소풍가방고리13센티,키티상사,키링/가방악세사리,5700,2026-02-05,
1795,3월_키티 정품,2026-03-05,2026-04-16,70,861071,정품  미니 롤 지우개 1박스 24개입 25.200원,딱풀이,아동용품,25200,2026-01-08,
1795,3월_키티 정품,2026-03-05,2026-04-16,71,861077,정품  연필깍기 1박스8개입 36000원,연화,아동용품,36000,2026-01-08,
1795,3월_키티 정품,2026-03-05,2026-04-16,72,748227,우비가방고리,키티상사,(아동)악세사리,4300,2025-08-08,
1795,3월_키티 정품,2026-03-05,2026-04-16,73,865027,산리오 하피단부이 오바케누 책받침 B5,미미익스프레스,사무용품,3700,2026-01-13,
1795,3월_키티 정품,2026-03-05,2026-04-16,74,850250,정품 키티3종 세트 투명 1판 6000×10,디케이악세사리,(아동)헤어악세사리,60000,2025-12-14,
1795,3월_키티 정품,2026-03-05,2026-04-16,75,904524,정품  접착 메모지 1곽20개입 36000원,연화,문구,36000,2026-02-25,
1795,3월_키티 정품,2026-03-05,2026-04-16,76,848503,(일본정품) 산리오 아크릴참 벚꽃 볼펜 7종,옐로맨션,필기구,8200,2025-12-11,
1795,3월_키티 정품,2026-03-05,2026-04-16,77,868450,(일본정품) 산리오 글리터 블링 파우치,옐로맨션,파우치/파우치백,2200,2026-01-16,
1795,3월_키티 정품,2026-03-05,2026-04-16,78,832452,산리오 헬로키티 조각 스티커,미미익스프레스,스티커/노트,2100,2025-11-18,
1795,3월_키티 정품,2026-03-05,2026-04-16,79,763058,프릭션3본세트볼펜,키티상사,(아동)패션소품,11000,2025-08-26,
1795,3월_키티 정품,2026-03-05,2026-04-16,80,894503,(일본정품) 산리오캐릭터즈 컬러링북,옐로맨션,스티커/노트,2200,2026-02-10,
1795,3월_키티 정품,2026-03-05,2026-04-16,81,861256,생일 케잌 가방고리 13센티,키티상사,키링/가방악세사리,4800,2026-01-09,
1795,3월_키티 정품,2026-03-05,2026-04-16,82,861485,정품 키티키링,솜사탕,키링/가방악세사리,4000,2026-01-09,
1795,3월_키티 정품,2026-03-05,2026-04-16,83,893453,반짝골드가방고리 10센티,키티상사,키링/가방악세사리,4600,2026-02-10,
1795,3월_키티 정품,2026-03-05,2026-04-16,84,725931,헬로키티 아장아장태엽8피세트,키티상사,(아동)패션소품,23200,2025-06-12,
1795,3월_키티 정품,2026-03-05,2026-04-16,85,795887,골드중형,키티상사,키링/가방악세사리,10000,2025-09-25,
1795,3월_키티 정품,2026-03-05,2026-04-16,86,804099,초코과자2가방고리8센티,키티상사,키링/가방악세사리,4000,2025-10-17,
1795,3월_키티 정품,2026-03-05,2026-04-16,87,844643,(일본정품) 산리오캐릭터즈 미니레터랙식 아크릴케이스가챠 10종 세트,옐로맨션,완구/인형,44600,2025-12-05,
1795,3월_키티 정품,2026-03-05,2026-04-16,88,808514,산리오 손잡이미러사각파우치,키티상사,파우치/파우치백,8500,2025-10-23,
1795,3월_키티 정품,2026-03-05,2026-04-16,89,832055,키티패턴가방고리8센티,키티상사,키링/가방악세사리,4200,2025-11-18,
1795,3월_키티 정품,2026-03-05,2026-04-16,90,874520,꿀잠가방고리,키티상사,키링/가방악세사리,4300,2026-01-22,
1795,3월_키티 정품,2026-03-05,2026-04-16,91,806031,인어가방고리,키티상사,키링/가방악세사리,4200,2025-10-21,
1795,3월_키티 정품,2026-03-05,2026-04-16,92,690245,키티 도트백,아이랑,스티커/노트,10000,2025-04-17,
1795,3월_키티 정품,2026-03-05,2026-04-16,93,853416,정품 키티키링,솜사탕,키링/가방악세사리,3500,2025-12-18,
1795,3월_키티 정품,2026-03-05,2026-04-16,94,825783,골드하트가방고리 8센티,키티상사,키링/가방악세사리,3900,2025-11-11,
1795,3월_키티 정품,2026-03-05,2026-04-16,95,856083,(일본정품) 산리오캐릭터즈 넥스트랩 가챠 7종세트,옐로맨션,기타,30500,2025-12-26,
1795,3월_키티 정품,2026-03-05,2026-04-16,96,853415,정품 키티키링,솜사탕,키링/가방악세사리,3500,2025-12-18,
1795,3월_키티 정품,2026-03-05,2026-04-16,97,835544,체크키링,솜사탕,키링/가방악세사리,4200,2025-11-21,
1795,3월_키티 정품,2026-03-05,2026-04-16,98,875694,정품  키티후드티 키링,솜사탕,키링/가방악세사리,4500,2026-01-23,
1806,3월_써지컬,2026-03-09,2026-04-03,0,910963,26SS) 골드 실버 오링 믹스 꽈배기 체인 써지컬스틸 목걸이,브루클린,펜던트(실버/써지컬),6500,2026-03-09,
1806,3월_써지컬,2026-03-09,2026-04-03,1,910960,26SS) 골드 실버 오링 믹스 꽈배기 체인 써지컬스틸 팔찌,브루클린,심플(논펜던트),5000,2026-03-09,
1806,3월_써지컬,2026-03-09,2026-04-03,2,910958,26SS) 라운드 육각 펜던트 토글바 뱀줄 체인 써지컬스틸 데일리 목걸이,브루클린,펜던트(실버/써지컬),4500,2026-03-09,
1806,3월_써지컬,2026-03-09,2026-04-03,3,910954,26SS) 실버 골드 링 믹스 유니크 스퀘어 사각 체인 써지컬스틸 목걸이,브루클린,펜던트(실버/써지컬),4500,2026-03-09,
1806,3월_써지컬,2026-03-09,2026-04-03,4,910887,매장best) 볼드 체인 토글바 기본 데일리 포인트 써지컬스틸 목걸이,브루클린,펜던트(실버/써지컬),5000,2026-03-09,
1806,3월_써지컬,2026-03-09,2026-04-03,5,910804,하트앤큐빅 팔찌 써지컬스틸,성하스틸,펜던트/참,5000,2026-03-09,
1806,3월_써지컬,2026-03-09,2026-04-03,6,910019,매장Best) 볼드 심플 기본 데일리 체인 써지컬스틸 팔찌,브루클린,심플(논펜던트),4500,2026-03-06,
1806,3월_써지컬,2026-03-09,2026-04-03,7,910002,26SS) mix 체인 십자가 펜던트 써지컬스틸 목걸이,브루클린,펜던트(실버/써지컬),6500,2026-03-06,
1806,3월_써지컬,2026-03-09,2026-04-03,8,909989,26SS) mix 체인 십자가 펜던트 써지컬스틸 팔찌,브루클린,펜던트/참,6000,2026-03-06,
1806,3월_써지컬,2026-03-09,2026-04-03,9,907960,곰돌이얼굴목걸이(써지컬),나니,펜던트(실버/써지컬),3500,2026-03-04,
1806,3월_써지컬,2026-03-09,2026-04-03,10,907957,딸랑종롱목걸이(써지컬),나니,펜던트(실버/써지컬),6000,2026-03-04,
1806,3월_써지컬,2026-03-09,2026-04-03,11,907794,써지컬스틸 장미한송이 원터치 귀걸이 (한쌍),수앤스틸,링,3000,2026-03-03,
1806,3월_써지컬,2026-03-09,2026-04-03,12,907791,써지컬스틸 슬림매듭 화이트 반지,수앤스틸,심플링(넌큐빅),3000,2026-03-03,
1806,3월_써지컬,2026-03-09,2026-04-03,13,907493,E55 장미 써지컬 스틸 귀걸이(거래처사진 펌X),제이유 스틸(JU STEEL),스터드,3000,2026-03-03,
1806,3월_써지컬,2026-03-09,2026-04-03,14,907380,R04 써지컬 스틸 반지,온비아,심플링(넌큐빅),4500,2026-03-03,
1806,3월_써지컬,2026-03-09,2026-04-03,15,904741,(써지컬) 자개 물고기 목걸이,해피원,펜던트(비즈/에폭/아크릴),9000,2026-02-26,
1806,3월_써지컬,2026-03-09,2026-04-03,16,904719,(써지컬) 글라스별 목걸이,해피원,펜던트(메탈/큐빅/스톤/진주),10000,2026-02-26,
1806,3월_써지컬,2026-03-09,2026-04-03,17,904718,(써지컬) 페얼십자가 목걸이,해피원,초커,9000,2026-02-26,
1806,3월_써지컬,2026-03-09,2026-04-03,18,904717,(써지컬) 브라운미피 목걸이,해피원,초커,8000,2026-02-26,
1806,3월_써지컬,2026-03-09,2026-04-03,19,904715,(써지컬) 레드가드 목걸이,해피원,롱,8000,2026-02-26,
1806,3월_써지컬,2026-03-09,2026-04-03,20,901283,[50cm] 올써지컬 블랙 큐빅 행성 원 하트 고양이 진주하트 롱체인목걸이,홀릭,펜던트(실버/써지컬),3000,2026-02-24,
1806,3월_써지컬,2026-03-09,2026-04-03,21,901282,올써지컬 리본 통통하트 데일리 레이어드 두줄 체인팔찌 발찌,홀릭,펜던트/참,2000,2026-02-24,
1806,3월_써지컬,2026-03-09,2026-04-03,22,901279,올써지컬 탄생석 큐빅물방울 데일리 레이어드 두줄 체인팔찌,홀릭,펜던트/참,2500,2026-02-24,
1806,3월_써지컬,2026-03-09,2026-04-03,23,901278,올써지컬 탄생석 큐빅하트 데일리 레이어드 두줄 체인팔찌 발찌,홀릭,펜던트/참,2500,2026-02-24,
1806,3월_써지컬,2026-03-09,2026-04-03,24,900667,강추팔찌) 시크 블랙 별 써지컬스틸 매듭 팔찌,브루클린,매듭/가죽,5500,2026-02-23,
1806,3월_써지컬,2026-03-09,2026-04-03,25,900295,더블유아이 써지컬 하트 목걸이,더블유아이,펜던트(실버/써지컬),3500,2026-02-22,
1806,3월_써지컬,2026-03-09,2026-04-03,26,899697,세트인기) 십자가 앤틱 링 블랙 볼 슬라이드 써지컬스틸 팔찌,브루클린,펜던트/참,4500,2026-02-20,
1806,3월_써지컬,2026-03-09,2026-04-03,27,900294,더블유아이 써지컬 별 목걸이,더블유아이,펜던트(실버/써지컬),4000,2026-02-22,
1806,3월_써지컬,2026-03-09,2026-04-03,28,900292,더블유아이 써지컬 별 언발체인 목걸이,더블유아이,펜던트(실버/써지컬),4000,2026-02-22,
1806,3월_써지컬,2026-03-09,2026-04-03,29,899687,26SS) 하트 써지컬스틸 체인 토글바 목걸이,브루클린,펜던트(실버/써지컬),4500,2026-02-20,
1806,3월_써지컬,2026-03-09,2026-04-03,30,899628,26SS) 블랙 스마일 하트 별 펜던트 써지컬스틸 Y 슬라이드 목걸이,브루클린,펜던트(실버/써지컬),6500,2026-02-20,
1806,3월_써지컬,2026-03-09,2026-04-03,31,899625,26SS) 트윈 스타 별 펜던트 써지컬스틸 목걸이,브루클린,펜던트(실버/써지컬),4000,2026-02-20,
1806,3월_써지컬,2026-03-09,2026-04-03,32,899623,26SS) 더블 스파클 Y 스타일 써지컬스틸 목걸이,브루클린,펜던트(실버/써지컬),5500,2026-02-20,
1806,3월_써지컬,2026-03-09,2026-04-03,33,899467,라운드 별 써지컬스틸 목걸이,클로버,펜던트(실버/써지컬),5500,2026-02-19,
1806,3월_써지컬,2026-03-09,2026-04-03,34,899466,트리플 별 레이어드 써지컬스틸 목걸이,클로버,롱,5500,2026-02-19,
1806,3월_써지컬,2026-03-09,2026-04-03,35,899465,믹스 써지컬스틸 목걸이,클로버,초커,5000,2026-02-19,
1806,3월_써지컬,2026-03-09,2026-04-03,36,899462,비정형 써지컬스틸 롱 목걸이 4type,젠젠,펜던트(실버/써지컬),5000,2026-02-19,
1806,3월_써지컬,2026-03-09,2026-04-03,37,899459,나침별 써지컬스틸 목걸이,젠젠,펜던트(실버/써지컬),5000,2026-02-19,
1806,3월_써지컬,2026-03-09,2026-04-03,38,899458,볼볼하트 써지컬스틸 목걸이,젠젠,펜던트(비즈/에폭/아크릴),5000,2026-02-19,
1806,3월_써지컬,2026-03-09,2026-04-03,39,896412,꼬임 2mm 실반지 써지컬 반지,윤희패션,심플링(넌큐빅),2000,2026-02-12,
1806,3월_써지컬,2026-03-09,2026-04-03,40,896408,퀼팅 6mm 써지컬 반지,윤희패션,심플링(넌큐빅),3000,2026-02-12,
1806,3월_써지컬,2026-03-09,2026-04-03,41,896207,(써지컬) 포니 두글 목걸이,해피원,초커,9000,2026-02-12,
1806,3월_써지컬,2026-03-09,2026-04-03,42,896205,(써지컬) 나비르 목걸이,해피원,펜던트(비즈/에폭/아크릴),10000,2026-02-12,
1806,3월_써지컬,2026-03-09,2026-04-03,43,896199,(써지컬) 핑핑 여리 목걸이,해피원,초커,8000,2026-02-12,
1806,3월_써지컬,2026-03-09,2026-04-03,44,896191,(써지컬) 칼라 조약돌 목걸이,해피원,초커,10000,2026-02-12,
1806,3월_써지컬,2026-03-09,2026-04-03,45,896181,(써지컬) 러브써미 팔찌,해피원,심플(논펜던트),7000,2026-02-12,
1806,3월_써지컬,2026-03-09,2026-04-03,46,895864,별하트 목걸이 써지컬스틸 써지컬목걸이,BE201(비이공일),펜던트(실버/써지컬),3500,2026-02-11,
1806,3월_써지컬,2026-03-09,2026-04-03,47,892529,써지컬 통통하트 스틸 실물 예쁜 써지컬스틸 귀걸이,브루클린,스터드,3500,2026-02-09,
1806,3월_써지컬,2026-03-09,2026-04-03,48,890687,8각 써지컬 반지,윤희패션,심플링(넌큐빅),1200,2026-02-06,
1806,3월_써지컬,2026-03-09,2026-04-03,49,890196,R01 써지컬 스틸 남자 반지,온비아,볼드링,6000,2026-02-06,
1806,3월_써지컬,2026-03-09,2026-04-03,50,890163,NK 15종 써지컬 스틸 남여공용 목걸이,온비아,펜던트(메탈/큐빅/스톤/진주),3500,2026-02-06,
1806,3월_써지컬,2026-03-09,2026-04-03,51,889271,탄생석 큐빅 유리나비 미니하트 데일리 써지컬스틸 체인목걸이,홀릭,펜던트(실버/써지컬),3500,2026-02-05,
1806,3월_써지컬,2026-03-09,2026-04-03,52,889270,큐빅 유리나비 미니하트 데일리 써지컬스틸 체인목걸이,홀릭,펜던트(실버/써지컬),3500,2026-02-05,
1806,3월_써지컬,2026-03-09,2026-04-03,53,889269,큐빅 나뭇가지 미니꽃 데일리 써지컬스틸 체인목걸이,홀릭,펜던트(실버/써지컬),4000,2026-02-05,
1806,3월_써지컬,2026-03-09,2026-04-03,54,889177,[써지컬스틸반지세트]309 투하트 반지세트 케이스포함,동대문몰(카시오),오픈링,4000,2026-02-05,
1806,3월_써지컬,2026-03-09,2026-04-03,55,888684,비정형조절롱목걸이(써지컬),나니,펜던트(실버/써지컬),4000,2026-02-05,
1806,3월_써지컬,2026-03-09,2026-04-03,56,888664,바로크진주롱목걸이70cm(써지컬),나니,펜던트(실버/써지컬),3000,2026-02-05,
1806,3월_써지컬,2026-03-09,2026-04-03,57,888434,써지컬스틸 그린유리알 빈티지반지,수앤스틸,심플링(큐빅/스톤/진주),5000,2026-02-04,
1806,3월_써지컬,2026-03-09,2026-04-03,58,888432,써지컬스틸 블랙유리알 빈티지반지,수앤스틸,심플링(큐빅/스톤/진주),5000,2026-02-04,
1806,3월_써지컬,2026-03-09,2026-04-03,59,888431,써지컬스틸 트윙클체인 양면하트 목걸이,수앤스틸,펜던트(비즈/에폭/아크릴),3000,2026-02-04,
1806,3월_써지컬,2026-03-09,2026-04-03,60,888429,써지컬스틸 사이트하트 목걸이,수앤스틸,펜던트(실버/써지컬),3500,2026-02-04,
1806,3월_써지컬,2026-03-09,2026-04-03,61,887969,26SS) mix 체인 자석 여닫이 써지컬스틸 팔찌,브루클린,심플(논펜던트),5000,2026-02-04,
1806,3월_써지컬,2026-03-09,2026-04-03,62,885262,26SS) 리본 체인 스톤 글라스 믹스 써지컬스틸 팔찌,브루클린,심플(논펜던트),6500,2026-02-02,
1806,3월_써지컬,2026-03-09,2026-04-03,63,885244,26SS) 오로라 글라스 꽃 플라워 펜던트 써지컬스틸 매듭 목걸이,브루클린,펜던트(실버/써지컬),4000,2026-02-02,
1806,3월_써지컬,2026-03-09,2026-04-03,64,884501,강추팔찌) 앤틱 육각 써지컬스틸 펜던트 데일리 포인트 매듭 팔찌,브루클린,매듭/가죽,5500,2026-02-02,
1806,3월_써지컬,2026-03-09,2026-04-03,65,884500,강추팔찌) 시크 심플 써지컬스틸 체인 데일리 포인트 매듭 팔찌,브루클린,매듭/가죽,5500,2026-02-02,
1806,3월_써지컬,2026-03-09,2026-04-03,66,884449,NK04 써지컬 스틸 블랙엔틱 목걸이,온비아,펜던트(메탈/큐빅/스톤/진주),3500,2026-02-02,
1806,3월_써지컬,2026-03-09,2026-04-03,67,884439,B07 써지컬 스틸 별 엔틱 팔찌,온비아,심플(논펜던트),5500,2026-02-02,
1806,3월_써지컬,2026-03-09,2026-04-03,68,883509,B6 써지컬 스틸 자체제작 팔찌,온비아,펜던트/참,7500,2026-01-30,
1806,3월_써지컬,2026-03-09,2026-04-03,69,883177,B01 써지컬 스틸 원석 팔찌,온비아,펜던트/참,8500,2026-01-30,
1806,3월_써지컬,2026-03-09,2026-04-03,70,882665,별빛 큐빅 목걸이 _ 써지컬 별 목걸이 써지컬스틸,샤빌,펜던트(실버/써지컬),3500,2026-01-29,
1806,3월_써지컬,2026-03-09,2026-04-03,71,881712,(써지컬) 모어리 목걸이,해피원,초커,7000,2026-01-29,
1806,3월_써지컬,2026-03-09,2026-04-03,72,881711,(써지컬) 랭기지 목걸이,해피원,초커,9000,2026-01-29,
1806,3월_써지컬,2026-03-09,2026-04-03,73,881709,(써지컬) 가시번 체인 목걸이,해피원,펜던트(실버/써지컬),10000,2026-01-29,
1806,3월_써지컬,2026-03-09,2026-04-03,74,881706,(써지컬) 쫀쿠 목걸이,해피원,초커,9000,2026-01-29,
1806,3월_써지컬,2026-03-09,2026-04-03,75,881705,(써지컬) 일루 옷핀 목걸이,해피원,펜던트(메탈/큐빅/스톤/진주),8000,2026-01-29,
1806,3월_써지컬,2026-03-09,2026-04-03,76,881704,(써지컬) 본버스 목걸이,해피원,초커,9000,2026-01-29,
1806,3월_써지컬,2026-03-09,2026-04-03,77,881698,(써지컬) 밀그레이 목걸이,해피원,펜던트(실버/써지컬),9000,2026-01-29,
1806,3월_써지컬,2026-03-09,2026-04-03,78,881697,(써지컬) 웨릿 목걸이,해피원,펜던트(실버/써지컬),7000,2026-01-29,
1806,3월_써지컬,2026-03-09,2026-04-03,79,881695,(써지컬) 블랙실버 믹스체인 목걸이,해피원,펜던트(실버/써지컬),12000,2026-01-29,
1806,3월_써지컬,2026-03-09,2026-04-03,80,881694,(써지컬) 물결찡 초커 목걸이,해피원,펜던트(실버/써지컬),15000,2026-01-29,
1806,3월_써지컬,2026-03-09,2026-04-03,81,881678,(써지컬) 헤마파이프 팔찌,해피원,심플(논펜던트),7000,2026-01-29,
1806,3월_써지컬,2026-03-09,2026-04-03,82,881677,(써지컬) 달랑체인 볼팔찌,해피원,펜던트/참,8000,2026-01-29,
1806,3월_써지컬,2026-03-09,2026-04-03,83,881676,(써지컬) 투라인 별체인 팔찌,해피원,심플(논펜던트),9000,2026-01-29,
1806,3월_써지컬,2026-03-09,2026-04-03,84,881675,(써지컬) 동글동글 팔찌,해피원,심플(논펜던트),10000,2026-01-29,
1806,3월_써지컬,2026-03-09,2026-04-03,85,881648,(써지컬) 쿠앤 세트 목걸이,해피원,펜던트(비즈/에폭/아크릴),10000,2026-01-29,
1806,3월_써지컬,2026-03-09,2026-04-03,86,881637,(써지컬) 트윙클 스타포 목걸이,해피원,초커,8000,2026-01-29,
1806,3월_써지컬,2026-03-09,2026-04-03,87,881643,(써지컬) 사슬 체인별 목걸이,해피원,펜던트(실버/써지컬),12000,2026-01-29,
1806,3월_써지컬,2026-03-09,2026-04-03,88,881568,엔틱 크롬 십자가 원터치 귀걸이 써지컬스틸,성하스틸,링/원터치,3500,2026-01-28,
1806,3월_써지컬,2026-03-09,2026-04-03,89,881161,써지컬스틸 로마 숫자 반지 (2color),스틸팔구,심플링(넌큐빅),2000,2026-01-28,
1806,3월_써지컬,2026-03-09,2026-04-03,90,881142,26SS) 유니크 포인트 실버 골드 오픈링 써지컬스틸 반지,브루클린,오픈링,3000,2026-01-28,
1806,3월_써지컬,2026-03-09,2026-04-03,91,881135,26SS) 별 포인트 볼 체인 Y 슬라이드 써지컬스틸 목걸이,브루클린,펜던트(실버/써지컬),5500,2026-01-28,
1806,3월_써지컬,2026-03-09,2026-04-03,92,880801,26SS) 투톤 실버 골드 믹스 콤비 두줄 링 스타일 써지컬스틸 귀걸이,브루클린,스터드,4500,2026-01-28,
1806,3월_써지컬,2026-03-09,2026-04-03,93,880703,26SS) 별 포인트 체인 슬라이드 써지컬스틸 팔찌,브루클린,펜던트/참,4500,2026-01-28,
1806,3월_써지컬,2026-03-09,2026-04-03,94,880699,26SS) 소라 불가사리 데일리 포인트 Y 슬라이드 써지컬스틸 목걸이,브루클린,롱,6500,2026-01-28,
1806,3월_써지컬,2026-03-09,2026-04-03,95,880553,26SS) 원석 미니 별 펜던트 믹스 체인 슬라이드 써지컬스틸 목걸이,브루클린,펜던트(메탈/큐빅/스톤/진주),6500,2026-01-28,
1806,3월_써지컬,2026-03-09,2026-04-03,96,880523,26SS) 원석 미니 별 펜던트 믹스 체인 슬라이드 써지컬스틸 팔찌,브루클린,펜던트/참,4500,2026-01-28,
1806,3월_써지컬,2026-03-09,2026-04-03,97,880470,26SS) 결 하트 Y 슬라이드 써지컬스틸 목걸이,브루클린,롱,5500,2026-01-28,
1806,3월_써지컬,2026-03-09,2026-04-03,98,879112,올써지컬 도트하트 그라데이션 에폭 화이트 블랙 리본 체인목걸이,홀릭,펜던트(실버/써지컬),3000,2026-01-27,
1806,3월_써지컬,2026-03-09,2026-04-03,99,879111,올써지컬 도트하트 자개 오닉스 진주 에폭 화이트 블랙 리본 체인목걸이,홀릭,펜던트(실버/써지컬),3000,2026-01-27,
1806,3월_써지컬,2026-03-09,2026-04-03,100,879110,올써지컬 자개 오닉스 클로버 큐빅별 에폭 화이트 블랙 볼체인 레이어드 두줄목걸이,홀릭,펜던트(실버/써지컬),3500,2026-01-27,
1806,3월_써지컬,2026-03-09,2026-04-03,101,879096,써지컬 스파이크 링 귀걸이 _ 원터치 링 귀걸이,샤빌,링/원터치,3500,2026-01-27,
1806,3월_써지컬,2026-03-09,2026-04-03,102,878271,써지컬 드롭 엔틱 하트 피어싱,유얼뉴링스,드롭,1600,2026-01-26,
1806,3월_써지컬,2026-03-09,2026-04-03,103,878339,써지컬스틸 트라이벌 드롭피어싱,유얼뉴링스,드롭,1800,2026-01-26,
1806,3월_써지컬,2026-03-09,2026-04-03,104,878264,써지컬스틸 자개 클로버 드롭피어싱,유얼뉴링스,드롭,1600,2026-01-26,
1806,3월_써지컬,2026-03-09,2026-04-03,105,878051,"데일리팔찌,액막이,물고기,클로버,레이어드,실버,봄신상,국산 [럭키 써지컬팔찌]",미미가,레이어드,6000,2026-01-26,
1806,3월_써지컬,2026-03-09,2026-04-03,106,877936,[블랙하트] 글라스 하트 써지컬스틸 앤틱 스타일 매듭 슬라이드 목걸이,BROOKLYN nature,롱,5000,2026-01-26,
1806,3월_써지컬,2026-03-09,2026-04-03,107,877932,26SS) 블랙 스파클 펜던트 체인 써지컬스틸 슬라이드 목걸이,브루클린,롱,6500,2026-01-26,
1806,3월_써지컬,2026-03-09,2026-04-03,108,877909,26SS) 블랙 글라스 하트 써지컬스틸 앤틱 링 매듭 슬라이드 목걸이,브루클린,롱,5000,2026-01-26,
1806,3월_써지컬,2026-03-09,2026-04-03,109,877817,26SS) 육각 코인 펜던트 데일리 포인트 써지컬 스틸 팔찌,브루클린,펜던트/참,4500,2026-01-26,
1806,3월_써지컬,2026-03-09,2026-04-03,110,877791,26SS) 스파클 코인 라운드 펜던트 별빛 써지컬스틸 목걸이,브루클린,펜던트(실버/써지컬),4000,2026-01-26,
1806,3월_써지컬,2026-03-09,2026-04-03,111,877702,26SS) 앤틱 실버 3컬러 스톤 볼 슬라이드 써지컬스틸 팔찌,브루클린,펜던트/참,5000,2026-01-26,
1806,3월_써지컬,2026-03-09,2026-04-03,112,877625,26SS) 글라스 투명 볼 써지컬 별 뱀줄 슬라이드 써지컬스틸 목걸이,브루클린,롱,5500,2026-01-26,
1806,3월_써지컬,2026-03-09,2026-04-03,113,877146,26SS) 천사의 날개 데일리 포인트 실버 써지컬스틸 목걸이,브루클린,펜던트(실버/써지컬),4000,2026-01-26,
1806,3월_써지컬,2026-03-09,2026-04-03,114,877145,26SS) 스파클 펜던트 별 데일리 포인트 써지컬스틸 목걸이,브루클린,펜던트(실버/써지컬),4000,2026-01-26,
1806,3월_써지컬,2026-03-09,2026-04-03,115,876946,별별 모음 써지컬스틸 목걸이 8종,클로버,펜던트(실버/써지컬),3500,2026-01-25,
1806,3월_써지컬,2026-03-09,2026-04-03,116,876940,둥근꽃 써지컬스틸 목걸이,클로버,펜던트(실버/써지컬),4500,2026-01-25,
1806,3월_써지컬,2026-03-09,2026-04-03,117,876939,타이니 포인트 써지컬스틸 목걸이,클로버,펜던트(실버/써지컬),5500,2026-01-25,
1806,3월_써지컬,2026-03-09,2026-04-03,118,876937,유니크 별체인 써지컬스틸 목걸이,클로버,펜던트(실버/써지컬),6000,2026-01-25,
1806,3월_써지컬,2026-03-09,2026-04-03,119,876934,꼬불별 써지컬스틸 목걸이 2color,클로버,펜던트(실버/써지컬),5000,2026-01-25,
1806,3월_써지컬,2026-03-09,2026-04-03,120,876932,더블별 써지컬스틸 목걸이,클로버,펜던트(실버/써지컬),5500,2026-01-25,
1806,3월_써지컬,2026-03-09,2026-04-03,121,876928,하트 영롱 써지컬스틸 반지,젠젠,심플링(큐빅/스톤/진주),4500,2026-01-25,
1806,3월_써지컬,2026-03-09,2026-04-03,122,876927,페이지 써지컬스틸 반지,젠젠,심플링(넌큐빅),4000,2026-01-25,
1806,3월_써지컬,2026-03-09,2026-04-03,123,876924,볼드 꼬임 써지컬스틸 반지,젠젠,심플링(넌큐빅),4000,2026-01-25,
1806,3월_써지컬,2026-03-09,2026-04-03,124,876923,스퀘어 큐빅 써지컬스틸 반지,젠젠,심플링(큐빅/스톤/진주),4000,2026-01-25,
1806,3월_써지컬,2026-03-09,2026-04-03,125,876920,도톰 하트 써지컬스틸 반지,젠젠,심플링(넌큐빅),4000,2026-01-25,
1806,3월_써지컬,2026-03-09,2026-04-03,126,876918,레이스큐빅 써지컬스틸 반지,젠젠,심플링(큐빅/스톤/진주),4000,2026-01-25,
1806,3월_써지컬,2026-03-09,2026-04-03,127,876916,물결 써지컬스틸 반지,젠젠,심플링(넌큐빅),4000,2026-01-25,
1806,3월_써지컬,2026-03-09,2026-04-03,128,876913,펀칭별 써지컬스틸 반지,젠젠,심플링(넌큐빅),4000,2026-01-25,
1806,3월_써지컬,2026-03-09,2026-04-03,129,876246,26SS) 실버 스파클 펜던트 슬라이드 위치 변경 써지컬스틸 목걸이,브루클린,롱,5500,2026-01-23,
1806,3월_써지컬,2026-03-09,2026-04-03,130,876231,26SS) 블랙 스파클 펜던트 슬라이드 볼 리본 체인 써지컬스틸 목걸이,브루클린,롱,5500,2026-01-23,
1806,3월_써지컬,2026-03-09,2026-04-03,131,876225,26SS) 스톤 별 라운드 체인 써지컬스틸 목걸이,브루클린,펜던트(메탈/큐빅/스톤/진주),4500,2026-01-23,
1806,3월_써지컬,2026-03-09,2026-04-03,132,876221,26SS) (한개) 가는 웨이브 이어커프 귀찌 써지컬스틸 귀걸이,브루클린,커프/클립/귀찌,2500,2026-01-23,
1806,3월_써지컬,2026-03-09,2026-04-03,133,876218,26SS) 블랙 스파클 펜던트 슬라이드 볼 체인 써지컬스틸 팔찌,브루클린,펜던트/참,4500,2026-01-23,
1806,3월_써지컬,2026-03-09,2026-04-03,134,876214,26SS) 볼드 키치 둥근 사각 유니크 스타일 써지컬스틸 귀걸이,브루클린,스터드,4000,2026-01-23,
1806,3월_써지컬,2026-03-09,2026-04-03,135,876208,26SS) 하트 라인 7호 실버 골드 데일리 써지컬스틸 반지,브루클린,심플링(넌큐빅),3500,2026-01-23,
1806,3월_써지컬,2026-03-09,2026-04-03,136,876203,26SS) 어글리 하트 큐빅 실버 써지컬스틸 귀걸이,브루클린,스터드,4500,2026-01-23,
1806,3월_써지컬,2026-03-09,2026-04-03,137,875644,써지컬 미니체인 목걸이 3종,스틸오,초커,2500,2026-01-23,
1806,3월_써지컬,2026-03-09,2026-04-03,138,875639,써지컬 캐츠아이 팬던트 팔찌,스틸오,펜던트/참,2500,2026-01-23,
1806,3월_써지컬,2026-03-09,2026-04-03,139,875638,써지컬 컬러캐츠아이 팔찌,스틸오,펜던트/참,6000,2026-01-23,
1806,3월_써지컬,2026-03-09,2026-04-03,140,874741,써지컬스틸 반원 큐빅 반지 (2color),스틸팔구,심플링(큐빅/스톤/진주),3500,2026-01-22,
1806,3월_써지컬,2026-03-09,2026-04-03,141,874722,써지컬스틸 1mm 물결 컷팅 반지 (3color),스틸팔구,심플링(넌큐빅),1500,2026-01-22,
1806,3월_써지컬,2026-03-09,2026-04-03,142,874593,써지컬 자개 오닉스 큐빅 초승달 별빛 체인목걸이,홀릭,펜던트(실버/써지컬),3000,2026-01-22,
1806,3월_써지컬,2026-03-09,2026-04-03,143,873618,써지컬 버블 물고기드롭,유얼뉴링스,드롭,1900,2026-01-21,
1806,3월_써지컬,2026-03-09,2026-04-03,144,873615,로즈골드 골드 실버 써지컬 반지 링 하트 러블리 레이어드 알러지 방지 데일리 우정 소품샵,위드삐삐마켓,심플링(넌큐빅),4000,2026-01-21,
1806,3월_써지컬,2026-03-09,2026-04-03,145,873547,써지컬 세일러문 날개 하트요술봉 미니하트 체인목걸이,홀릭,펜던트(실버/써지컬),3000,2026-01-21,
1806,3월_써지컬,2026-03-09,2026-04-03,146,873532,써지컬 리본 사선피어싱,유얼뉴링스,사선,4000,2026-01-21,
1806,3월_써지컬,2026-03-09,2026-04-03,147,873514,큐빅 별빛 행성하트 클로버 써지컬 체인목걸이 귀걸이,홀릭,드롭,3500,2026-01-21,
1806,3월_써지컬,2026-03-09,2026-04-03,148,873000,써지컬스틸 반큐빅 반지 (2color),스틸팔구,심플링(큐빅/스톤/진주),3500,2026-01-21,
1806,3월_써지컬,2026-03-09,2026-04-03,149,872675,원석물고기반지(써지컬),나니,비즈링,5000,2026-01-21,
1806,3월_써지컬,2026-03-09,2026-04-03,150,872183,큐빅 별빛 행성하트 써지컬 레이어드 체인목걸이,홀릭,펜던트(실버/써지컬),2500,2026-01-20,
1806,3월_써지컬,2026-03-09,2026-04-03,151,871389,물방울 써지컬스틸 링,유얼뉴링스,링,2000,2026-01-20,
1806,3월_써지컬,2026-03-09,2026-04-03,152,871322,고양이자개반지(써지컬),나니,비즈링,5000,2026-01-20,
1806,3월_써지컬,2026-03-09,2026-04-03,153,870886,호마이카 우주 구슬 지구 에폭시 미니 쁘띠 큐빅 써지컬 포인트 행운 소품샵 피어싱 귀걸이,위드삐삐마켓,바벨,1350,2026-01-19,
1806,3월_써지컬,2026-03-09,2026-04-03,154,870885,블랙 시크 미니 써지컬 자체제작 팔찌 십자가 교회 기독교 럭키 알러지 방지 데일리 남녀 공,위드삐삐마켓,펜던트/참,6000,2026-01-19,
1806,3월_써지컬,2026-03-09,2026-04-03,155,869781,오닉스롱목걸이(써지컬),나니,펜던트(메탈/큐빅/스톤/진주),5000,2026-01-19,
1806,3월_써지컬,2026-03-09,2026-04-03,156,868669,new TWIST 꼬임 써지컬반지 ㆍ진공골드,브루클린,심플링(넌큐빅),3500,2026-01-17,
1806,3월_써지컬,2026-03-09,2026-04-03,157,868460,써지컬 콩알 목걸이,스틸오,펜던트(실버/써지컬),2500,2026-01-16,
1806,3월_써지컬,2026-03-09,2026-04-03,158,868456,써지컬 뱀꼬임 귀걸이,스틸오,스터드,4000,2026-01-16,
1806,3월_써지컬,2026-03-09,2026-04-03,159,867883,26SS) mix 체인 기본 데일리 레이어드 써지컬 스틸 팔찌,브루클린,심플(논펜던트),4500,2026-01-16,
1806,3월_써지컬,2026-03-09,2026-04-03,160,867881,26SS) 도넛 천연석 써지컬 스틸 슬라이드 팔찌,브루클린,펜던트/참,4500,2026-01-16,
1806,3월_써지컬,2026-03-09,2026-04-03,161,867809,26SS) 별 볼 체인 써지컬 스틸 Y 슬라이드 목걸이,브루클린,펜던트(실버/써지컬),5500,2026-01-16,
1806,3월_써지컬,2026-03-09,2026-04-03,162,867808,26SS) 통통 하트 볼 체인 써지컬 스틸 Y 슬라이드 목걸이,브루클린,펜던트(실버/써지컬),6000,2026-01-16,
1806,3월_써지컬,2026-03-09,2026-04-03,163,867771,26SS) 투볼 체인 써지컬 스틸 Y 슬라이드 목걸이,브루클린,펜던트(실버/써지컬),6500,2026-01-16,
1806,3월_써지컬,2026-03-09,2026-04-03,164,867728,탄생석 진주 큐빅 미니큐브 써지컬 레이어드 체인목걸이,홀릭,펜던트(메탈/큐빅/스톤/진주),2000,2026-01-16,
1806,3월_써지컬,2026-03-09,2026-04-03,165,867457,엔틱 하트 로켓 써지컬스틸 목걸이 사진 뚜껑,감성놀이,펜던트(실버/써지컬),4000,2026-01-15,
1806,3월_써지컬,2026-03-09,2026-04-03,166,866782,변색없는 올써지컬 탄생석 도트하트 레이어드 체인목걸이,홀릭,펜던트(실버/써지컬),2500,2026-01-15,
1806,3월_써지컬,2026-03-09,2026-04-03,167,866463,(써지컬) 원석통통 하트끈 목걸이,해피원,펜던트(메탈/큐빅/스톤/진주),9000,2026-01-15,
1806,3월_써지컬,2026-03-09,2026-04-03,168,866464,(써지컬) 경과물 목걸이,해피원,펜던트(메탈/큐빅/스톤/진주),9000,2026-01-15,
1806,3월_써지컬,2026-03-09,2026-04-03,169,866461,(써지컬) 로미와르 목걸이,해피원,펜던트(메탈/큐빅/스톤/진주),8000,2026-01-15,
1806,3월_써지컬,2026-03-09,2026-04-03,170,866457,(써지컬) 볼드박스 목걸이,해피원,롱,10000,2026-01-15,
1806,3월_써지컬,2026-03-09,2026-04-03,171,866452,(써지컬) 링클스타 목걸이,해피원,펜던트(메탈/큐빅/스톤/진주),7000,2026-01-15,
1806,3월_써지컬,2026-03-09,2026-04-03,172,866439,(써지컬) 블루볼 플라워 목걸이,해피원,초커,10000,2026-01-15,
1806,3월_써지컬,2026-03-09,2026-04-03,173,866438,(써지컬) 또아리 브라운 목걸이,해피원,펜던트(비즈/에폭/아크릴),7000,2026-01-15,
1806,3월_써지컬,2026-03-09,2026-04-03,174,866436,(써지컬) 원석클립 별 목걸이,해피원,펜던트(비즈/에폭/아크릴),8000,2026-01-15,
1806,3월_써지컬,2026-03-09,2026-04-03,175,866435,(써지컬) 워니 목걸이,해피원,롱,9000,2026-01-15,
1806,3월_써지컬,2026-03-09,2026-04-03,176,866433,(써지컬) 티떠블유 목걸이,해피원,초커,7000,2026-01-15,
1806,3월_써지컬,2026-03-09,2026-04-03,177,866428,(써지컬) 여가 목걸이,해피원,초커,8000,2026-01-15,
1806,3월_써지컬,2026-03-09,2026-04-03,178,866424,(써지컬) 민낙 목걸이,해피원,초커,9000,2026-01-15,
1806,3월_써지컬,2026-03-09,2026-04-03,179,866414,(써지컬) 와피트 목걸이,해피원,롱,7000,2026-01-15,
1806,3월_써지컬,2026-03-09,2026-04-03,180,866405,(써지컬) 슬러 목걸이,해피원,펜던트(메탈/큐빅/스톤/진주),7000,2026-01-15,
1806,3월_써지컬,2026-03-09,2026-04-03,181,866389,(써지컬) 크놈스타 목걸이,해피원,펜던트(메탈/큐빅/스톤/진주),7000,2026-01-15,
1806,3월_써지컬,2026-03-09,2026-04-03,182,866384,(써지컬) 클리어 띠리 목걸이,해피원,펜던트(실버/써지컬),8000,2026-01-15,
1806,3월_써지컬,2026-03-09,2026-04-03,183,866298,써지컬스틸 업사이드 브이 목걸이,수앤스틸,펜던트(실버/써지컬),3000,2026-01-14,
1806,3월_써지컬,2026-03-09,2026-04-03,184,866297,써지컬스틸 미니원석 트윙클 목걸이,수앤스틸,펜던트(비즈/에폭/아크릴),3000,2026-01-14,
1806,3월_써지컬,2026-03-09,2026-04-03,185,866296,써지컬스틸 초미니 하트 실반지,수앤스틸,심플링(넌큐빅),2000,2026-01-14,
1806,3월_써지컬,2026-03-09,2026-04-03,186,866287,리본 발레코어 미니 쁘띠 큐빅 실버 골드 써지컬 포인트 행운 소품샵 피어싱 귀걸이,위드삐삐마켓,바벨,3400,2026-01-14,
1806,3월_써지컬,2026-03-09,2026-04-03,187,866286,날개 천사 별 스타 미니 쁘띠 큐빅 실버 골드 써지컬 포인트 행운 소품샵 피어싱 귀걸이,위드삐삐마켓,바벨,3000,2026-01-14,
1806,3월_써지컬,2026-03-09,2026-04-03,188,866260,탄생석 큐빅플라워 데일리 써지컬 체인목걸이,홀릭,펜던트(메탈/큐빅/스톤/진주),2500,2026-01-14,
1806,3월_써지컬,2026-03-09,2026-04-03,189,866250,탄생석 큐빅 하트꽃 써지컬 체인목걸이,홀릭,펜던트(메탈/큐빅/스톤/진주),2000,2026-01-14,
1806,3월_써지컬,2026-03-09,2026-04-03,190,863456,3체인mix 매듭 써지컬 팔찌,브루클린,펜던트/참,5000,2026-01-12,
1806,3월_써지컬,2026-03-09,2026-04-03,191,863442,슬라이딩 다이아스타 써지컬팔찌,브루클린,펜던트/참,4500,2026-01-12,
1806,3월_써지컬,2026-03-09,2026-04-03,192,863418,[도미니카목] 천연자개 글라스 무알러지 써지컬스틸 패션 비즈 목걸이,BROOKLYN nature,펜던트(비즈/에폭/아크릴),6000,2026-01-12,
1806,3월_써지컬,2026-03-09,2026-04-03,193,863417,[도미니카] 천연자개 글라스 무알러지 써지컬스틸 패션 팔찌,BROOKLYN nature,비즈,4500,2026-01-12,
1806,3월_써지컬,2026-03-09,2026-04-03,194,861682,변색없는 올써지컬 탄생석 도트타원 레이어드 체인목걸이,홀릭,펜던트(실버/써지컬),2500,2026-01-10,
1810,3월_롱스커트,2026-03-09,2026-03-26,0,911109,플리츠 불규칙 롱 스커트,이츠벨라,롱스커트,15000,2026-03-09,
1810,3월_롱스커트,2026-03-09,2026-03-26,1,909485,어즈 배색 SK,블랙코튼,롱스커트,10000,2026-03-05,
1810,3월_롱스커트,2026-03-09,2026-03-26,2,909450,엘리나 레이스 밴딩 스커트 66317,스코프,롱스커트,15000,2026-03-05,
1810,3월_롱스커트,2026-03-09,2026-03-26,3,908806,도트프릴 롱스커트(밴딩 쉬폰,코코블리,롱스커트,13000,2026-03-05,
1810,3월_롱스커트,2026-03-09,2026-03-26,4,908110,롱 트위드 스커트,도파민,롱스커트,13000,2026-03-04,
1810,3월_롱스커트,2026-03-09,2026-03-26,5,908095,롱 슬릿 레더 스커트,도파민,롱스커트,13000,2026-03-04,
1810,3월_롱스커트,2026-03-09,2026-03-26,6,907799,(26SS)땡캉치마,사이다,롱스커트,19000,2026-03-03,
1810,3월_롱스커트,2026-03-09,2026-03-26,7,907793,미브 맥시 롱 SK,플라워문,롱스커트,13000,2026-03-03,
1810,3월_롱스커트,2026-03-09,2026-03-26,8,907752,롱스커트 4980,위온,롱스커트,25500,2026-03-03,
1810,3월_롱스커트,2026-03-09,2026-03-26,9,907416,sale 이중프릴스커트,브로떼,롱스커트,20000,2026-03-03,
1810,3월_롱스커트,2026-03-09,2026-03-26,10,907322,펀칭 아일렛 레이스 스커트,반하다,롱스커트,19000,2026-03-03,
1810,3월_롱스커트,2026-03-09,2026-03-26,11,906621,"26SS,보헤시크 맥시멀 맥시스커트",퀸더힐,롱스커트,27000,2026-02-28,
1810,3월_롱스커트,2026-03-09,2026-03-26,12,906594,"26SS,발레코어 프릴 롱스커트",퀸더힐,롱스커트,27000,2026-02-28,
1810,3월_롱스커트,2026-03-09,2026-03-26,13,906514,"26SS,방울방울 도트 스커트",퀸더힐,롱스커트,19000,2026-02-28,
1810,3월_롱스커트,2026-03-09,2026-03-26,14,905979,211삼단캉캉스커트,더클리닝,롱스커트,10000,2026-02-27,
1810,3월_롱스커트,2026-03-09,2026-03-26,15,905909,6057면캉캉스커트,더클리닝,롱스커트,10000,2026-02-27,
1810,3월_롱스커트,2026-03-09,2026-03-26,16,905727,꽃잎 자수 스커트,무새,롱스커트,13000,2026-02-26,
1810,3월_롱스커트,2026-03-09,2026-03-26,17,905725,사스루 꽃잎송이 스커트,무새,롱스커트,13000,2026-02-26,
1810,3월_롱스커트,2026-03-09,2026-03-26,18,904653,"26SS,보호시크 레이스 사틴스커트",퀸더힐,롱스커트,23000,2026-02-26,
1810,3월_롱스커트,2026-03-09,2026-03-26,19,902960,분또트임SK,오아르(OAR),롱스커트,19000,2026-02-25,
1810,3월_롱스커트,2026-03-09,2026-03-26,20,902941,가죽롱s,조이,롱스커트,21000,2026-02-25,
1810,3월_롱스커트,2026-03-09,2026-03-26,21,902921,엘라sk,미니멀,롱스커트,12000,2026-02-24,
1810,3월_롱스커트,2026-03-09,2026-03-26,22,901649,버블레이스SK,위크플랜,롱스커트,22000,2026-02-24,
1810,3월_롱스커트,2026-03-09,2026-03-26,23,901213,3단 레이스 스커트,무새,롱스커트,13000,2026-02-24,
1810,3월_롱스커트,2026-03-09,2026-03-26,24,901199,꽃잎 프릴 레이스 스커트,무새,롱스커트,15000,2026-02-24,
1810,3월_롱스커트,2026-03-09,2026-03-26,25,901175,머메이드절개,조이,롱스커트,14000,2026-02-23,
1810,3월_롱스커트,2026-03-09,2026-03-26,26,900455,와이드 밴딩 스커트,썸머문,롱스커트,25000,2026-02-23,
1810,3월_롱스커트,2026-03-09,2026-03-26,27,899557,하와이SK (재진행 안감있음 밴딩 롱 스커트),더블에이치,롱스커트,12000,2026-02-20,
1810,3월_롱스커트,2026-03-09,2026-03-26,28,899435,소프트랩롱스커트(봄신상 레이어드 드레이프 프릴 끈 매듭),플랫유,롱스커트,14000,2026-02-19,
1810,3월_롱스커트,2026-03-09,2026-03-26,29,899434,루나플리츠스커트(봄신상 밴딩 a라인 핀턱 주름 롱 안감 맥시),플랫유,롱스커트,24000,2026-02-19,
1810,3월_롱스커트,2026-03-09,2026-03-26,30,899424,젤리빈SK (밴딩 맥시 롱스커트 미디 안감 속치마 플라워 꽃 셔링 브이핀탁 레이어드신상),샷건,롱스커트,27000,2026-02-19,
1810,3월_롱스커트,2026-03-09,2026-03-26,31,898048,터드 스커트,로웰,롱스커트,26000,2026-02-13,
1810,3월_롱스커트,2026-03-09,2026-03-26,32,896203,레이스청 sk,바비제이,롱스커트,19000,2026-02-12,
1810,3월_롱스커트,2026-03-09,2026-03-26,33,894996,605샤르르벌룬스커트,더클리닝,롱스커트,9000,2026-02-11,
1810,3월_롱스커트,2026-03-09,2026-03-26,34,894990,5405샤랄라프릴치마,더클리닝,롱스커트,13000,2026-02-11,
1810,3월_롱스커트,2026-03-09,2026-03-26,35,894671,sale 아이린sk,브로떼,롱스커트,27000,2026-02-11,
1810,3월_롱스커트,2026-03-09,2026-03-26,36,890115,포코 스커트,로웰,롱스커트,26000,2026-02-06,
1810,3월_롱스커트,2026-03-09,2026-03-26,37,887967,긴치마 캐주얼 하객룩 에이라인 롱 기장 밴딩 스커트 LD-937,리더스셀러,롱스커트,14500,2026-02-04,
1810,3월_롱스커트,2026-03-09,2026-03-26,38,887178,(롱스커트) 씨엘 롱데님 스커트 핀턱청치마 뒤 허리밴딩 롱치마 플레어 플리츠,브리밍,롱스커트,16000,2026-02-04,
1810,3월_롱스커트,2026-03-09,2026-03-26,39,886108,쉬폰맥시스커트,보네르,롱스커트,27000,2026-02-03,
1810,3월_롱스커트,2026-03-09,2026-03-26,40,886044,리본케이크 롱치마,데이원(dayone),롱스커트,11000,2026-02-03,
1810,3월_롱스커트,2026-03-09,2026-03-26,41,882977,6003-6다이나믹캉캉스커트,더클리닝,롱스커트,13000,2026-01-30,
1810,3월_롱스커트,2026-03-09,2026-03-26,42,882445,트리플 도트 지브라 플리츠 주름 치마 259,스코프,롱스커트,16000,2026-01-29,
1810,3월_롱스커트,2026-03-09,2026-03-26,43,880286,르제이 로우스커트 머메이드스커트,르제이,롱스커트,24000,2026-01-28,
1810,3월_롱스커트,2026-03-09,2026-03-26,44,880386,해피캉캉SK,이퓨,롱스커트,12000,2026-01-28,
1810,3월_롱스커트,2026-03-09,2026-03-26,45,879351,796진청_뒷밴딩 뒷트임 브러시 맥시스커트 데님스커트 청치마,댄지,롱스커트,21000,2026-01-27,
1810,3월_롱스커트,2026-03-09,2026-03-26,46,879347,796흑청_허리 뒷밴딩 가을 뒷트임 맥시 청스커트 데님 청치마,댄지,롱스커트,21000,2026-01-27,
1810,3월_롱스커트,2026-03-09,2026-03-26,47,879324,(봄신상)793_터널밴딩 A라인 봄신상 아웃포켓 맥시 롱스커트 데님,댄지,롱스커트,22000,2026-01-27,
1810,3월_롱스커트,2026-03-09,2026-03-26,48,878267,642진청_봄 A라인 와이드핏 옆포켓 밴딩 맥시 롱스커트 데님(봄신상),댄지,롱스커트,22000,2026-01-26,
1810,3월_롱스커트,2026-03-09,2026-03-26,49,878269,"642연청_밴딩 A라인 맥시스커트 와이드 옆포켓 롱치마데님(봄,가을신상)",댄지,롱스커트,22000,2026-01-26,
1810,3월_롱스커트,2026-03-09,2026-03-26,50,878261,642검정_A라인 뒷밴딩 와이드 옆포켓 맥시롱스커트 데님스커트(봄 신상),댄지,롱스커트,22000,2026-01-26,
1810,3월_롱스커트,2026-03-09,2026-03-26,51,878183,721_와이드 터널밴딩 사선절개 논페이드 맥시롱스커트 데님sk(봄신상),댄지,롱스커트,23000,2026-01-26,
1810,3월_롱스커트,2026-03-09,2026-03-26,52,878093,(봄신상)2703_히든밴딩 H라인 미시룩 맥시 트임 롱스커트 데님SK,댄지,롱스커트,22000,2026-01-26,
1810,3월_롱스커트,2026-03-09,2026-03-26,53,877996,607진청_와이드 뒷밴딩 데님 맥시롱스커트 데님 청스커트(봄신상),댄지,롱스커트,22000,2026-01-26,
1810,3월_롱스커트,2026-03-09,2026-03-26,54,877994,607_와이드 뒷밴딩 쪽데님 맥시롱스커트 데님 청스커트(봄신상),댄지,롱스커트,22000,2026-01-26,
1810,3월_롱스커트,2026-03-09,2026-03-26,55,877111,프릴 레이스 스커트 1,무새,롱스커트,14000,2026-01-26,
1810,3월_롱스커트,2026-03-09,2026-03-26,56,877107,주문폭주)5줄 롱스커트,로라,롱스커트,12000,2026-01-26,
1810,3월_롱스커트,2026-03-09,2026-03-26,57,875570,파인맥시롱스커트(봄신상 밴딩 슬릿 트임 h라인 스판 베이직 하객룩),플랫유,롱스커트,16000,2026-01-23,
1810,3월_롱스커트,2026-03-09,2026-03-26,58,875294,로니SK,이퓨,롱스커트,18000,2026-01-23,
1810,3월_롱스커트,2026-03-09,2026-03-26,59,875039,"26ss,신상, 러플러플 도트 스커트",퀸더힐,롱스커트,27000,2026-01-22,
1810,3월_롱스커트,2026-03-09,2026-03-26,60,874908,메리즈 레이스 롱 스커트 8762,스코프,롱스커트,18000,2026-01-22,
1810,3월_롱스커트,2026-03-09,2026-03-26,61,874015,샤롱스커트,제이투,롱스커트,10000,2026-01-22,
1810,3월_롱스커트,2026-03-09,2026-03-26,62,873809,레이 샤 스커트,로웰,롱스커트,24000,2026-01-22,
1810,3월_롱스커트,2026-03-09,2026-03-26,63,872470,빅터SK,이퓨,롱스커트,14000,2026-01-21,
1810,3월_롱스커트,2026-03-09,2026-03-26,64,872326,26ss)샤랄라 롱스커트,로라,롱스커트,13000,2026-01-21,
1810,3월_롱스커트,2026-03-09,2026-03-26,65,868895,미츠롱SK,에이트글로우,롱스커트,33000,2026-01-18,
1810,3월_롱스커트,2026-03-09,2026-03-26,66,868892,띠어링SK,에이트글로우,롱스커트,27000,2026-01-18,
1810,3월_롱스커트,2026-03-09,2026-03-26,67,865226,다이브캉캉SK,이퓨,롱스커트,12000,2026-01-14,
1810,3월_롱스커트,2026-03-09,2026-03-26,68,863261,25fw) 블랑 울 롱 스커트,크리스피칩스,롱스커트,24000,2026-01-12,
1810,3월_롱스커트,2026-03-09,2026-03-26,69,862732,W 체크 모직 스커트팬츠 퀼팅 롱 랩스타일 밴딩 포켓,트왈렛,롱스커트,30000,2026-01-12,
1810,3월_롱스커트,2026-03-09,2026-03-26,70,862649,A라인 레더 롱 스커트 모던 플레어 핏 밴딩 허리,유레카,롱스커트,20000,2026-01-12,
1810,3월_롱스커트,2026-03-09,2026-03-26,71,862486,아리SK 포켓 절개 펌킨 항아리핏 입체 밴딩 롱스커트,모콰,롱스커트,11000,2026-01-12,
1810,3월_롱스커트,2026-03-09,2026-03-26,72,862488,루나 주름 플리츠 맞주름 뒤밴딩 롱스커트,모콰,롱스커트,10000,2026-01-12,
1810,3월_롱스커트,2026-03-09,2026-03-26,73,862285,스마트 체크 롱스커트 모직 융 2가지버전,아크라,롱스커트,17000,2026-01-12,
1810,3월_롱스커트,2026-03-09,2026-03-26,74,862260,기모 골지 롱스커트 밴딩 핀턱 주름 국내제작,가쉽,롱스커트,13000,2026-01-12,
1810,3월_롱스커트,2026-03-09,2026-03-26,75,862239,허니SK,버터플라이,롱스커트,12000,2026-01-12,
1810,3월_롱스커트,2026-03-09,2026-03-26,76,862020,멜로즈랩SK,이퓨,롱스커트,14000,2026-01-12,
1810,3월_롱스커트,2026-03-09,2026-03-26,77,861322,터치sk,이퓨,롱스커트,18000,2026-01-09,
1810,3월_롱스커트,2026-03-09,2026-03-26,78,860698,미니멀롱스커트,더조아,롱스커트,14000,2026-01-08,
1810,3월_롱스커트,2026-03-09,2026-03-26,79,859588,피치 롱sk,데얼즈,롱스커트,29000,2026-01-07,
1810,3월_롱스커트,2026-03-09,2026-03-26,80,858209,편안한 플리츠 롱스커트 밴딩 하늘하늘한 소재 치마 LDN-20250255,리더스셀러,롱스커트,24500,2026-01-02,
1810,3월_롱스커트,2026-03-09,2026-03-26,81,853253,체크플리츠스커트,피비,롱스커트,35000,2025-12-18,
1810,3월_롱스커트,2026-03-09,2026-03-26,82,851034,코듀잔끛스커트,반하다,롱스커트,28000,2025-12-15,
1810,3월_롱스커트,2026-03-09,2026-03-26,83,847421,니트샤스커트 2color 포근니트이너 레이어드 여신핏 샤치마 스커트,톡샵,롱스커트,22000,2025-12-10,
1810,3월_롱스커트,2026-03-09,2026-03-26,84,847392,워빙훌sk,카바나,롱스커트,17000,2025-12-10,
1810,3월_롱스커트,2026-03-09,2026-03-26,85,846323,스트패딩스커트,바글바글,롱스커트,18000,2025-12-08,
1810,3월_롱스커트,2026-03-09,2026-03-26,86,843158,절개훌스커트,제이투,롱스커트,11000,2025-12-03,
1810,3월_롱스커트,2026-03-09,2026-03-26,87,842567,라블 쉬폰 플레어 밴딩 샤스커트,벨리노(Bellino),롱스커트,19000,2025-12-02,
1810,3월_롱스커트,2026-03-09,2026-03-26,88,839995,모츠기모sk,카바나,롱스커트,20000,2025-11-28,
1810,3월_롱스커트,2026-03-09,2026-03-26,89,838832,클래식H라인스커트) 겨울신상 앞트임 스판 롱 스커트 울 스커트,바이지오,롱스커트,13000,2025-11-27,
1810,3월_롱스커트,2026-03-09,2026-03-26,90,834257,겨울 도톰 주름 스커트 롱치마 2장이상주문 ( RE 52 ),럭키,롱스커트,5000,2025-11-20,
1810,3월_롱스커트,2026-03-09,2026-03-26,91,833453,골드SK,이퓨,롱스커트,13000,2025-11-19,
1810,3월_롱스커트,2026-03-09,2026-03-26,92,833423,멜로우SK,위크플랜,롱스커트,16000,2025-11-19,
1810,3월_롱스커트,2026-03-09,2026-03-26,93,833057,리프데님 롱sk 체크레이어드,투썸(TWOSOME),롱스커트,19000,2025-11-18,
1810,3월_롱스커트,2026-03-09,2026-03-26,94,831389,레디아일렛스커트,톡시,롱스커트,22000,2025-11-17,
1810,3월_롱스커트,2026-03-09,2026-03-26,95,829029,롱데님 앞트임스커트 청치마 앞절개 A라인 워싱 연청 LD-1306,리더스셀러,롱스커트,15600,2025-11-14,
1810,3월_롱스커트,2026-03-09,2026-03-26,96,828892,롱스커트 블랙진 청치마 라인 절개 검정색 하의 LD-1308,리더스셀러,롱스커트,16000,2025-11-13,
1810,3월_롱스커트,2026-03-09,2026-03-26,97,828501,라떼SK(fw벨로아 골덴 코듀로이 롱 훌 밴딩 스커트 하객룩),에이트글로우,롱스커트,23000,2025-11-13,
1810,3월_롱스커트,2026-03-09,2026-03-26,98,826463,리벨sk _ 언발 밴딩 스웨이드 롱스커트 속바지 레이어드 프릴,더플렉스,롱스커트,17000,2025-11-12,
1810,3월_롱스커트,2026-03-09,2026-03-26,99,826455,모아sk _ 플레어 롱스커트 속바지 밴딩스커트 스웨이드 스커트,더플렉스,롱스커트,19000,2025-11-12,
1810,3월_롱스커트,2026-03-09,2026-03-26,100,826452,뒷트임sk (안감기모),카바나,롱스커트,21000,2025-11-12,
1810,3월_롱스커트,2026-03-09,2026-03-26,101,823990,디엘sk _ 레더 벨트 언발란스 러플 랩스커트 비대칭 롱스커트,더플렉스,롱스커트,19000,2025-11-10,
1810,3월_롱스커트,2026-03-09,2026-03-26,102,820300,다크SK,이퓨,롱스커트,13000,2025-11-06,
1810,3월_롱스커트,2026-03-09,2026-03-26,103,819471,세일 에이sk,Melted 멜티드 ,롱스커트,20000,2025-11-05,
1810,3월_롱스커트,2026-03-09,2026-03-26,104,816495,피치스커트,버터폰즈,롱스커트,23000,2025-11-01,
1810,3월_롱스커트,2026-03-09,2026-03-26,105,818248,7땡땡 스커트,반하다,롱스커트,22000,2025-11-04,
1810,3월_롱스커트,2026-03-09,2026-03-26,106,812857,5076골덴벨트스커트세트,더클리닝,롱스커트,10000,2025-10-29,
1810,3월_롱스커트,2026-03-09,2026-03-26,107,812625,맥시골지SK(신상 롱스커트 밴딩 데일리 맥시 롱),일이,롱스커트,13000,2025-10-29,
1810,3월_롱스커트,2026-03-09,2026-03-26,108,812610,지니체크SK(신상체크 프릴 스커트 레이어드 데일리룩),일이,롱스커트,19000,2025-10-29,
1810,3월_롱스커트,2026-03-09,2026-03-26,109,811252,골덴머메이드sk,카바나,롱스커트,20000,2025-10-28,
1810,3월_롱스커트,2026-03-09,2026-03-26,110,810124,스웨이드SK,히티케(HEATICHE),롱스커트,29000,2025-10-26,
1810,3월_롱스커트,2026-03-09,2026-03-26,111,809832,빅세일바배)스웨이드벨트롱스커트,니트랑,롱스커트,10000,2025-10-25,
1810,3월_롱스커트,2026-03-09,2026-03-26,112,809951,세일 모직플리츠,리턴,롱스커트,5000,2025-10-25,
1810,3월_롱스커트,2026-03-09,2026-03-26,113,809440,깔끔한 롱 스커트 고급스러운 실루엣 블랙진 치마 RLD-1308,리더스셀러,롱스커트,16000,2025-10-24,
1810,3월_롱스커트,2026-03-09,2026-03-26,114,807849,"신상, 느와르 퀼팅 누빔스커트",퀸더힐,롱스커트,31000,2025-10-22,
1810,3월_롱스커트,2026-03-09,2026-03-26,115,807576,1813 올레이스sk,초코파이,롱스커트,14000,2025-10-22,
1810,3월_롱스커트,2026-03-09,2026-03-26,116,807530,2535 벨벳레이스sk,초코파이,롱스커트,14000,2025-10-22,
1810,3월_롱스커트,2026-03-09,2026-03-26,117,806012,쎄무펜슬SK,블로윙,롱스커트,27000,2025-10-21,
1810,3월_롱스커트,2026-03-09,2026-03-26,118,805218,호피스커트,카바나,롱스커트,15000,2025-10-20,
1810,3월_롱스커트,2026-03-09,2026-03-26,119,805177,볼륨울 스커트,반하다,롱스커트,16000,2025-10-20,
1810,3월_롱스커트,2026-03-09,2026-03-26,120,804126,헤라롱SK,이퓨,롱스커트,16000,2025-10-17,
1810,3월_롱스커트,2026-03-09,2026-03-26,121,803769,2535 벨벳레이스sk,초코파이,롱스커트,14000,2025-10-16,
1810,3월_롱스커트,2026-03-09,2026-03-26,122,803765,8980 주름체크sk,초코파이,롱스커트,12000,2025-10-16,
1810,3월_롱스커트,2026-03-09,2026-03-26,123,802581,"신상)플리츠주름롱SK 벨벳 롱주름스커트)봄,가을,겨울(헤리안감,전체밴딩",메이비앤코,롱스커트,23000,2025-10-15,
1810,3월_롱스커트,2026-03-09,2026-03-26,124,802418,세일 A라인니트스커트) 가을/겨울 신상 니트 스커트 롱스커트 플레어 스커트,세종,롱스커트,7000,2025-10-14,
1810,3월_롱스커트,2026-03-09,2026-03-26,125,801003,안나롱SK,이퓨,롱스커트,15000,2025-10-13,
1810,3월_롱스커트,2026-03-09,2026-03-26,126,799213,리본 롱스커트,아띠,롱스커트,17000,2025-10-02,
1810,3월_롱스커트,2026-03-09,2026-03-26,127,798102,르망SK ( 신상 미송필수 플리츠 미디 롱 스커트 주름 치마 ),더블에이치,롱스커트,20000,2025-10-01,
1810,3월_롱스커트,2026-03-09,2026-03-26,128,797656,엔프 셔링 스커트,로웰,롱스커트,29000,2025-09-30,
1810,3월_롱스커트,2026-03-09,2026-03-26,129,797600,에어릴SK ( 재진행 안감있음 뒷밴딩 플리츠 주름 롱 스커트 ),더블에이치,롱스커트,20000,2025-09-30,
1810,3월_롱스커트,2026-03-09,2026-03-26,130,796914,시아퍼스커트(겨울신상 레이어드 밴딩 롱 슬릿 뒷트임 쉬폰 헤어리),플랫유,롱스커트,16000,2025-09-29,
1810,3월_롱스커트,2026-03-09,2026-03-26,131,795926,링클 스커트,루시,롱스커트,7000,2025-09-26,
1810,3월_롱스커트,2026-03-09,2026-03-26,132,794795,엔프 셔링 스커트,로웰,롱스커트,29000,2025-09-24,
1810,3월_롱스커트,2026-03-09,2026-03-26,133,792184,로미버튼니트SK 겨울신상 밴딩 66까지 롱스커트 a라인 머메이드,에이바,롱스커트,13000,2025-09-19,
1810,3월_롱스커트,2026-03-09,2026-03-26,134,792042,5106 벨벳펀칭sk,초코파이,롱스커트,11000,2025-09-18,
1810,3월_롱스커트,2026-03-09,2026-03-26,135,791985,9817 벨벳잔도트sk,초코파이,롱스커트,13000,2025-09-18,
1810,3월_롱스커트,2026-03-09,2026-03-26,136,789643,25가을)봉봉부틱  M미니호피스커트,소나타,롱스커트,26000,2025-09-17,
1810,3월_롱스커트,2026-03-09,2026-03-26,137,786364,새틴스커트)빅사이즈롱스커트,이찌(ITZZI),롱스커트,11000,2025-09-15,
1810,3월_롱스커트,2026-03-09,2026-03-26,138,785561,타임주름 롱스커트 F L,삐삐,롱스커트,21000,2025-09-12,
1810,3월_롱스커트,2026-03-09,2026-03-26,139,785557,메카장식 주름 롱스커트 F L,삐삐,롱스커트,19000,2025-09-12,
1817,3월_집업,2026-03-24,2026-04-13,0,922494,26SS 봄신상 흑청 연청 크롭 워크자켓 블루종 피그먼트 집업 데님자켓,오피피에이,자켓,28000,2026-03-25,
1817,3월_집업,2026-03-24,2026-04-13,1,905717,H2603 양포켓 집업,에이치투,집업/점퍼,13000,2026-02-26,
1817,3월_집업,2026-03-24,2026-04-13,2,922437,간절기 신상 봄패션 집업워크자켓 데님 점퍼 블루종 청자켓 데님자켓 연청,오피피에이,자켓,28000,2026-03-25,
1817,3월_집업,2026-03-24,2026-04-13,3,921650,746 어반크로스 달콤 집업점퍼 (봄점퍼 워크자켓,예쁜해파리,집업/점퍼,21000,2026-03-24,
1817,3월_집업,2026-03-24,2026-04-13,4,918186,컬러 배색카라 집업점퍼,러브썸,집업/점퍼,26000,2026-03-19,
1817,3월_집업,2026-03-24,2026-04-13,5,912529,루즈핏 경량 기본 바람막이 집업후드 점퍼,양배추,집업/점퍼,7000,2026-03-11,
1817,3월_집업,2026-03-24,2026-04-13,6,921450,"735배색 워크자켓(가단63총장52,후드점퍼,집업,데일리,고퀄,바람막이)",예쁜해파리,집업/점퍼,23000,2026-03-24,
1817,3월_집업,2026-03-24,2026-04-13,7,921174,페페JP ( 투웨이 후드집업 신상 골지 ),럭키,집업/점퍼,7000,2026-03-24,
1817,3월_집업,2026-03-24,2026-04-13,8,882676,마나 집업 자켓,벨리노(Bellino),자켓,23000,2026-01-30,
1817,3월_집업,2026-03-24,2026-04-13,9,892262,토리JP ( 세일 니트 투웨이 후드집업  ),럭키,집업/점퍼,8000,2026-02-09,
1817,3월_집업,2026-03-24,2026-04-13,10,885178,실루엣 보정 골지 집업 아우터 점퍼 자켓 봄 여름 가을,엘은진,집업/점퍼,5700,2026-02-02,
1817,3월_집업,2026-03-24,2026-04-13,11,882958,모헤어 단가라 울니트 집업가디건(앙고라 브러쉬 라운드 오버핏 가을 겨울),이지바이브,니트/스웨터,38000,2026-01-30,
1817,3월_집업,2026-03-24,2026-04-13,12,922434,"포리안쭈리 후드집업(베이직핏,전면포켓사계절집업,데일리아우터,트레이닝셋업)",머핀,후드,17000,2026-03-25,
1817,3월_집업,2026-03-24,2026-04-13,13,893315,(26SS) 아가일 크랙 후드집업,하멜,집업/점퍼,35000,2026-02-09,
1817,3월_집업,2026-03-24,2026-04-13,14,922600,마카롱집업(이중지),바코드,집업/점퍼,25000,2026-03-25,
1817,3월_집업,2026-03-24,2026-04-13,15,877069,데일리후드집업카고팬츠세트,유안느,수트/팬츠세트,25000,2026-01-26,
1817,3월_집업,2026-03-24,2026-04-13,16,898994,88후드 박스집업(후피그먼트),삼오칠구 (3579),후드,26000,2026-02-18,
1817,3월_집업,2026-03-24,2026-04-13,17,882960,시그널 트랙벨벳 저지(집업 트레이닝 세트 셋업 스트릿 공용 벨로아),이지바이브,집업/점퍼,29000,2026-01-30,
1817,3월_집업,2026-03-24,2026-04-13,18,892174,펀칭니트후드집업 26SS 봄신상 후드집업 투웨이 크롭 유니섹스 커플,루머,니트/스웨터,25000,2026-02-09,
1817,3월_집업,2026-03-24,2026-04-13,19,892118,단가라니트후드집업 봄신상 26SS 투웨이 스트라이프 가디건 라운드 남녀공용 유니섹스 커플,루머,니트/스웨터,24000,2026-02-08,
1817,3월_집업,2026-03-24,2026-04-13,20,888514,(세일) 94후드집업세트,리뷰,수트/팬츠세트,50000,2026-02-04,
1817,3월_집업,2026-03-24,2026-04-13,21,892123,단가라후드집업니트 봄신상 26SS 투웨이 가디건 크롭 스트라이프 유니섹스 남녀공용 커플,루머,니트/스웨터,24000,2026-02-08,
1817,3월_집업,2026-03-24,2026-04-13,22,893403,"신상, 샌드 트윌 하이넥 집업자켓",퀸더힐,집업/점퍼,45000,2026-02-10,
1817,3월_집업,2026-03-24,2026-04-13,23,918902,스트레이트 후드 오버핏 집업티셔츠[T140],벨벳아이비,후드,24000,2026-03-20,
1817,3월_집업,2026-03-24,2026-04-13,24,917896,티노 헤비쭈리 머슬핏 집업 자켓,리베르타,자켓,61000,2026-03-19,
1817,3월_집업,2026-03-24,2026-04-13,25,915417,니케 피그먼트 스터드 후드-워싱 집업 핫픽스 트레이닝,시기,후드,33000,2026-03-16,
1817,3월_집업,2026-03-24,2026-04-13,26,919724,피그먼트)메모리후드JP _ 프린트 크롭 집업 후드,삼오칠구 (3579),후드,25000,2026-03-22,
1817,3월_집업,2026-03-24,2026-04-13,27,905732,26SS신상)로고 더티 워시드 후드집업,트리거,집업/점퍼,35000,2026-02-27,
1817,3월_집업,2026-03-24,2026-04-13,28,913703,티노 머슬핏 헤비 쭈리 집업 자켓,리베르타,자켓,61000,2026-03-12,
1817,3월_집업,2026-03-24,2026-04-13,29,899549,히튼헤비후드집업 (신상 후드 집업 오버핏 빅사이즈),더블에이치,집업/점퍼,29000,2026-02-20,
1817,3월_집업,2026-03-24,2026-04-13,30,905657,"26봄신상_글리터후드집업 (투웨이,크롭,빈티지,Y2K,가을,큐빅,블링",카라멜,집업/점퍼,12000,2026-02-26,
1817,3월_집업,2026-03-24,2026-04-13,31,905693,"26봄신상_단가라니트후드(스트라이프,니트,집업,봄가을,아방핏,키치,배색",카라멜,니트/스웨터,14000,2026-02-26,
1817,3월_집업,2026-03-24,2026-04-13,32,892127,라운드단가라가디건 봄신상 26SS 투웨이 집업 크롭 스트라이프 유니섹스 남녀공용 커플,루머,니트/스웨터,22000,2026-02-08,
1817,3월_집업,2026-03-24,2026-04-13,33,878491,26봄신상)허밍단가라후드집업,퍼플그레이,집업/점퍼,14000,2026-01-27,
1817,3월_집업,2026-03-24,2026-04-13,34,877067,포틀랜드반집업세트,더별,수트/팬츠세트,18000,2026-01-26,
1817,3월_집업,2026-03-24,2026-04-13,35,875254,크롭 기모 집업 벌룬소매 투웨이 캐주얼 후드 재킷,신상마켓,후드,16000,2026-01-23,
1817,3월_집업,2026-03-24,2026-04-13,36,880277,헬렌후드집업,마가렛(MAGARET),집업/점퍼,29000,2026-01-28,
1817,3월_집업,2026-03-24,2026-04-13,37,918180,하이넥 펀칭 점퍼,러브썸,집업/점퍼,23000,2026-03-19,
1817,3월_집업,2026-03-24,2026-04-13,38,918055,집업 6188,위온,집업/점퍼,31100,2026-03-19,
1817,3월_집업,2026-03-24,2026-04-13,39,888591,"스포츠스타집업 (26봄신상,SS,캐주얼,텐타덤블가공)",퍼플그레이,집업/점퍼,11500,2026-02-05,
1817,3월_집업,2026-03-24,2026-04-13,40,882008,봄신상) 피그먼트_88자수 박스후드집업,삼오칠구 (3579),후드,26000,2026-01-29,
1817,3월_집업,2026-03-24,2026-04-13,41,880275,와플후드집업,마가렛(MAGARET),후드,29000,2026-01-28,
1817,3월_집업,2026-03-24,2026-04-13,42,880276,론니울니트집업,마가렛(MAGARET),집업/점퍼,34000,2026-01-28,
1817,3월_집업,2026-03-24,2026-04-13,43,910704,린넨 여리핏 니트 후드 집업 가디건,반하다,집업/점퍼,19000,2026-03-09,
1817,3월_집업,2026-03-24,2026-04-13,44,911293,케이블 하이넥 니트 투웨이 집업,양배추,집업/점퍼,9000,2026-03-10,
1817,3월_집업,2026-03-24,2026-04-13,45,911096,집업 12302,위온,집업/점퍼,27800,2026-03-09,
1817,3월_집업,2026-03-24,2026-04-13,46,899558,플레니썸머JP (재진행 바람막이 집업 자켓),더블에이치,집업/점퍼,29000,2026-02-20,
1817,3월_집업,2026-03-24,2026-04-13,47,905643,"랭킹상품_벨류하트집업 (투웨이,빈티지,크롭,봄신상,포인트,y2k",카라멜,집업/점퍼,12000,2026-02-26,
1817,3월_집업,2026-03-24,2026-04-13,48,905711,H2610 후드 집업,에이치투,집업/점퍼,9000,2026-02-26,
1817,3월_집업,2026-03-24,2026-04-13,49,909095,집업 3005,위온,집업/점퍼,24500,2026-03-05,
1817,3월_집업,2026-03-24,2026-04-13,50,887202,킨드JP ( 투웨이 집업 슬림 스판 봄신상 ),럭키,집업/점퍼,7000,2026-02-04,
1817,3월_집업,2026-03-24,2026-04-13,51,860552,세일 뽀글이점퍼 후드 크롭 후리스집업 아노락 아우터 ( 바론 JP ),럭키,집업/점퍼,7000,2026-01-08,
1817,3월_집업,2026-03-24,2026-04-13,52,915317,어반워싱데님후드점퍼,밥,집업/점퍼,56000,2026-03-15,
1817,3월_집업,2026-03-24,2026-04-13,53,884399,페티JP ( 세일 프릴 후드 집업 크롭 ),럭키,집업/점퍼,7000,2026-02-02,
1817,3월_집업,2026-03-24,2026-04-13,54,864933,캐리미 프릴 후드 집업 2037,스코프,집업/점퍼,26000,2026-01-13,
1817,3월_집업,2026-03-24,2026-04-13,55,866430,[PRIME]스타니드후드,퍼플그레이,집업/점퍼,9500,2026-01-15,
1817,3월_집업,2026-03-24,2026-04-13,56,869054,[PRIME]집업오프맨투맨,퍼플그레이,집업/점퍼,7000,2026-01-19,
1817,3월_집업,2026-03-24,2026-04-13,57,874911,1820 후드매직체크집업,초코파이,집업/점퍼,16000,2026-01-22,
1817,3월_집업,2026-03-24,2026-04-13,58,872187,쿠지 데님 트리밍 점퍼 3821,스코프,집업/점퍼,25000,2026-01-20,
1817,3월_집업,2026-03-24,2026-04-13,59,872276,민초코어)단가라후드집업,마젠타,집업/점퍼,14000,2026-01-20,
1817,3월_집업,2026-03-24,2026-04-13,60,872306,민초코어)단가라후드집업,키치키치,집업/점퍼,14000,2026-01-21,
1817,3월_집업,2026-03-24,2026-04-13,61,861204,투케이스트라이프집업,퍼플그레이,집업/점퍼,15000,2026-01-09,
1817,3월_집업,2026-03-24,2026-04-13,62,861235,빈티지)런던후드집업,마젠타,집업/점퍼,19000,2026-01-09,
1817,3월_집업,2026-03-24,2026-04-13,63,865177,후드체크남방,데이원(dayone),집업/점퍼,9000,2026-01-14,
1817,3월_집업,2026-03-24,2026-04-13,64,861233,안감매쉬)자수후드바람막이,마젠타,집업/점퍼,29000,2026-01-09,
1817,3월_집업,2026-03-24,2026-04-13,65,863530,26봄신상)그라운드슬림바람막이,퍼플그레이,집업/점퍼,29500,2026-01-13,
1817,3월_집업,2026-03-24,2026-04-13,66,861191,후드배색)리오발포스타집업,마젠타,집업/점퍼,18000,2026-01-09,
1817,3월_집업,2026-03-24,2026-04-13,67,859600,쭈리)별체크후드집업,퍼플그레이,집업/점퍼,14000,2026-01-07,
1817,3월_집업,2026-03-24,2026-04-13,68,861229,키치발포두줄후드집업,마젠타,집업/점퍼,15000,2026-01-09,
1817,3월_집업,2026-03-24,2026-04-13,69,862000,베어집업,미니멀,집업/점퍼,19000,2026-01-12,
1817,3월_집업,2026-03-24,2026-04-13,70,865114,[PRIME]볼리벳후드집업(텐타덤블워싱원단),마젠타,집업/점퍼,11500,2026-01-13,
1817,3월_집업,2026-03-24,2026-04-13,71,878512,엘프JP ( 투웨이집업 신상 자수 트레이닝 아우터 ),럭키,집업/점퍼,11000,2026-01-27,
1817,3월_집업,2026-03-24,2026-04-13,72,862911,모헤어 크롭 후드집업 울 자켓 브러쉬 앙고라 오버핏 공용 가을 겨울,이지바이브,집업/점퍼,34000,2026-01-12,
1817,3월_집업,2026-03-24,2026-04-13,73,863532,26봄신상)플루오버핏배색자켓,퍼플그레이,집업/점퍼,29500,2026-01-13,
1817,3월_집업,2026-03-24,2026-04-13,74,865161,26SS신상)벌룬 캐스팅 피그먼트 후드집업,트리거,집업/점퍼,30000,2026-01-14,
1817,3월_집업,2026-03-24,2026-04-13,75,859592,에스닉jp,데얼즈,집업/점퍼,37000,2026-01-07,
1817,3월_집업,2026-03-24,2026-04-13,76,861880,빈티지)런던후드집업,키치키치,집업/점퍼,19000,2026-01-11,
1817,3월_집업,2026-03-24,2026-04-13,77,861189,아일렛)스타코어후드집업,마젠타,집업/점퍼,16000,2026-01-09,
1817,3월_집업,2026-03-24,2026-04-13,78,865194,디온JP ( 바람막이 점퍼 두웨이집업 봄신상 ),럭키,집업/점퍼,13000,2026-01-14,
1818,3월_로퍼,2026-03-24,2026-04-16,0,915491,LUX-6811 소가죽 심플 로퍼,엠티(M.T),로퍼/플랫,20000,2026-03-16,
1818,3월_로퍼,2026-03-24,2026-04-16,1,918590,RN 루빈 통굽 페니 로퍼 키높이 슬립온,뉴경신,로퍼/플랫,26000,2026-03-20,
1818,3월_로퍼,2026-03-24,2026-04-16,2,921050,P-4011 무광유광 클래식 베이직 로퍼,슈즈랜드,로퍼/플랫,20000,2026-03-23,
1818,3월_로퍼,2026-03-24,2026-04-16,3,921054,ST-577 버클 등반도 고리 라운드 로퍼,슈즈랜드,로퍼/플랫,29000,2026-03-23,
1818,3월_로퍼,2026-03-24,2026-04-16,4,915923,[데일리 투웨이 밴딩로퍼]4706,아이니드어,로퍼/플랫,28000,2026-03-16,
1818,3월_로퍼,2026-03-24,2026-04-16,5,920998,ZZ-로퍼2310 매듭짜임 등반도 캐주얼 로퍼,슈즈랜드,로퍼/플랫,19000,2026-03-23,
1818,3월_로퍼,2026-03-24,2026-04-16,6,917167,M-2468 천연소가죽 클래식 민자 베이직 로퍼,슈즈랜드,로퍼/플랫,36000,2026-03-17,
1818,3월_로퍼,2026-03-24,2026-04-16,7,916035,"[26ss,셔링 메탈버클 아일렛 모던로퍼]3157",아이니드어,로퍼/플랫,36000,2026-03-16,
1818,3월_로퍼,2026-03-24,2026-04-16,8,917168,P-루빈 국내제작 쿠션 통굽 캐쥬얼 로퍼,슈즈랜드,로퍼/플랫,27000,2026-03-17,
1818,3월_로퍼,2026-03-24,2026-04-16,9,912197,루빈 로퍼,하꾸네,로퍼/플랫,27000,2026-03-10,
1818,3월_로퍼,2026-03-24,2026-04-16,10,917179,ST-608 벨크로 등반도 통굽 라운드 로퍼,슈즈랜드,로퍼/플랫,31000,2026-03-17,
1818,3월_로퍼,2026-03-24,2026-04-16,11,911406,SN 2660-1 리갈 2벨트 윙팁 데일리 여성 로퍼 단화,뉴경신,로퍼/플랫,23000,2026-03-10,
1818,3월_로퍼,2026-03-24,2026-04-16,12,916589,루빈 로퍼 운동화,엠티(M.T),로퍼/플랫,27000,2026-03-17,
1818,3월_로퍼,2026-03-24,2026-04-16,13,910794,SY 2501골드버클 태슬 포인트 여성 소가죽 로퍼,뉴경신,로퍼/플랫,35000,2026-03-09,
1818,3월_로퍼,2026-03-24,2026-04-16,14,913858,LZ 6811 골드장식 베이직 여성 소가죽 로퍼 단화,뉴경신,로퍼/플랫,20000,2026-03-12,
1818,3월_로퍼,2026-03-24,2026-04-16,15,912398,P-1503 스트랩 등반도 절개 스티치 로퍼,슈즈랜드,로퍼/플랫,18000,2026-03-10,
1818,3월_로퍼,2026-03-24,2026-04-16,16,908791,9091 (KA) 앞코 셔링 메리제인 로퍼,시슴,로퍼/플랫,26000,2026-03-05,
1818,3월_로퍼,2026-03-24,2026-04-16,17,908792,9092 (KA) 앞코 셔링 테슬 장식 로퍼,시슴,로퍼/플랫,27000,2026-03-05,
1818,3월_로퍼,2026-03-24,2026-04-16,18,904809,DA2011,마린,로퍼/플랫,19000,2026-02-26,
1818,3월_로퍼,2026-03-24,2026-04-16,19,904580,M-3025-2 천연소가죽 셔링 스티치 로퍼,슈즈랜드,로퍼/플랫,35000,2026-02-25,
1818,3월_로퍼,2026-03-24,2026-04-16,20,910360,"[26ss,라텍스 컴포트 데일리 로퍼]31234",아이니드어,로퍼/플랫,29000,2026-03-07,
1818,3월_로퍼,2026-03-24,2026-04-16,21,898484,"[26ss,버클 초경량 로퍼]9204",아이니드어,로퍼/플랫,25000,2026-02-16,
1818,3월_로퍼,2026-03-24,2026-04-16,22,906942,"[26ss,에나멜 모던시크 로퍼]9092",아이니드어,로퍼/플랫,28000,2026-03-02,
1818,3월_로퍼,2026-03-24,2026-04-16,23,910919,26ss봄신상 K0068 베이직 페니 로퍼,카라,로퍼/플랫,18000,2026-03-09,
1818,3월_로퍼,2026-03-24,2026-04-16,24,908793,9093 (KA) 테슬 장식 클래식 로퍼,시슴,로퍼/플랫,27000,2026-03-05,
1818,3월_로퍼,2026-03-24,2026-04-16,25,907461,RN 2011 실버 체인 장식 베이직 로퍼 단화,뉴경신,로퍼/플랫,18000,2026-03-03,
1818,3월_로퍼,2026-03-24,2026-04-16,26,906289,빌리 로퍼,하꾸네,로퍼/플랫,19000,2026-02-27,
1818,3월_로퍼,2026-03-24,2026-04-16,27,906288,르네 로퍼,하꾸네,로퍼/플랫,19000,2026-02-27,
1818,3월_로퍼,2026-03-24,2026-04-16,28,856298,"[봄신상,천연소가죽 메리제인 플랫슈즈]803",아이니드어,로퍼/플랫,38000,2025-12-27,
1818,3월_로퍼,2026-03-24,2026-04-16,29,886090,2501방울,엠티(M.T),로퍼/플랫,36000,2026-02-03,
1818,3월_로퍼,2026-03-24,2026-04-16,30,873069,008-3 (RU) 리본 장식 메리제인 플랫,시슴,로퍼/플랫,20000,2026-01-21,
1818,3월_로퍼,2026-03-24,2026-04-16,31,870932,M-8243 천연소가죽 등반도 민자 베이직 로퍼,슈즈랜드,로퍼/플랫,30000,2026-01-19,
1818,3월_로퍼,2026-03-24,2026-04-16,32,868784,[리얼소가죽 서클장식 골프로퍼]6530,아이니드어,로퍼/플랫,45000,2026-01-18,
1818,3월_로퍼,2026-03-24,2026-04-16,33,898477,"[26ss,천연소가죽 베이직 데일리 로퍼]9200",아이니드어,로퍼/플랫,34000,2026-02-16,
1818,3월_로퍼,2026-03-24,2026-04-16,34,883926,[리얼소가죽 벨트 포인트 로퍼]7837,아이니드어,로퍼/플랫,46000,2026-02-01,
1818,3월_로퍼,2026-03-24,2026-04-16,35,873074,008-5 (RU) 발등 벨크로 스트랩 플랫,시슴,로퍼/플랫,20000,2026-01-21,
1818,3월_로퍼,2026-03-24,2026-04-16,36,886116,2502리본,엠티(M.T),로퍼/플랫,35000,2026-02-03,
1818,3월_로퍼,2026-03-24,2026-04-16,37,865207,"[로퍼,신발,신상] 3906 라우르 쉐도우 투웨이 로퍼",지오,로퍼/플랫,27000,2026-01-14,
1818,3월_로퍼,2026-03-24,2026-04-16,38,898465,"[26ss,리얼소가죽 테슬로퍼]7839",아이니드어,로퍼/플랫,40000,2026-02-16,
1818,3월_로퍼,2026-03-24,2026-04-16,39,893280,L-6315 천연소가죽 꼬마리본 스티치 로퍼,슈즈랜드,로퍼/플랫,22000,2026-02-09,
1818,3월_로퍼,2026-03-24,2026-04-16,40,907954,SN0241 등 장식 골프 스타일 편한 로퍼 단화,뉴경신,로퍼/플랫,26000,2026-03-04,
1818,3월_로퍼,2026-03-24,2026-04-16,41,904581,P-쥬드 국내제작 윙팁 디자인 매듭수술 슬립온 로퍼,슈즈랜드,로퍼/플랫,19000,2026-02-25,
1818,3월_로퍼,2026-03-24,2026-04-16,42,873163,881-23 (RU) 발등 장식 고무창 플랫,시슴,로퍼/플랫,20000,2026-01-21,
1818,3월_로퍼,2026-03-24,2026-04-16,43,873174,891-3 (RU) 리본 장식 플랫,시슴,로퍼/플랫,19000,2026-01-21,
1818,3월_로퍼,2026-03-24,2026-04-16,44,899919,"[26ss,초경량 셔링 퍼인트 댄디로퍼]3151",아이니드어,로퍼/플랫,28000,2026-02-21,
1818,3월_로퍼,2026-03-24,2026-04-16,45,873098,881 (RU) 말랑 페니 로퍼,시슴,로퍼/플랫,19000,2026-01-21,
1818,3월_로퍼,2026-03-24,2026-04-16,46,873100,881-1 (RU) 발등 장식 고무창 로퍼,시슴,로퍼/플랫,19000,2026-01-21,
1818,3월_로퍼,2026-03-24,2026-04-16,47,873102,881-5 (RU) 발등 체인 장식 블로퍼,시슴,로퍼/플랫,19000,2026-01-21,
1818,3월_로퍼,2026-03-24,2026-04-16,48,838963,SJ P 373 가죽 스티치 로퍼,그린,로퍼/플랫,22000,2025-11-27,
1818,3월_로퍼,2026-03-24,2026-04-16,49,838019,VA 9100 소가죽 쎄무 방울 로퍼 단화,뉴경신,로퍼/플랫,32000,2025-11-26,
1818,3월_로퍼,2026-03-24,2026-04-16,50,873089,866-2 (RU) 셔링 버클 장식 메리제인 플랫,시슴,로퍼/플랫,22000,2026-01-21,
1818,3월_로퍼,2026-03-24,2026-04-16,51,865208,"[로퍼,신발,신상] 3906 라우르 쉐도우 투웨이 로퍼",로코코,로퍼/플랫,27000,2026-01-14,
1818,3월_로퍼,2026-03-24,2026-04-16,52,839036,SJ A 315-1 스마일장식 가죽 로퍼,그린,로퍼/플랫,24000,2025-11-27,
1818,3월_로퍼,2026-03-24,2026-04-16,53,861858,ST-607 버클 등반도 보트 플랫 로퍼,슈즈랜드,로퍼/플랫,27000,2026-01-11,
1818,3월_로퍼,2026-03-24,2026-04-16,54,904638,R847 스트랩 버클 클래식 로퍼,레트로,로퍼/플랫,30000,2026-02-26,
1818,3월_로퍼,2026-03-24,2026-04-16,55,875151,P-1509 버클 등반도 벨벳 퀼팅누빔 로퍼(230-255),슈즈랜드,로퍼/플랫,18000,2026-01-22,
1818,3월_로퍼,2026-03-24,2026-04-16,56,899498,Be 9110 고퀄리티 등 장식 소가죽 로퍼 단화,뉴경신,로퍼/플랫,37000,2026-02-19,
1818,3월_로퍼,2026-03-24,2026-04-16,57,873084,680 (RU) 발등 포인트 클래식 플랫,시슴,로퍼/플랫,19000,2026-01-21,
1818,3월_로퍼,2026-03-24,2026-04-16,58,865200,"[로퍼,신발,신상] 2606 모노라인 소프트 스퀘어 블로퍼",지오,로퍼/플랫,26000,2026-01-14,
1818,3월_로퍼,2026-03-24,2026-04-16,59,865205,"[로퍼,신발,신상] 3904 디아르 밸런스 라인 투웨이 로퍼",지오,로퍼/플랫,27000,2026-01-14,
1818,3월_로퍼,2026-03-24,2026-04-16,60,837914,SJ P 519 비즈 메리제인 로퍼,그린,로퍼/플랫,25000,2025-11-25,
1818,3월_로퍼,2026-03-24,2026-04-16,61,865198,"[로퍼,신발,신상] 2602 로렌 스웨이드 리본 모카 블로퍼",지오,로퍼/플랫,28000,2026-01-14,
1818,3월_로퍼,2026-03-24,2026-04-16,62,868778,[리얼소가죽 리갈 로퍼]7770,아이니드어,로퍼/플랫,46000,2026-01-18,
1818,3월_로퍼,2026-03-24,2026-04-16,63,861100,ST-590 미니리본 스웨이드 부채수술 플랫 로퍼(230-255),슈즈랜드,로퍼/플랫,27000,2026-01-08,
1818,3월_로퍼,2026-03-24,2026-04-16,64,898441,"[26ss,T스트랩 메리제인 로퍼]2662",아이니드어,로퍼/플랫,25000,2026-02-16,
1818,3월_로퍼,2026-03-24,2026-04-16,65,837456,WH M88-11 스웨이드 민자 벨트 블로퍼,뉴경신,로퍼/플랫,14000,2025-11-25,
1819,3월_뷔스티에,2026-03-24,2026-04-20,0,920942,1439 로우뷔스티에ops,초코파이,롱원피스,14000,2026-03-23,
1819,3월_뷔스티에,2026-03-24,2026-04-20,1,920009,TS-67 큐티섹시 체크 홀터넥 뷔스티에 나시탑 크롭니트탑나시 3컬러,닌페타,민소매/나시,6000,2026-03-23,
1819,3월_뷔스티에,2026-03-24,2026-04-20,2,921503,26여름)[르쁘띠모]뷔스티에롱원피스,베이비옷장,원피스,17000,2026-03-24,
1819,3월_뷔스티에,2026-03-24,2026-04-20,3,904596,리본대님탑,더하이디,민소매/나시,9000,2026-02-25,
1819,3월_뷔스티에,2026-03-24,2026-04-20,4,907898,러브나시,드레스코코,민소매/나시,5000,2026-03-04,
1819,3월_뷔스티에,2026-03-24,2026-04-20,5,902920,러블리나시,미니멀,민소매/나시,7000,2026-02-24,
1819,3월_뷔스티에,2026-03-24,2026-04-20,6,901593,랩핑홀터뷔스티에,위크플랜,민소매/나시,11000,2026-02-24,
1819,3월_뷔스티에,2026-03-24,2026-04-20,7,907930,단추 이중 탑 나시 끈 이너 트레이닝 슬림 핏 유넥 배색 크롭 민소매 샘플 여름 바캉스,스타일소유,민소매/나시,6000,2026-03-04,
1819,3월_뷔스티에,2026-03-24,2026-04-20,8,892258,유로탑가디건set_26SS 신상 뷔스티에cd 투피스 세트 레이어드,코코넛 ,긴소매,26000,2026-02-09,
1819,3월_뷔스티에,2026-03-24,2026-04-20,9,907896,쁘띠나시,드레스코코,민소매/나시,4000,2026-03-04,
1819,3월_뷔스티에,2026-03-24,2026-04-20,10,907897,엔젤나시,드레스코코,민소매/나시,4500,2026-03-04,
1819,3월_뷔스티에,2026-03-24,2026-04-20,11,905788,"슬림핏-레이스끈나시-국내생산,골지,이너,뷔스티에,발레코어룩,봄여름,데일리",데일르,민소매/나시,5000,2026-02-27,
1819,3월_뷔스티에,2026-03-24,2026-04-20,12,828427,레브뷔스티에(fw 끈나시 스웨이드 레이어드 뒷지퍼 슬림핏 스모크 텐션굿),에이트글로우,조끼,25000,2025-11-13,
1819,3월_뷔스티에,2026-03-24,2026-04-20,13,918174,플라워 자수 시스루 뷔스티에 원피스,러브썸,롱원피스,14000,2026-03-19,
1819,3월_뷔스티에,2026-03-24,2026-04-20,14,905697,H2615 뷔스티에 셔츠,에이치투,셔츠/남방,11000,2026-02-26,
1819,3월_뷔스티에,2026-03-24,2026-04-20,15,892337,렌느뷔스티에set_2026신상 봄니트 레이어드 뷔스티에 가디건 세트,코코넛 ,니트/스웨터,24000,2026-02-09,
1819,3월_뷔스티에,2026-03-24,2026-04-20,16,907014,레이스 리본 홀터넥 나시,페이즈,민소매/나시,4000,2026-03-02,
1819,3월_뷔스티에,2026-03-24,2026-04-20,17,910526,신상)1630 캐미솔 나시 블라우스,퍼프,민소매/나시,14000,2026-03-08,
1819,3월_뷔스티에,2026-03-24,2026-04-20,18,907490,핫찌비스티에 ) 신상나시조끼,니트존,민소매/나시,5000,2026-03-03,
1819,3월_뷔스티에,2026-03-24,2026-04-20,19,910708,타루빈나시,리썸,민소매/나시,13000,2026-03-09,
1819,3월_뷔스티에,2026-03-24,2026-04-20,20,908659,민소매 212110,위온,민소매/나시,12300,2026-03-04,
1819,3월_뷔스티에,2026-03-24,2026-04-20,21,917614,레이스나시티,포포,민소매/나시,9000,2026-03-18,
1819,3월_뷔스티에,2026-03-24,2026-04-20,22,911403,사나 나시(배색 홀터넥 리본 레이어드 스트링 발레코어 y2k 슬림핏),뉴비(New B),민소매/나시,11000,2026-03-10,
1819,3월_뷔스티에,2026-03-24,2026-04-20,23,909730,프릴레이스 3컬러 리본 슬립 레이어드 나시 봄 여름 신상 데이트 데일리,톡샵,민소매/나시,10000,2026-03-06,
1819,3월_뷔스티에,2026-03-24,2026-04-20,24,915401,신상)도트 블라우스 나시 세트 뷔스티에,로라,블라우스,14000,2026-03-15,
1819,3월_뷔스티에,2026-03-24,2026-04-20,25,910712,하모벨나시,리썸,민소매/나시,11000,2026-03-09,
1819,3월_뷔스티에,2026-03-24,2026-04-20,26,899227,스칼렛 뷔스티에(스트랩 끈조절 프릴 탑 발레코어 유니크 빈티지 y2k),뉴비(New B),민소매/나시,11500,2026-02-19,
1819,3월_뷔스티에,2026-03-24,2026-04-20,27,899421,링클뷔스티에 (끈나시 나시블라우스 프릴 캉캉 미니 레이어드 가슴리본 셔링),샷건,블라우스,15000,2026-02-19,
1819,3월_뷔스티에,2026-03-24,2026-04-20,28,907471,넥타이 퍼프숄 뷔스티에 남방 세트,루시,셔츠/남방,14000,2026-03-03,
1819,3월_뷔스티에,2026-03-24,2026-04-20,29,910710,뉴세미나시,리썸,민소매/나시,12000,2026-03-09,
1819,3월_뷔스티에,2026-03-24,2026-04-20,30,908953,레더뷔스티에 (원피스 블라우스 레이어드 4계절 재주문많음),원퍼센트,민소매/나시,19000,2026-03-05,
1819,3월_뷔스티에,2026-03-24,2026-04-20,31,908935,홀터나시(레이어드 홀터넥 뷔스티에 사계절 기본필수아이템),원퍼센트,민소매/나시,6000,2026-03-05,
1819,3월_뷔스티에,2026-03-24,2026-04-20,32,799821,알파카뷔스티에)신상끈조끼,니트존,민소매/나시,6000,2025-10-10,
1819,3월_뷔스티에,2026-03-24,2026-04-20,33,910702,미다온나시,리썸,민소매/나시,18000,2026-03-09,
1819,3월_뷔스티에,2026-03-24,2026-04-20,34,874127,단추뷔스티에세트,제이투,블라우스,12000,2026-01-22,
1819,3월_뷔스티에,2026-03-24,2026-04-20,35,916582,브이넥시스루베스트 나시,데이원(dayone),민소매/나시,5500,2026-03-17,
1819,3월_뷔스티에,2026-03-24,2026-04-20,36,899126,미스티 뷔스티에(체크 홀터 나시 끈조절 리본 레이어드 유니크),뉴비(New B),민소매/나시,13500,2026-02-18,
1819,3월_뷔스티에,2026-03-24,2026-04-20,37,806774,울니트뷔스티에,바이리치,조끼,9000,2025-10-21,
1819,3월_뷔스티에,2026-03-24,2026-04-20,38,798204,패션 레이어드 니트조끼 여리여리 뷔스티에 RSIS-449,리더스셀러,가디건,5800,2025-10-01,
1819,3월_뷔스티에,2026-03-24,2026-04-20,39,908941,오브셔링탑(봄신상 뷔스티에 다양한레이어드연출 쫀쫀 튜브탑),원퍼센트,민소매/나시,7000,2026-03-05,
1819,3월_뷔스티에,2026-03-24,2026-04-20,40,917656,도브뷔스티에 (가슴리본 끈 레이어드 플라워 꽃 나시블라우스 셔링 프릴 피서 휴가룩 신상),샷건,블라우스,14000,2026-03-18,
1819,3월_뷔스티에,2026-03-24,2026-04-20,41,911412,레이스나시 뷔스티에 단추 조끼,이츠벨라,조끼,10000,2026-03-10,
1819,3월_뷔스티에,2026-03-24,2026-04-20,42,920307,라떼니트뷔스티에,제이투,니트/스웨터,7000,2026-03-23,
1819,3월_뷔스티에,2026-03-24,2026-04-20,43,828477,블리롱뷔스티에(기모레이스 끈나시 레이어드 원피스 끈조절가능),에이트글로우,미니/미디원피스,31000,2025-11-13,
1819,3월_뷔스티에,2026-03-24,2026-04-20,44,910607,로프뷔스티에 (페이즐 프릴 수술 생지끈 나무벨 끈조절가능 신상 피서룩 휴가 에스닉),샷건,민소매/나시,15000,2026-03-08,
1819,3월_뷔스티에,2026-03-24,2026-04-20,45,858441,꽃 자수 뷔스티에 조끼,반하다,니트/스웨터,13000,2026-01-05,
1819,3월_뷔스티에,2026-03-24,2026-04-20,46,867469,"26ss,신상,페미닌 벌룬 민소매 뷔스티에 블라우스",퀸더힐,블라우스,26000,2026-01-15,
1819,3월_뷔스티에,2026-03-24,2026-04-20,47,892219,벨르레이스뷔스티에원피스,유안느,롱원피스,16000,2026-02-09,
1819,3월_뷔스티에,2026-03-24,2026-04-20,48,918176,도트 이중 뷔스티에,러브썸,민소매/나시,13000,2026-03-19,
1819,3월_뷔스티에,2026-03-24,2026-04-20,49,899140,노바 뷔스티에(스트랩 끈조절 체크배색 레이어드 패치워크 유니크),뉴비(New B),민소매/나시,16500,2026-02-18,
1819,3월_뷔스티에,2026-03-24,2026-04-20,50,892259,로아bl_26SS 블라우스 재진행 레이어드 뷔스티에 나시블라우스 세트,코코넛 ,블라우스,19000,2026-02-09,
1819,3월_뷔스티에,2026-03-24,2026-04-20,51,915621,레이스뷔스티에니트,제이투,니트/스웨터,11000,2026-03-16,
1819,3월_뷔스티에,2026-03-24,2026-04-20,52,921409,H2628 레이스 퍼프 소매 티,에이치투,반소매,14000,2026-03-24,
1819,3월_뷔스티에,2026-03-24,2026-04-20,53,917899,뮤제 뷔스티에,내츄럴비,블라우스,27000,2026-03-19,
1819,3월_뷔스티에,2026-03-24,2026-04-20,54,917496,레이스나시,포포,민소매/나시,9000,2026-03-18,
1819,3월_뷔스티에,2026-03-24,2026-04-20,55,862307,허쉬 뷔스티에 원피스 세트 폴라 티셔츠 레이어드 플리츠 허리끈,에뚜왈 ,미니/미디원피스,27000,2026-01-12,
1819,3월_뷔스티에,2026-03-24,2026-04-20,56,917925,셔링나시,더별,민소매/나시,5000,2026-03-19,
1819,3월_뷔스티에,2026-03-24,2026-04-20,57,863692,페미닌한 무드 여름 뷔스티에 프릴 끈나시 블라우스 LDN-20250056,리더스셀러,민소매/나시,24200,2026-01-13,
1819,3월_뷔스티에,2026-03-24,2026-04-20,58,917926,셔링ST나시,더별,민소매/나시,5000,2026-03-19,
1819,3월_뷔스티에,2026-03-24,2026-04-20,59,905784,"슬림핏-레이스셔링크롭굴림나시-국내생산,골지,뷔스티에,이너,발레코어,봄여름",데일르,민소매/나시,5000,2026-02-27,
1819,3월_뷔스티에,2026-03-24,2026-04-20,60,910705,사무엘나시,리썸,민소매/나시,14000,2026-03-09,
1819,3월_뷔스티에,2026-03-24,2026-04-20,61,916607,레이어드뷔스티에(니트 단추나시 휴가룩 비치룩 데일리룩 날씬핏),쭈블리(JJUBLY),민소매/나시,13000,2026-03-17,
1820,3월_동물키링,2026-03-24,2026-04-15,0,938080,바다 인형 키링 _ 고래 범고래 돌고래 상어 핑크고래 인형 키고리,샤빌,키링/가방악세사리,3500,2026-04-09,
1820,3월_동물키링,2026-03-24,2026-04-15,1,936399,인형키링(악어),투게더플러스,키링/가방악세사리,2700,2026-04-08,
1820,3월_동물키링,2026-03-24,2026-04-15,2,937423,아기 물범 인형 키링 _ 흰색물범 스트랩 키링 키고리,샤빌,키링/가방악세사리,3500,2026-04-08,
1820,3월_동물키링,2026-03-24,2026-04-15,3,850714,곰인형 키링 백참 가방키홀더 핸드폰악세사리 체크치마 신상니트,마지,키링/가방악세사리,14000,2025-12-15,
1820,3월_동물키링,2026-03-24,2026-04-15,4,848836,목도리 (머리끈으로 사용가능) 멍멍이 케릭터 강아지 인형 키링 가방악세사리 가방고리,플랜제이,키링/가방악세사리,2000,2025-12-11,
1820,3월_동물키링,2026-03-24,2026-04-15,5,846858,핑크곰인형 키링 백참 가방키홀더 핸드폰악세사리 니트치마,마지,키링/가방악세사리,12000,2025-12-08,
1820,3월_동물키링,2026-03-24,2026-04-15,6,859385,스카프 빕 동물 인형 키링 KRHB601A,햇빛,키링/가방악세사리,1200,2026-01-06,
1820,3월_동물키링,2026-03-24,2026-04-15,7,861148,별모양 부드러운 인형 키링 카피바라-샴고양이 키링 백참 노이노이,노이노이,키링/가방악세사리,1000,2026-01-08,
1820,3월_동물키링,2026-03-24,2026-04-15,8,861160,탄곰돌이 인형 키링 폰꾸 백참 귀여운 인형 노이노이,노이노이,키링/가방악세사리,1200,2026-01-08,
1820,3월_동물키링,2026-03-24,2026-04-15,9,861139,미니 토끼 곰돌이 키링 원피스 인형 키링 노이노이,노이노이,키링/가방악세사리,5000,2026-01-08,
1820,3월_동물키링,2026-03-24,2026-04-15,10,853553,후드티 갈색 곰 인형 키링,필링,키링/가방악세사리,5500,2025-12-19,
1820,3월_동물키링,2026-03-24,2026-04-15,11,848682,피크닉 케이크 인형 키링 KRHB512C,햇빛,키링/가방악세사리,2000,2025-12-11,
1820,3월_동물키링,2026-03-24,2026-04-15,12,848190,특가 )블랙  별 토끼 진주 인형 키링 가방악세사리  가방고리,플랜제이,키링/가방악세사리,1500,2025-12-10,
1820,3월_동물키링,2026-03-24,2026-04-15,13,861181,푸들강아지 인형키링 노이노이,노이노이,키링/가방악세사리,1500,2026-01-08,
1820,3월_동물키링,2026-03-24,2026-04-15,14,922160,뽀글네잎클로버키링(신상),엠유에스,키링/가방악세사리,3500,2026-03-24,
1820,3월_동물키링,2026-03-24,2026-04-15,15,923408,러블리 리본 진주장식 토끼 인형 키링,캐릭터월드,키링/가방악세사리,3500,2026-03-25,
1820,3월_동물키링,2026-03-24,2026-04-15,16,922169,행운감자인형키링(신상),엠유에스,키링/가방악세사리,4000,2026-03-24,
1820,3월_동물키링,2026-03-24,2026-04-15,17,921207,뜨개니트st고양이키링(신상),엠유에스,키링/가방악세사리,3000,2026-03-24,
1820,3월_동물키링,2026-03-24,2026-04-15,18,917145,뜨개모자st만세곰돌이키링(신상),엠유에스,키링/가방악세사리,8000,2026-03-17,
1820,3월_동물키링,2026-03-24,2026-04-15,19,917132,런닝후드st곰돌이키링(신상),엠유에스,키링/가방악세사리,5500,2026-03-17,
1820,3월_동물키링,2026-03-24,2026-04-15,20,861431,강아지인형 키링 가방키홀더 백참 봄신상 니트원피스,마지,키링/가방악세사리,12000,2026-01-09,
1820,3월_동물키링,2026-03-24,2026-04-15,21,918633,체리푸딩키링,스르르,키링/가방악세사리,2000,2026-03-20,
1820,3월_동물키링,2026-03-24,2026-04-15,22,881467,데이트st곰돌이키링(신상),엠유에스,키링/가방악세사리,8000,2026-01-28,
1820,3월_동물키링,2026-03-24,2026-04-15,23,879605,여우비 키링 694 햄스터 햄토리,여우비,키링/가방악세사리,2500,2026-01-27,
1820,3월_동물키링,2026-03-24,2026-04-15,24,861184,귀엽고 부드러운 돼지인형 키링 노이노이,노이노이,키링/가방악세사리,1800,2026-01-08,
1820,3월_동물키링,2026-03-24,2026-04-15,25,901127,제작/ 뜨개 커스텀 야채 과일 거북이 감자 키링 ??,라유니크,키링/가방악세사리,4500,2026-02-23,
1820,3월_동물키링,2026-03-24,2026-04-15,26,859649,오리키링,디케이악세사리,키링/가방악세사리,3500,2026-01-07,
1820,3월_동물키링,2026-03-24,2026-04-15,27,917129,멜빵바지st아기곰키링(신상),엠유에스,키링/가방악세사리,12000,2026-03-17,
1820,3월_동물키링,2026-03-24,2026-04-15,28,888582,후드 곰돌이 초 러블리 키링 1COLOR AC8027,롱롱,키링/가방악세사리,3000,2026-02-05,
1820,3월_동물키링,2026-03-24,2026-04-15,29,917137,핑크티셔츠st미니곰돌이키링(신상),엠유에스,키링/가방악세사리,6000,2026-03-17,
1820,3월_동물키링,2026-03-24,2026-04-15,30,861465,귀여운 빅이어 토끼 인형 키링 노이노이,노이노이,키링/가방악세사리,3000,2026-01-09,
1820,3월_동물키링,2026-03-24,2026-04-15,31,769906,카피바라 인형 열쇠고리 키링,라이크미,키링/가방악세사리,1000,2025-08-28,
1820,3월_동물키링,2026-03-24,2026-04-15,32,861467,리본코어 빅이어 토끼 인형키링 키링 노이노이,노이노이,키링/가방악세사리,3000,2026-01-09,
1820,3월_동물키링,2026-03-24,2026-04-15,33,861132,빅이어 버니 원피스 토끼 인형 키링 노이노이,노이노이,키링/가방악세사리,5000,2026-01-08,
1820,3월_동물키링,2026-03-24,2026-04-15,34,896097,앙고라티강아지키링,라팡,키링/가방악세사리,5500,2026-02-11,
1820,3월_동물키링,2026-03-24,2026-04-15,35,867449,딸기 토끼 키티 수저 키링 열쇠고리 가방고리 가방악세사리,플랜제이,키링/가방악세사리,2000,2026-01-15,
1820,3월_동물키링,2026-03-24,2026-04-15,36,861486,귀여운 빅펭귄 인형 키링 3종 노이노이,노이노이,키링/가방악세사리,4000,2026-01-09,
1820,3월_동물키링,2026-03-24,2026-04-15,37,865262,세일)슬리피햄스터 키링 가방키링 열쇠고리 키홀더 동물키링 햄찌 가방꾸미기 KR1078,베이비블루 babyblue,키링/가방악세사리,3000,2026-01-14,
1820,3월_동물키링,2026-03-24,2026-04-15,38,861510,멜빵-자켓-무지 토끼인형키링 노이노이,노이노이,키링/가방악세사리,6500,2026-01-09,
1820,3월_동물키링,2026-03-24,2026-04-15,39,796876,데일리샵 플라밍고 키링 핑크  오리 열쇠고리 가방고리 악세사리,데일리샵,키링/가방악세사리,1500,2025-09-29,
1820,3월_동물키링,2026-03-24,2026-04-15,40,861988,요리사펭귄 키링,디케이악세사리,키링/가방악세사리,3000,2026-01-12,
1820,3월_동물키링,2026-03-24,2026-04-15,41,917161,축구선수st크림푸들키링(신상),엠유에스,키링/가방악세사리,10000,2026-03-17,
1820,3월_동물키링,2026-03-24,2026-04-15,42,917152,야구선수st원숭이키링(신상),엠유에스,키링/가방악세사리,5500,2026-03-17,
1820,3월_동물키링,2026-03-24,2026-04-15,43,917160,프릴프릴st크림푸들키링(신상),엠유에스,키링/가방악세사리,8000,2026-03-17,
1820,3월_동물키링,2026-03-24,2026-04-15,44,863528,귀여운  니트 강아지인형키홀더,캐릭터월드,키링/가방악세사리,4500,2026-01-13,
1820,3월_동물키링,2026-03-24,2026-04-15,45,861185,발레코어 리본 빅이어 강아지 키링 폰꾸 백참 노이노이,노이노이,키링/가방악세사리,2000,2026-01-08,
1820,3월_동물키링,2026-03-24,2026-04-15,46,854514,멜빵귀강아지키링,제이래빗,키링/가방악세사리,8000,2025-12-22,
1820,3월_동물키링,2026-03-24,2026-04-15,47,850461,복실이 멍멍이 강아지 멍충이 키링 가방고리 인형고리 가방악세사리 열쇠고리,플랜제이,키링/가방악세사리,2000,2025-12-15,
1820,3월_동물키링,2026-03-24,2026-04-15,48,917156,뜨개하트st동물3형제키링(핀색상랜덤)(신상),엠유에스,키링/가방악세사리,4500,2026-03-17,
1820,3월_동물키링,2026-03-24,2026-04-15,49,918596,프릴프릴토끼키링(신상),엠유에스,키링/가방악세사리,6000,2026-03-20,
1820,3월_동물키링,2026-03-24,2026-04-15,50,867443,리본푸들 토끼 키링 열쇠고리 가방고리 가방악세사리,플랜제이,키링/가방악세사리,1500,2026-01-15,
1820,3월_동물키링,2026-03-24,2026-04-15,51,896098,앞치마강아지키링,라팡,키링/가방악세사리,6500,2026-02-11,
1820,3월_동물키링,2026-03-24,2026-04-15,52,861135,빅이어 토끼 버니 인형 키링 노이노이 원피스토끼 토끼키링,노이노이,키링/가방악세사리,5000,2026-01-08,
1820,3월_동물키링,2026-03-24,2026-04-15,53,918595,키링 베어,디케이악세사리,키링/가방악세사리,2500,2026-03-20,
1820,3월_동물키링,2026-03-24,2026-04-15,54,880465,토끼 set,시그마갤러리,키링/가방악세사리,7000,2026-01-28,
1820,3월_동물키링,2026-03-24,2026-04-15,55,913596,키링 반려견 강아지털 보관 기억 추억 캡슐 투명 홀더 팬던트 가방고리,미라이컴퍼,키링/가방악세사리,1680,2026-03-11,
1820,3월_동물키링,2026-03-24,2026-04-15,56,918594,프릴원피스st김키링키링(신상),엠유에스,키링/가방악세사리,8500,2026-03-20,
1820,3월_동물키링,2026-03-24,2026-04-15,57,911467,스냅백st별고양이얼굴키링(신상),엠유에스,키링/가방악세사리,2000,2026-03-10,
1820,3월_동물키링,2026-03-24,2026-04-15,58,916608,인형키링,디케이악세사리,키링/가방악세사리,4000,2026-03-17,
1820,3월_동물키링,2026-03-24,2026-04-15,59,884783,토끼인형 키링 백참 가방키홀더 린넨원피스 봄신상,마지,키링/가방악세사리,17000,2026-02-02,
1820,3월_동물키링,2026-03-24,2026-04-15,60,917131,헤어터번st곰돌이키링(신상),엠유에스,키링/가방악세사리,6500,2026-03-17,
1820,3월_동물키링,2026-03-24,2026-04-15,61,881580,액막이 명태 인형키링 행운 재물키링,뉴얼리 newerly,키링/가방악세사리,5000,2026-01-28,
1820,3월_동물키링,2026-03-24,2026-04-15,62,841326,사진 다시 업데이트 예정))). 멍멍이 강아지 머리에 키링 열쇠고리 가방고리 핸드폰고리,플랜제이,키링/가방악세사리,1000,2025-11-30,
1820,3월_동물키링,2026-03-24,2026-04-15,63,899982,"스마일펭귄 인형키링,복슬펭귄키링",티제이,키링/가방악세사리,3000,2026-02-21,
1820,3월_동물키링,2026-03-24,2026-04-15,64,917130,일본기모노st아기곰키링(신상),엠유에스,키링/가방악세사리,8500,2026-03-17,
1820,3월_동물키링,2026-03-24,2026-04-15,65,843722,콘강아지키링,라팡,키링/가방악세사리,2000,2025-12-03,
1820,3월_동물키링,2026-03-24,2026-04-15,66,855201,뽀글귀강아지키링,라팡,키링/가방악세사리,7500,2025-12-23,
1820,3월_동물키링,2026-03-24,2026-04-15,67,852269,[ETC1488] 메롱강아지목도리키링,엔유이,키링/가방악세사리,6000,2025-12-17,
1820,3월_동물키링,2026-03-24,2026-04-15,68,910956,벌꿀곰인형키링(4c)가방키링,수피아,키링/가방악세사리,4000,2026-03-09,
1820,3월_동물키링,2026-03-24,2026-04-15,69,907567,개당 2000 물번 하프물범 봉제인형 볼체인(군번줄),더칼라,키링/가방악세사리,2000,2026-03-03,
1820,3월_동물키링,2026-03-24,2026-04-15,70,859231,니트코디강아지키링,림스비쥬,키링/가방악세사리,9000,2026-01-06,
1820,3월_동물키링,2026-03-24,2026-04-15,71,914736,인형키링(공 병아리),투게더플러스,키링/가방악세사리,2700,2026-03-13,
1820,3월_동물키링,2026-03-24,2026-04-15,72,916158,군고구마 인형키링,라온,키링/가방악세사리,1400,2026-03-16,
1820,3월_동물키링,2026-03-24,2026-04-15,73,889328,토끼인형 묶음키링,메르시,키링/가방악세사리,8000,2026-02-05,
1820,3월_동물키링,2026-03-24,2026-04-15,74,916777,날다 가오리~인형키링,티제이,키링/가방악세사리,3500,2026-03-17,
1820,3월_동물키링,2026-03-24,2026-04-15,75,876033,자석인형(강아지),투게더플러스,키링/가방악세사리,4000,2026-01-23,
1820,3월_동물키링,2026-03-24,2026-04-15,76,914012,물고기먹은 고양이 키링????,릴리,키링/가방악세사리,2000,2026-03-12,
1820,3월_동물키링,2026-03-24,2026-04-15,77,915376,키링 구름날아가는 꾸러기,디케이악세사리,키링/가방악세사리,3500,2026-03-15,
1820,3월_동물키링,2026-03-24,2026-04-15,78,876843,복실 강아지 인형키링,뉴얼리 newerly,키링/가방악세사리,4500,2026-01-25,
1820,3월_동물키링,2026-03-24,2026-04-15,79,915369,제작)야구팀 토끼인형 키링,소소공방,키링/가방악세사리,8000,2026-03-15,
1820,3월_동물키링,2026-03-24,2026-04-15,80,917150,농구공놀이하는 원숭이키링(신상),엠유에스,키링/가방악세사리,5000,2026-03-17,
1820,3월_동물키링,2026-03-24,2026-04-15,81,880316,화가 고양이 별을안은 고양이 키링 열쇠고리 가방고리 인형 뽑기 가방악세사리,플랜제이,키링/가방악세사리,1200,2026-01-28,
1820,3월_동물키링,2026-03-24,2026-04-15,82,883920,10cm 물고기 키링 _ 붕어 키고리 물고기인형 키고리,샤빌,키링/가방악세사리,1000,2026-02-01,
1820,3월_동물키링,2026-03-24,2026-04-15,83,914608,일본학생st동물키링(신상),엠유에스,키링/가방악세사리,7000,2026-03-13,
1820,3월_동물키링,2026-03-24,2026-04-15,84,915373,키링 개구리 (흔들면 소리나요),디케이악세사리,키링/가방악세사리,3500,2026-03-15,
1820,3월_동물키링,2026-03-24,2026-04-15,85,913743,키링 햄버거 강아지 키링,디케이악세사리,키링/가방악세사리,5500,2026-03-12,
1821,4월_키캡,2026-03-24,2026-04-21,0,921215,하트거울빗st키캡키링(신상),엠유에스,키링/가방악세사리,4500,2026-03-24,
1821,4월_키캡,2026-03-24,2026-04-21,1,921217,비즈리본하트 키캡키링(신상),엠유에스,키링/가방악세사리,4000,2026-03-24,
1821,4월_키캡,2026-03-24,2026-04-21,2,922012,LED 엘이디 라이트 발광 4구 키캡 파스텔 미니 키보드 키홀더 키링,단츄,키링/가방악세사리,2000,2026-03-24,
1821,4월_키캡,2026-03-24,2026-04-21,3,922227,1구 비비드 키캡 클리커 키링 노이노이,노이노이,키링/가방악세사리,1300,2026-03-24,
1821,4월_키캡,2026-03-24,2026-04-21,4,923442,(제작)과일키캡키링,라팡,키링/가방악세사리,1500,2026-03-25,
1821,4월_키캡,2026-03-24,2026-04-21,5,923445,(제작)디저트키캡키링,라팡,키링/가방악세사리,1500,2026-03-25,
1821,4월_키캡,2026-03-24,2026-04-21,6,923457,선주문) LED 진주 1구/4구 키캡키링,노이노이,키링/가방악세사리,1900,2026-03-25,
1821,4월_키캡,2026-03-24,2026-04-21,7,920989,(제작)토마토시리즈키캡키링,라팡,키링/가방악세사리,1500,2026-03-23,
1821,4월_키캡,2026-03-24,2026-04-21,8,918927,"빅 파스텔 어항키캡 키링LED,파스텔 클릭커 (일반키캡의 1.5배!!사이즈)",티제이,키링/가방악세사리,1400,2026-03-20,
1821,4월_키캡,2026-03-24,2026-04-21,9,919365,케이크 케잌 클릭커 클리커 키링 키캡,갓제트,키링/가방악세사리,4000,2026-03-20,
1821,4월_키캡,2026-03-24,2026-04-21,10,918473,LED 키캡 키꾸 키보드 키보드꾸미기 키캡꾸미기 키링,갓제트,키링/가방악세사리,2250,2026-03-19,
1821,4월_키캡,2026-03-24,2026-04-21,11,919802,"[K114] 제작 청축 딸깍 퐁신 슈가 글레이즈드 도넛 클릭커,키캡키링,푸드키링,소품샵",마이데이,키링/가방악세사리,5000,2026-03-22,
1821,4월_키캡,2026-03-24,2026-04-21,13,922226,2구 비비드 키캡 클리커 키링 노이노이,노이노이,키링/가방악세사리,1800,2026-03-24,
1821,4월_키캡,2026-03-24,2026-04-21,15,919360,클리커 3d프린트 키캡 키링 딸깍이 클릭커,갓제트,키링/가방악세사리,3500,2026-03-20,
1821,4월_키캡,2026-03-24,2026-04-21,16,918907,"빅빅 파스텔 LED키캡,빅 클릭커(일반키캡의 1.5배!!사이즈)",티제이,키링/가방악세사리,1400,2026-03-20,
1821,4월_키캡,2026-03-24,2026-04-21,17,917457,파스텔 키캡 키링 9구 4구 LED 키링 고양이,갓제트,완구/인형,900,2026-03-18,
1821,4월_키캡,2026-03-24,2026-04-21,18,913599,?????♀? Led 쿠키 오리 고양이 키캡 키링,아수네잡화점,키링/가방악세사리,1900,2026-03-11,
1821,4월_키캡,2026-03-24,2026-04-21,19,917220,C38 투명 하트 러브 클리어 키캡 키캡꾸미기 키보드 LED 키링 클릭커 ASMR,위드삐삐마켓,기타,1000,2026-03-17,
1821,4월_키캡,2026-03-24,2026-04-21,20,917219,C37 테디베어 곰돌이 인형 키캡 키캡꾸미기 키보드 LED 키링 클릭커 ASMR,위드삐삐마켓,기타,1200,2026-03-17,
1821,4월_키캡,2026-03-24,2026-04-21,21,913657,LED행운한글메시지키캡키링(신상),엠유에스,키링/가방악세사리,3500,2026-03-11,
1821,4월_키캡,2026-03-24,2026-04-21,22,916330,(제작)지그재그키캡키링,라팡,키링/가방악세사리,2500,2026-03-16,
1821,4월_키캡,2026-03-24,2026-04-21,23,912982,선주문) LED 투톤 나비 플라워 키캡 (랜덤배열),노이노이,키링/가방악세사리,1900,2026-03-11,
1821,4월_키캡,2026-03-24,2026-04-21,24,916325,(제작)내꺼키캡키링,라팡,키링/가방악세사리,2500,2026-03-16,
1821,4월_키캡,2026-03-24,2026-04-21,25,910790,LED십이간지키캡키링(재입고완료),엠유에스,키링/가방악세사리,2000,2026-03-09,
1821,4월_키캡,2026-03-24,2026-04-21,26,910460,당일출고?????♀? Led 핑크 블루 나비 키캡 키링(키링 달려있음),아수네잡화점,키링/가방악세사리,1800,2026-03-07,
1821,4월_키캡,2026-03-24,2026-04-21,27,912978,LED 올투명 키캡키링 클리커 노이노이,노이노이,키링/가방악세사리,900,2026-03-11,
1821,4월_키캡,2026-03-24,2026-04-21,28,899837,루루체리키캡키링,라팡,키링/가방악세사리,2500,2026-02-20,
1821,4월_키캡,2026-03-24,2026-04-21,29,913691,led 프렛즐 키캡 키링,뉴얼리 newerly,키링/가방악세사리,1600,2026-03-11,
1821,4월_키캡,2026-03-24,2026-04-21,30,911112,"[made.by.tj] 재입고완료!!!토종 포슬감자 2구 LED키캡,감자 클릭커",티제이,키링/가방악세사리,2800,2026-03-09,
1821,4월_키캡,2026-03-24,2026-04-21,31,910459,당일출고?????♀? Led 블랙앤 화이트 나비 키캡 키링(키링 달려있음),아수네잡화점,키링/가방악세사리,1800,2026-03-07,
1821,4월_키캡,2026-03-24,2026-04-21,32,908852,진주조개 뚜껑 부자재 키캡 키링 군번줄 키보드 클릭,달다,비즈/아크릴/호마이카 ,800,2026-03-05,
1821,4월_키캡,2026-03-24,2026-04-21,33,913693,led 만두 키캡 키보드 키링,뉴얼리 newerly,키링/가방악세사리,1800,2026-03-11,
1821,4월_키캡,2026-03-24,2026-04-21,34,908838,조개 조약돌 마블링 뚜껑 부자재 키캡 키링 군번줄 키보드 클릭,달다,비즈/아크릴/호마이카 ,900,2026-03-05,
1821,4월_키캡,2026-03-24,2026-04-21,35,910569,LED컴백홈키캡키링(신상),엠유에스,키링/가방악세사리,3500,2026-03-08,
1821,4월_키캡,2026-03-24,2026-04-21,36,908835,하트 단추 뚜껑 부자재 키캡 키링 군번줄 키보드 클릭,달다,비즈/아크릴/호마이카 ,700,2026-03-05,
1821,4월_키캡,2026-03-24,2026-04-21,37,910980,LED십이간지후로킹키캡키링(재입고완료),엠유에스,키링/가방악세사리,3000,2026-03-09,
1821,4월_키캡,2026-03-24,2026-04-21,38,905200,[ 1구키캡] 천사 날개 키캡 키캡키링,니어앤디어,키링/가방악세사리,2000,2026-02-26,
1821,4월_키캡,2026-03-24,2026-04-21,39,912981,선주문)LED 행운클로버 4구 /1구 키캡 (1구 컬러랜덤),노이노이,키링/가방악세사리,1900,2026-03-11,
1821,4월_키캡,2026-03-24,2026-04-21,40,905674,?????♀? Led 강아지 이름이 머랭 키캡 키링,아수네잡화점,키링/가방악세사리,1900,2026-02-26,
1821,4월_키캡,2026-03-24,2026-04-21,41,905213,[ 1구 키캡 ] 빨간과일 채소 토마토 체리 딸기 키캡 키캡키링,니어앤디어,키링/가방악세사리,2000,2026-02-26,
1821,4월_키캡,2026-03-24,2026-04-21,42,894547,제작)하트크로버키캡키링(미송필수),라팡,키링/가방악세사리,2500,2026-02-10,
1821,4월_키캡,2026-03-24,2026-04-21,43,904462,?????♀? Led 예쁜 체리 키캡 키링,아수네잡화점,키링/가방악세사리,1700,2026-02-25,
1821,4월_키캡,2026-03-24,2026-04-21,44,893547,"[K106] 국내 핑크빛 나루토 마키 클릭커,키캡키링,우정템,백꾸",마이데이,키링/가방악세사리,9000,2026-02-10,
1821,4월_키캡,2026-03-24,2026-04-21,45,900940,LED피자키캡키링(마감세일),엠유에스,키링/가방악세사리,1500,2026-02-23,
1821,4월_키캡,2026-03-24,2026-04-21,46,901137,제작/ 토마토 거북이 LED 키캡 키링 ??,라유니크,키링/가방악세사리,2100,2026-02-23,
1821,4월_키캡,2026-03-24,2026-04-21,47,893536,"파츠랜덤,제작) 야채 과일 키캡 키링 _ 채소 미니어쳐 키캡 키고리",샤빌,키링/가방악세사리,2800,2026-02-10,
1821,4월_키캡,2026-03-24,2026-04-21,48,910208,"[K109] 제작 3D 청축 Y2K 키치 힙 투스 이빨 클릭커 키링,키캡키링,이빨,힙,키캡",마이데이,키링/가방악세사리,4000,2026-03-06,
1821,4월_키캡,2026-03-24,2026-04-21,49,908821,물결 불가사리 투명 뚜껑 부자재 키캡 키링 군번줄 키보드 클릭,달다,비즈/아크릴/호마이카 ,700,2026-03-05,
1821,4월_키캡,2026-03-24,2026-04-21,50,907893,딸기날개 키캡 클릭커 키링,앤디어,키링/가방악세사리,3500,2026-03-03,
1821,4월_키캡,2026-03-24,2026-04-21,51,893286,눈사람 2구 키캡 클릭커 키보드 키링,달다,키링/가방악세사리,3600,2026-02-09,
1821,4월_키캡,2026-03-24,2026-04-21,52,907892,네잎클로버 키캡 클릭커 키링,앤디어,키링/가방악세사리,3300,2026-03-03,
1821,4월_키캡,2026-03-24,2026-04-21,53,907890,유니콘 키캡 클릭커 키링,앤디어,키링/가방악세사리,4500,2026-03-03,
1821,4월_키캡,2026-03-24,2026-04-21,54,910602,LED MBTI키캡키링(마감세일),엠유에스,키링/가방악세사리,2500,2026-03-08,
1821,4월_키캡,2026-03-24,2026-04-21,55,899530,현생키캡키링,제이래빗,키링/가방악세사리,2000,2026-02-19,
1821,4월_키캡,2026-03-24,2026-04-21,56,910571,LED영문감성키캡키링(신상),엠유에스,키링/가방악세사리,3500,2026-03-08,
1821,4월_키캡,2026-03-24,2026-04-21,57,896774,26봄)로그101  럭키키캡키링,소나타,기타,8000,2026-02-12,
1821,4월_키캡,2026-03-24,2026-04-21,58,896773,26봄)로그101  크로버키캡키링,소나타,기타,5000,2026-02-12,
1821,4월_키캡,2026-03-24,2026-04-21,59,897531,?????♀? Led 미니 거북이 키캡 키링,아수네잡화점,키링/가방악세사리,1800,2026-02-13,
1821,4월_키캡,2026-03-24,2026-04-21,60,896070,"[K107] 포근한 케첩 냥 오므라이스 클릭커,키캡키링,우정템,친구선물",마이데이,키링/가방악세사리,9000,2026-02-11,
1821,4월_키캡,2026-03-24,2026-04-21,61,910629,Led 파스텔 1구 키캡,힌네,기타부속재료,900,2026-03-08,
1821,4월_키캡,2026-03-24,2026-04-21,62,896069,Led 바다물범 키캡 키링,아수네잡화점,키링/가방악세사리,2000,2026-02-11,
1821,4월_키캡,2026-03-24,2026-04-21,63,896570,제작/ 구황작물 LED키캡 키링 ??????,라유니크,키링/가방악세사리,2100,2026-02-12,
1821,4월_키캡,2026-03-24,2026-04-21,64,910603,LED과일밈키캡키링(재입고완료),엠유에스,키링/가방악세사리,3500,2026-03-08,
1821,4월_키캡,2026-03-24,2026-04-21,65,910785,LED일상생활키캡키링(신상),엠유에스,키링/가방악세사리,2000,2026-03-09,
1821,4월_키캡,2026-03-24,2026-04-21,66,910601,LED한글감성키캡키링(신상),엠유에스,키링/가방악세사리,3500,2026-03-08,
1821,4월_키캡,2026-03-24,2026-04-21,67,896113,투명 3구 클리커 키캡키링 노이노이,노이노이,키링/가방악세사리,1500,2026-02-11,
1821,4월_키캡,2026-03-24,2026-04-21,68,896074,?????♀? Led 대왕 병아리 눕방 키캡 키링,아수네잡화점,키링/가방악세사리,2200,2026-02-11,
1821,4월_키캡,2026-03-24,2026-04-21,69,907889,도트별 키캡 클릭커 키링,앤디어,키링/가방악세사리,3500,2026-03-03,
1821,4월_키캡,2026-03-24,2026-04-21,70,907887,올리브단추 키캡 클릭커 키링,앤디어,키링/가방악세사리,4500,2026-03-03,
1821,4월_키캡,2026-03-24,2026-04-21,71,910613,LED감정표현키캡키링(신상),엠유에스,키링/가방악세사리,2000,2026-03-08,
1821,4월_키캡,2026-03-24,2026-04-21,72,895884,[자체제작] 두쫀쿠 클리커키캡키링,챌렉트,키링/가방악세사리,8500,2026-02-11,
1821,4월_키캡,2026-03-24,2026-04-21,73,906480,[ETC1533] 심플나비3구키캡키링,엔유이,키링/가방악세사리,4000,2026-02-27,
1821,4월_키캡,2026-03-24,2026-04-21,74,894600,키캡 딸깍이 키보드 LED 키링 클릭커 ASM 오렌지 귤 제주도 한라봉 1구,위드삐삐마켓,기타,2500,2026-02-11,
1821,4월_키캡,2026-03-24,2026-04-21,75,894581,키캡 딸깍이 키보드 LED 키링 클릭커 ASM 캡 헤드 맥주 사이다 음료수,위드삐삐마켓,기타,1600,2026-02-11,
1821,4월_키캡,2026-03-24,2026-04-21,76,904468,?????♀? Led 예쁜 딸기 키캡 키링,아수네잡화점,키링/가방악세사리,1700,2026-02-25,
1821,4월_키캡,2026-03-24,2026-04-21,77,894576,키캡 딸깍이 키보드 LED 키링 클릭커 ASM 오렌지 한라봉 귤 제주도 과일 깐귤 안깐귤,위드삐삐마켓,기타,1100,2026-02-10,
1821,4월_키캡,2026-03-24,2026-04-21,78,891819,스터드스타키캡키링,에그니 ,키링/가방악세사리,4600,2026-02-08,
1821,4월_키캡,2026-03-24,2026-04-21,79,905208,[ 1구키캡 ] 파스텔 스타 별 키캡 키캡키링,니어앤디어,키링/가방악세사리,2000,2026-02-26,
1821,4월_키캡,2026-03-24,2026-04-21,80,904481,?????♀? Led 토마토 행운 체리 4구 키캡 키링,아수네잡화점,키링/가방악세사리,6000,2026-02-25,
1821,4월_키캡,2026-03-24,2026-04-21,81,900938,LED방전키캡키링(신상),엠유에스,키링/가방악세사리,3000,2026-02-23,
1821,4월_키캡,2026-03-24,2026-04-21,82,902461,화투 다이아몬드 광박 고스톱 포카 카드 포커 1구 LED 야광 불빛 키캡 키링 키보드 자판,위드삐삐마켓,키링/가방악세사리,2500,2026-02-24,
1821,4월_키캡,2026-03-24,2026-04-21,83,893075,병아리 발바닥 키보드 키링 키캡키링,누보,키링/가방악세사리,5000,2026-02-09,
1821,4월_키캡,2026-03-24,2026-04-21,84,902547,치즈 1구 바디 키캡바디 키캡 키링 컬러 키보드 자판 동대문 꾸미기 키캡꾸미기 딸깍이 클리,위드삐삐마켓,키링/가방악세사리,2000,2026-02-24,
1821,4월_키캡,2026-03-24,2026-04-21,85,900413,?????♀? Led 리본 키캡 키링,아수네잡화점,키링/가방악세사리,1800,2026-02-22,
1821,4월_키캡,2026-03-24,2026-04-21,86,900460,led키캡 실버별 블랙 클릭커 키캡키링,체리잡화점,키링/가방악세사리,2300,2026-02-23,
1821,4월_키캡,2026-03-24,2026-04-21,87,900405,?????♀? Led 커피한잔 키캡 키링,아수네잡화점,키링/가방악세사리,1800,2026-02-22,
1821,4월_키캡,2026-03-24,2026-04-21,88,899918,[LED] 토마토?? 1구 키캡 키링 클릭커,릴리,키링/가방악세사리,2500,2026-02-21,
1821,4월_키캡,2026-03-24,2026-04-21,89,899992,[ 1구키캡 ] led 조약돌 키캡 키링 3버전,니어앤디어,키링/가방악세사리,1500,2026-02-21,
1821,4월_키캡,2026-03-24,2026-04-21,90,892644,2구 조약돌 키캡키링,스르르,키링/가방악세사리,1700,2026-02-09,
1821,4월_키캡,2026-03-24,2026-04-21,91,900397,?????♀? Led 크리스탈 천사 날개 키캡 키링,아수네잡화점,키링/가방악세사리,1800,2026-02-22,
1821,4월_키캡,2026-03-24,2026-04-21,92,892642,고양이 키캡키링 2종,스르르,키링/가방악세사리,1500,2026-02-09,
1821,4월_키캡,2026-03-24,2026-04-21,93,893009,1구 키보드 키링 키캡키링,누보,키링/가방악세사리,1500,2026-02-09,
1821,4월_키캡,2026-03-24,2026-04-21,94,899131,?? led키캡 와플 키캡키링 클릭커 와플키링,체리잡화점,키링/가방악세사리,2000,2026-02-18,
1821,4월_키캡,2026-03-24,2026-04-21,95,900944,LED사랑키캡키링(마감세일),엠유에스,키링/가방악세사리,1500,2026-02-23,
1821,4월_키캡,2026-03-24,2026-04-21,96,893073,무지 키보드키링 키캡키링,누보,키링/가방악세사리,3500,2026-02-09,
1821,4월_키캡,2026-03-24,2026-04-21,97,892638,러키러브 키캡키링 2종,스르르,키링/가방악세사리,2300,2026-02-09,
1821,4월_키캡,2026-03-24,2026-04-21,98,899529,제작)자존감키캡키링,제이래빗,키링/가방악세사리,2500,2026-02-19,
1821,4월_키캡,2026-03-24,2026-04-21,99,899085,하트프린팅 사구 키캡 키링 _ 하트키캡 키링 키고리,샤빌,키링/가방악세사리,3000,2026-02-18,
1821,4월_키캡,2026-03-24,2026-04-21,100,898300,led 레인보우 하트 키캡 _ 사구 투명 하트 키캡키링 타자기 키링,샤빌,키링/가방악세사리,3000,2026-02-16,
1821,4월_키캡,2026-03-24,2026-04-21,101,899169,led키캡 바다조개 키캡키링 클릭커키링 조개키링,체리잡화점,키링/가방악세사리,1900,2026-02-18,
1821,4월_키캡,2026-03-24,2026-04-21,102,898294,[ 1구 키캡 ] 빵 거북이 키캡 키링 랜덤 (무광 버전),니어앤디어,키링/가방악세사리,2000,2026-02-16,
1821,4월_키캡,2026-03-24,2026-04-21,103,898680,하트 키캡키링 *LED없음*,쥬쥬마켓,비즈/아크릴/호마이카 ,1100,2026-02-17,
1821,4월_키캡,2026-03-24,2026-04-21,104,898499,사구 동물 키캡 키링 _ 고양이키캡 곰돌이키캡 4구키캡,샤빌,키링/가방악세사리,3000,2026-02-16,
1821,4월_키캡,2026-03-24,2026-04-21,105,908812,미니조약돌 뚜껑 부자재 키캡 키링 군번줄 키보드 클릭커,달다,비즈/아크릴/호마이카 ,900,2026-03-05,
1821,4월_키캡,2026-03-24,2026-04-21,106,894545,제작)남친여친키캡키링(미송필수),라팡,키링/가방악세사리,2500,2026-02-10,
1821,4월_키캡,2026-03-24,2026-04-21,107,893323,led 파스텔 9구 키캡 키링 _ led 키캡 키고리,샤빌,키링/가방악세사리,5500,2026-02-09,
1821,4월_키캡,2026-03-24,2026-04-21,108,893316,빵 마시멜로우 마시멜로 키캡 키링 컬러 키보드 자판 동대문 꾸미기 키캡꾸미기 딸깍이 클리커,위드삐삐마켓,키링/가방악세사리,4000,2026-02-09,
1821,4월_키캡,2026-03-24,2026-04-21,109,897379,?????♀? Led 토마토 네잎클로버 거북이 하리보 4구 키캡 키링,아수네잡화점,키링/가방악세사리,6500,2026-02-13,
1821,4월_키캡,2026-03-24,2026-04-21,110,893314,바디 키캡바디 키캡 키링 컬러 키보드 자판 동대문 꾸미기 키캡꾸미기 딸깍이 클리커 LED,위드삐삐마켓,기타,1500,2026-02-09,
1821,4월_키캡,2026-03-24,2026-04-21,111,896067,?????♀?Led 마법의 소라고동 키캡 키링,아수네잡화점,키링/가방악세사리,2200,2026-02-11,
1821,4월_키캡,2026-03-24,2026-04-21,112,893312,엔젤파스텔4구키캡키링,에그니 ,키링/가방악세사리,5000,2026-02-09,
1821,4월_키캡,2026-03-24,2026-04-21,113,898450,기본 컬러 한구짜리 키캡 키보드,플랜제이,키링/가방악세사리,1000,2026-02-16,
1821,4월_키캡,2026-03-24,2026-04-21,114,893285,토마토 귤 2구 키캡 클릭커 키보드 키링,달다,키링/가방악세사리,3600,2026-02-09,
1821,4월_키캡,2026-03-24,2026-04-21,115,893290,멜팅하트 키캡 뚜껑 클릭커 키보드 헤드,달다,비즈/아크릴/호마이카 ,800,2026-02-09,
1821,4월_키캡,2026-03-24,2026-04-21,116,892084,LED 키캡 볼 _ 키캡공 스트레스볼 타자기볼 스트레스공,샤빌,기타,5500,2026-02-08,
1821,4월_키캡,2026-03-24,2026-04-21,117,892637,4구 하트키캡 키링 2종,스르르,키링/가방악세사리,3900,2026-02-09,
1821,4월_키캡,2026-03-24,2026-04-21,118,892290,곰돌이빵 키캡 부자재,라온,펜던트,2400,2026-02-09,
1821,4월_키캡,2026-03-24,2026-04-21,119,893288,콩눈이 2구 파스텔 키캡 클릭커 키보드 키링,달다,키링/가방악세사리,3600,2026-02-09,
1821,4월_키캡,2026-03-24,2026-04-21,120,892004,"[K102] 국내 3D 폭닥 빈티지 푸딩 클릭커,키캡키링,푸딩키링,우정템,백꾸",마이데이,키링/가방악세사리,9000,2026-02-08,
1821,4월_키캡,2026-03-24,2026-04-21,121,892456,딸깍 클리커 키링 _ 볼펜소리 4구키캡 사구 키캡키링,샤빌,키링/가방악세사리,1800,2026-02-09,
1833,4월_레이스 상의,2026-04-13,2026-05-14,0,937429,언발레이스 면티,달고나,반소매,13000,2026-04-08,
1833,4월_레이스 상의,2026-04-13,2026-05-14,1,936190,레이스나시,르베이스,민소매/나시,14000,2026-04-08,
1833,4월_레이스 상의,2026-04-13,2026-05-14,2,941077,레이스 핀턱 퍼프소매 반팔 블라우스,인스타,블라우스,15000,2026-04-13,
1833,4월_레이스 상의,2026-04-13,2026-05-14,3,935282,"레이스베스트CD(린넨,레이어드시스루 나시 가디건니트NT)2026",메이비앤코,가디건,12000,2026-04-07,
1833,4월_레이스 상의,2026-04-13,2026-05-14,4,941038,"26여름신상_플라워레이스반팔T(레이스포인트,플라워자수,단추,세미크롭",카라멜,반소매,8500,2026-04-13,
1833,4월_레이스 상의,2026-04-13,2026-05-14,5,937421,"[대박상품][레이스,티셔츠,블라우스]  하단 레이스T",엣지,반소매,11000,2026-04-08,
1833,4월_레이스 상의,2026-04-13,2026-05-14,6,937516,치드 슬림 레이스 골지 반팔티,벨리노(Bellino),니트/스웨터,11000,2026-04-08,
1833,4월_레이스 상의,2026-04-13,2026-05-14,7,937419,레이스v넥T 0829,엣지,반소매,9000,2026-04-08,
1833,4월_레이스 상의,2026-04-13,2026-05-14,8,940293,신상바배)브이넥레이스나시,니트랑,니트/스웨터,7000,2026-04-11,
1833,4월_레이스 상의,2026-04-13,2026-05-14,9,935275,캉캉레이스슬립bl(미니ops)언발 나시 블라우스레이어드 2026ss,메이비앤코,미니/미디원피스,21000,2026-04-07,
1833,4월_레이스 상의,2026-04-13,2026-05-14,10,931466,자가드레이스티,더별,반소매,7000,2026-04-03,
1833,4월_레이스 상의,2026-04-13,2026-05-14,11,931154,도일리탑(나시 민소매 레이스 펀칭 자수),샐러드,민소매/나시,19000,2026-04-02,
1833,4월_레이스 상의,2026-04-13,2026-05-14,12,931643,레이스 컷워크 브이넥 리프 블라우스,달루즈미,블라우스,19000,2026-04-03,
1833,4월_레이스 상의,2026-04-13,2026-05-14,13,931058,발레캐미나시(끈나시 레이스나시 레이스 반팔),샐러드,민소매/나시,19000,2026-04-02,
1833,4월_레이스 상의,2026-04-13,2026-05-14,14,934943,레이스나시,치치 (CHICHI),민소매/나시,10000,2026-04-07,
1833,4월_레이스 상의,2026-04-13,2026-05-14,15,935268,"레이스슬립드레스(슬리브리스 롱OPS,셀프웨딩 러블리dres 2026",메이비앤코,롱원피스,29000,2026-04-07,
1833,4월_레이스 상의,2026-04-13,2026-05-14,16,930922,플럼BL(레이스 블라우스 브이넥),샐러드,블라우스,10000,2026-04-02,
1833,4월_레이스 상의,2026-04-13,2026-05-14,17,934949,레이스스카시가디건,치치 (CHICHI),가디건,12000,2026-04-07,
1833,4월_레이스 상의,2026-04-13,2026-05-14,18,930743,슬림리본티(리본 레이스 브이넥 반팔 반팔티 캡소매),샐러드,반소매,16000,2026-04-02,
1833,4월_레이스 상의,2026-04-13,2026-05-14,19,930740,엠보레이스BL(블라우스 엠보 레이스 반팔),샐러드,블라우스,24000,2026-04-02,
1833,4월_레이스 상의,2026-04-13,2026-05-14,20,930711,마가렛BL(레이스 브이넥 리본 퍼프 반팔 블라우스),샐러드,블라우스,18000,2026-04-02,
1833,4월_레이스 상의,2026-04-13,2026-05-14,21,930701,앤디BL(블라우스 레이스 리본),샐러드,블라우스,22000,2026-04-02,
1833,4월_레이스 상의,2026-04-13,2026-05-14,22,929977,슬릿 레이스 스판티,휼(HUUL),반소매,28000,2026-04-01,
1833,4월_레이스 상의,2026-04-13,2026-05-14,23,929299,신상)꽃레이스 카라 반팔 블라우스,로라,블라우스,12000,2026-04-01,
1833,4월_레이스 상의,2026-04-13,2026-05-14,24,924462,레이스 나시 [T250],벨벳아이비,민소매/나시,20000,2026-03-26,
1833,4월_레이스 상의,2026-04-13,2026-05-14,25,917496,레이스나시,포포,민소매/나시,9000,2026-03-18,
1833,4월_레이스 상의,2026-04-13,2026-05-14,26,911404,플로라 세트(나시 레이스 캡소매 반팔 시스루 발레코어 유니크 러블리),뉴비(New B),투피스,13000,2026-03-10,
1833,4월_레이스 상의,2026-04-13,2026-05-14,27,911166,레이스 빅카라 캉캉 프릴 블라우스,진(JIN),블라우스,15000,2026-03-09,
1833,4월_레이스 상의,2026-04-13,2026-05-14,28,924333,레인프릴나시원피스(여름신상 레이어드 셔링 끈 뷔스티에 레이스 슬리브리스),플랫유,미니/미디원피스,16000,2026-03-26,
1833,4월_레이스 상의,2026-04-13,2026-05-14,29,907413,봄신상 레이스셔링블라우스,브로떼,블라우스,42000,2026-03-03,
1833,4월_레이스 상의,2026-04-13,2026-05-14,30,908089,레이스 퍼프 블라우스,도파민,블라우스,14000,2026-03-04,
1833,4월_레이스 상의,2026-04-13,2026-05-14,31,912004,앤틱 펀칭 레이스 블라우스 510,스코프,블라우스,11000,2026-03-10,
1833,4월_레이스 상의,2026-04-13,2026-05-14,32,908085,레이스 퍼프 블라우스,도파민,블라우스,14000,2026-03-04,
1833,4월_레이스 상의,2026-04-13,2026-05-14,33,907353,26ss)V 여리 레이스 블라우스,로라,블라우스,10000,2026-03-03,
1833,4월_레이스 상의,2026-04-13,2026-05-14,34,912000,메모리즈 펀칭 레이스 롱 셔츠원피스 B1187,스코프,롱원피스,26000,2026-03-10,
1833,4월_레이스 상의,2026-04-13,2026-05-14,35,899422,26SS-샤인T (가슴트임 레이스 넥끈 리본 조절 긴팔 봄신상 티셔츠 스판),샷건,긴소매,12000,2026-02-19,
1833,4월_레이스 상의,2026-04-13,2026-05-14,36,915418,신상)4825 레이스 브이넥 나시,까망여시,민소매/나시,13000,2026-03-16,
1833,4월_레이스 상의,2026-04-13,2026-05-14,37,916586,러블리 가디건 (브이넥 펀칭 레이스 니트,데이원(dayone),가디건,6500,2026-03-17,
1833,4월_레이스 상의,2026-04-13,2026-05-14,38,915112,신상)8589 레이스 나시 - 블라우스 셋트,퍼프,블라우스,20000,2026-03-14,
1833,4월_레이스 상의,2026-04-13,2026-05-14,39,916557,단가라레이스나시,제이투,민소매/나시,6000,2026-03-17,
1833,4월_레이스 상의,2026-04-13,2026-05-14,40,909730,프릴레이스 3컬러 리본 슬립 레이어드 나시 봄 여름 신상 데이트 데일리,톡샵,민소매/나시,10000,2026-03-06,
1833,4월_레이스 상의,2026-04-13,2026-05-14,41,908084,로맨틱 레이스 블라우스,코코블리,블라우스,15000,2026-03-04,
1833,4월_레이스 상의,2026-04-13,2026-05-14,42,911412,레이스나시 뷔스티에 단추 조끼,이츠벨라,조끼,10000,2026-03-10,
1833,4월_레이스 상의,2026-04-13,2026-05-14,43,899552,페스토NB (재진행 자수 레이스 남방 셔츠 반팔 티셔츠),더블에이치,셔츠/남방,25000,2026-02-20,
1833,4월_레이스 상의,2026-04-13,2026-05-14,44,924379,디플리 레이스 언발 쉬폰 레이어드 나시 블라우스 1082,스코프,민소매/나시,12000,2026-03-26,
1833,4월_레이스 상의,2026-04-13,2026-05-14,45,923997,엔젤 레이스 레이어드 OPS,블랙코튼,미니/미디원피스,12000,2026-03-26,
1833,4월_레이스 상의,2026-04-13,2026-05-14,46,923020,인기)한송이 면레이스 반팔 원피스,로라,롱원피스,23000,2026-03-25,
1833,4월_레이스 상의,2026-04-13,2026-05-14,47,921751,엔젤레이스원피스,제이투,미니/미디원피스,16000,2026-03-24,
1833,4월_레이스 상의,2026-04-13,2026-05-14,48,921409,H2628 레이스 퍼프 소매 티,에이치투,반소매,14000,2026-03-24,
1833,4월_레이스 상의,2026-04-13,2026-05-14,49,923028,인기)점레이스 끈나시,로라,민소매/나시,9000,2026-03-25,
1833,4월_레이스 상의,2026-04-13,2026-05-14,50,918562,숄레이스남방,베리베리,셔츠/남방,17000,2026-03-20,
1833,4월_레이스 상의,2026-04-13,2026-05-14,51,921403,"744여리핏 사쿠라 래이스 프릴 레이스 조끼(데일리,캠퍼스,오피스룩)",예쁜해파리,조끼,7000,2026-03-24,
1833,4월_레이스 상의,2026-04-13,2026-05-14,52,915408,신상)8482 레이스 조끼 - 티 셋트,퍼프,반소매,16000,2026-03-15,
1833,4월_레이스 상의,2026-04-13,2026-05-14,53,914667,707 러블리 플라워 레이스 민소메 블라우스(청순 벚꽃 봄여신 여리핏),예쁜해파리,민소매/나시,15000,2026-03-13,
1833,4월_레이스 상의,2026-04-13,2026-05-14,54,923015,신상)줄줄이레이스 롱뷔스티에,로라,민소매/나시,17000,2026-03-25,
1833,4월_레이스 상의,2026-04-13,2026-05-14,55,915115,신상)8589 레이스 나시 - 블라우스 셋트,까망여시,블라우스,20000,2026-03-14,
1833,4월_레이스 상의,2026-04-13,2026-05-14,56,913302,(26SS)레이스캉캉원피스,사이다,롱원피스,19000,2026-03-11,
1833,4월_레이스 상의,2026-04-13,2026-05-14,57,910762,로망레이스이너탑세트,유안느,투피스,15000,2026-03-09,
1833,4월_레이스 상의,2026-04-13,2026-05-14,58,913741,쁘띠레이스나시,미니멀,민소매/나시,7000,2026-03-12,
1833,4월_레이스 상의,2026-04-13,2026-05-14,59,882667,신상)1171 레이스 프릴 후드 자켓,퍼프,자켓,21000,2026-01-29,
1833,4월_레이스 상의,2026-04-13,2026-05-14,60,888545,신상)1171 레이스 프릴 후드 자켓,퍼프,집업/점퍼,21000,2026-02-04,
1833,4월_레이스 상의,2026-04-13,2026-05-14,61,891635,쁘띠리본레이스긴팔티봄신상,고릴라,긴소매,9000,2026-02-07,
1833,4월_레이스 상의,2026-04-13,2026-05-14,62,904656,"26SS, 페미닌후드 자수 레이스 블라우스",퀸더힐,블라우스,38000,2026-02-26,
1833,4월_레이스 상의,2026-04-13,2026-05-14,63,885349,세일)줄레이스 리본 블라우스,로라,블라우스,5000,2026-02-02,
1833,4월_레이스 상의,2026-04-13,2026-05-14,64,884229,레이스프릴슬립원피스,유안느,민소매/나시,12000,2026-02-02,
1833,4월_레이스 상의,2026-04-13,2026-05-14,65,878465,신상)2295 펀칭 레이스 블라우스,퍼프,블라우스,17000,2026-01-27,
1833,4월_레이스 상의,2026-04-13,2026-05-14,66,899556,노마레이스BL (신상 세미크롭 레이스 자수 블라우스),더블에이치,블라우스,17000,2026-02-20,
1833,4월_레이스 상의,2026-04-13,2026-05-14,67,906508,"26SS,부두아룩 레이스 사틴롱원피스",퀸더힐,롱원피스,29000,2026-02-28,
1833,4월_레이스 상의,2026-04-13,2026-05-14,68,907414,신상 레이스카라블라우스,브로떼,블라우스,38000,2026-03-03,
1833,4월_레이스 상의,2026-04-13,2026-05-14,69,875298,주문폭주)일자레이스 어깨나시 레이어드,로라,민소매/나시,7000,2026-01-23,
1833,4월_레이스 상의,2026-04-13,2026-05-14,70,877109,세일)랩 레이스티,로라,긴소매,5000,2026-01-26,
1833,4월_레이스 상의,2026-04-13,2026-05-14,71,894785,878레이스코디탑,더클리닝,긴소매,7000,2026-02-11,
1833,4월_레이스 상의,2026-04-13,2026-05-14,72,877121,오버핏 레이스 배색 원피스,무새,롱원피스,20000,2026-01-26,
1833,4월_레이스 상의,2026-04-13,2026-05-14,73,907307,신상)2885 레이스 원피스,퍼프,미니/미디원피스,19000,2026-03-02,
1833,4월_레이스 상의,2026-04-13,2026-05-14,74,877108,세일)물결레이스 블라우스,로라,블라우스,5000,2026-01-26,
1833,4월_레이스 상의,2026-04-13,2026-05-14,75,861060,섬세한 레이스 디테일 블라우스 러블리 여성 반팔티 LDN-20250061,리더스셀러,반소매,26000,2026-01-08,
1833,4월_레이스 상의,2026-04-13,2026-05-14,76,899135,포머 나시(스퀘어넥 레이스 캡소매 퍼프 유니크 발레코어 빈티지),뉴비(New B),민소매/나시,11000,2026-02-18,
1833,4월_레이스 상의,2026-04-13,2026-05-14,77,893069,르메로나 레이스 프릴 블라우스 33819,스코프,블라우스,17000,2026-02-09,
1833,4월_레이스 상의,2026-04-13,2026-05-14,78,892219,벨르레이스뷔스티에원피스,유안느,롱원피스,16000,2026-02-09,
1833,4월_레이스 상의,2026-04-13,2026-05-14,79,897037,레일 코튼 블라우스 레이스 펀칭 퍼프 소매 여유로운핏 A라인,브리밍,블라우스,17000,2026-02-13,
1833,4월_레이스 상의,2026-04-13,2026-05-14,80,888548,신상)4728 레이스 플라워 블라우스,퍼프,블라우스,16000,2026-02-04,
1833,4월_레이스 상의,2026-04-13,2026-05-14,81,872313,세일)두줄 레이스 블라우스,로라,블라우스,7000,2026-01-21,
1833,4월_레이스 상의,2026-04-13,2026-05-14,82,817457,레이스카라니트,제이투,니트/스웨터,10000,2025-11-03,
1833,4월_레이스 상의,2026-04-13,2026-05-14,83,874000,프렌치레이스티,제이투,긴소매,7000,2026-01-22,
1833,4월_레이스 상의,2026-04-13,2026-05-14,84,878417,신상)4728 레이스 플라워 블라우스,퍼프,블라우스,16000,2026-01-26,
1833,4월_레이스 상의,2026-04-13,2026-05-14,85,816952,신상바배)콩레이스퍼프가디건,니트랑,니트/스웨터,8000,2025-11-03,
1833,4월_레이스 상의,2026-04-13,2026-05-14,86,818354,"646비엘린레이스조끼(베스트,가단50 총장63,스트링)",예쁜해파리,조끼,8000,2025-11-04,
1833,4월_레이스 상의,2026-04-13,2026-05-14,87,872332,세일)세라레이스 블라우스,로라,블라우스,5000,2026-01-21,
1833,4월_레이스 상의,2026-04-13,2026-05-14,88,862342,캡내장 도트 패턴 프릴 끈 크롭 나시 폴리 새틴 레이스,엣지,민소매/나시,15000,2026-01-12,
1833,4월_레이스 상의,2026-04-13,2026-05-14,89,858423,미온 레이스 셔링 롱 나시탑,벨리노(Bellino),민소매/나시,14000,2026-01-04,
1833,4월_레이스 상의,2026-04-13,2026-05-14,90,858476,아델라뷔스티에레이스블라우스,유안느,블라우스,15000,2026-01-05,
1834,4월_아이웨어,2026-04-13,2026-05-19,0,672433,오벌안경 쌩얼안경 노메이크업 안경테 긱시크 너드 여성안경 여자안경 G225,스위니,안경/선글라스/안경소품,1000,2025-04-01,
1834,4월_아이웨어,2026-04-13,2026-05-19,1,942010,슬림안경 블루라이트차단 glasses 긱시크 패션안경 초경량 데이오프 스위니 키치 G519,아이즈  Eyes,안경/선글라스/안경소품,7000,2026-04-13,
1834,4월_아이웨어,2026-04-13,2026-05-19,2,936506,메이크안경 렌즈-수지 프레임-TR901 블루라이트차단 너드안경 쌩얼안경 긱시크 G1147,스위니,안경/선글라스/안경소품,9000,2026-04-08,
1834,4월_아이웨어,2026-04-13,2026-05-19,3,936508,메이크안경 렌즈-수지 프레임-TR901 블루라이트차단 너드안경 쌩얼안경 긱시크 G1147,베이비블루 babyblue,안경/선글라스/안경소품,9000,2026-04-08,
1834,4월_아이웨어,2026-04-13,2026-05-19,4,938269,웨이브안경 블루라이트차단 프레임-TR902 렌즈-수지 잡화점 쌩얼안경 G1151,스위니,안경/선글라스/안경소품,13000,2026-04-09,
1834,4월_아이웨어,2026-04-13,2026-05-19,5,936620,블리선글 UV400 프레임-PC 렌즈-수지 썬글라스 선글라스 휴양지 바캉스 SG1149,베이비블루 babyblue,안경/선글라스/안경소품,7000,2026-04-08,
1834,4월_아이웨어,2026-04-13,2026-05-19,6,936504,메이크안경 렌즈-수지 프레임-TR901 블루라이트차단 너드안경 쌩얼안경 긱시크 G1147,데이오프,안경/선글라스/안경소품,9000,2026-04-08,
1834,4월_아이웨어,2026-04-13,2026-05-19,7,936436,타임안경 프레임-합금 렌즈-수지 블루라이트차단 메탈안경테 너드안경 긱시크 G1146,데이오프,안경/선글라스/안경소품,9000,2026-04-08,
1834,4월_아이웨어,2026-04-13,2026-05-19,8,938302,26여름)[미소]에스파선글라스(여성),애플네,안경/선글라스/안경소품,3000,2026-04-09,
1834,4월_아이웨어,2026-04-13,2026-05-19,9,936582,블리선글 UV400 프레임-PC 렌즈-수지 썬글라스 선글라스 휴양지 바캉스 SG1149,데이오프,안경/선글라스/안경소품,7000,2026-04-08,
1834,4월_아이웨어,2026-04-13,2026-05-19,10,941761,테일러안경 프레임-합금 렌즈-수지 블루라이트차단 뿔테안경 소품샵 잡화점 너드안경 G1153,데이오프,안경/선글라스/안경소품,12000,2026-04-13,
1834,4월_아이웨어,2026-04-13,2026-05-19,11,906139,[ETC1530] 오벌뿔테안경,엔유이,안경/선글라스/안경소품,5500,2026-02-27,
1834,4월_아이웨어,2026-04-13,2026-05-19,12,906191,뮤지엄안경 안경테 뿔테안경 너드안경 데일리안경 심플안경테 쌩얼안경 코디 잡화점 G1115,베이비블루 babyblue,안경/선글라스/안경소품,6500,2026-02-27,
1834,4월_아이웨어,2026-04-13,2026-05-19,13,921755,무테안경 블루라이트차단 안경 긱시크 너드 패션안경 glasses 쌩얼안경 잡화점 G320,아이즈  Eyes,안경/선글라스/안경소품,5000,2026-03-24,
1834,4월_아이웨어,2026-04-13,2026-05-19,14,857810,페퍼선글 레드 선글라스 자외선 차단 틴트선글 휴양지 바캉스 코디아이템 휴가 SG1044,아이즈  Eyes,안경/선글라스/안경소품,8900,2025-12-31,
1834,4월_아이웨어,2026-04-13,2026-05-19,15,860151,모나안경 블루라이트 차단 뿔테안경 쌩얼안경 너드안경 긱시크 패션안경 잡화점 G1047,스위니,안경/선글라스/안경소품,7000,2026-01-07,
1834,4월_아이웨어,2026-04-13,2026-05-19,16,853677,리즈 선글라스 썬글라스 휴양지 바캉스 자외선 차단 뿔테안경 안경테 코디아이템  SG1028,스위니,안경/선글라스/안경소품,6000,2025-12-19,
1834,4월_아이웨어,2026-04-13,2026-05-19,17,850046,"사각접이식뿔테안경(휴대용돋보기,운전,시오리,노안,독서안경,김구안경,금자",썸머맨션,안경/선글라스/안경소품,8000,2025-12-13,
1834,4월_아이웨어,2026-04-13,2026-05-19,18,853642,메탈릭안경 퀄리티굿 메탈안경 사각안형 철제안경 긱시크 남녀공용 너드 블루라이트차단 G534,아이즈  Eyes,안경/선글라스/안경소품,6000,2025-12-19,
1834,4월_아이웨어,2026-04-13,2026-05-19,19,909935,스윙안경 안경테 메탈안경 너드안경 긱시크 쌩얼안경 잡화점 소품샵 블루라이트차단 G1119,데이오프,안경/선글라스/안경소품,5500,2026-03-06,
1834,4월_아이웨어,2026-04-13,2026-05-19,20,908178,미유무테안경 무테 안경테 쌩얼안경 긱시크 y3k 블루라이트차단 긱시크 너드안경 G1117,데이오프,안경/선글라스/안경소품,10000,2026-03-04,
1834,4월_아이웨어,2026-04-13,2026-05-19,21,836901,마크무테안경 쌩얼안경 안경테 실테 금테 실버테 긱시크 너드안경 블루라이트 차단 G983,데이오프,안경/선글라스/안경소품,14000,2025-11-24,
1834,4월_아이웨어,2026-04-13,2026-05-19,22,842176,남자 여자 안경테 반무테 소두 패션 지적여 보이는 룩 LD-1168,리더스셀러,안경/선글라스/안경소품,7900,2025-12-01,
1834,4월_아이웨어,2026-04-13,2026-05-19,23,832575,딜런안경 실테안경 실버 안경테 쌩얼안경 블루라이트 차단 너드안경 긱시크 코디아이템 G960,데이오프,안경/선글라스/안경소품,6000,2025-11-18,
1834,4월_아이웨어,2026-04-13,2026-05-19,24,832679,딜런안경 실테안경 실버 안경테 쌩얼안경 블루라이트 차단 너드안경 긱시크 코디아이템 G960,아이즈  Eyes,안경/선글라스/안경소품,6000,2025-11-18,
1834,4월_아이웨어,2026-04-13,2026-05-19,25,903870,프렙안경 뿔테안경 안경테 너드안경 긱시크 블루라이트 차단 동글안경테 G1108,베이비블루 babyblue,안경/선글라스/안경소품,8500,2026-02-25,
1834,4월_아이웨어,2026-04-13,2026-05-19,26,842171,잘생김 소두 메탈 소재 글래스 댄디해 보이는 안경테 LD-1170,리더스셀러,안경/선글라스/안경소품,10000,2025-12-01,
1834,4월_아이웨어,2026-04-13,2026-05-19,27,903868,프렙안경 뿔테안경 안경테 너드안경 긱시크 블루라이트 차단 호피 레오파드 y2k G1108,스위니,안경/선글라스/안경소품,8500,2026-02-25,
1834,4월_아이웨어,2026-04-13,2026-05-19,28,913995,카린안경 메탈안경 철제안경 너드 패션안경 여성안경 긱시크 블루라이트차단 소품샵 G522,아이즈  Eyes,안경/선글라스/안경소품,9500,2026-03-12,
1834,4월_아이웨어,2026-04-13,2026-05-19,29,918171,비토무테안경 프레임 합금 렌즈 수지 블루라이트차단 긱시크 너드안경 안경테 G1125,아이즈  Eyes,안경/선글라스/안경소품,14000,2026-03-19,
1834,4월_아이웨어,2026-04-13,2026-05-19,30,903749,타이포안경 패션안경 안경테 무테안경 유니크 쌩얼안경 긱시크 코디아이템 G1106,스위니,안경/선글라스/안경소품,11000,2026-02-25,
1834,4월_아이웨어,2026-04-13,2026-05-19,31,899408,더블하트안경 안경테 뿔테안경 너드안경 쌩얼안경 하트 자외선차단 긱시크 잡화점 G1104,아이즈  Eyes,안경/선글라스/안경소품,5500,2026-02-19,
1834,4월_아이웨어,2026-04-13,2026-05-19,32,899405,더블하트안경 안경테 뿔테안경 너드안경 쌩얼안경 하트 자외선차단 잡화점 코디아이템 G1104,스위니,안경/선글라스/안경소품,5500,2026-02-19,
1834,4월_아이웨어,2026-04-13,2026-05-19,33,899392,홀리선글 UV400차단 선글라스 뿔테안경 바캉스 휴양지 여행 컬러 썬글라스 SG1103,데이오프,안경/선글라스/안경소품,6500,2026-02-19,
1834,4월_아이웨어,2026-04-13,2026-05-19,34,896258,메종 선글라스 UV차단 자외선 휴가 여름 바캉스 패션 안경,라라플레이스,안경/선글라스/안경소품,12000,2026-02-12,
1834,4월_아이웨어,2026-04-13,2026-05-19,35,899404,더블하트안경 안경테 뿔테안경 너드안경 쌩얼안경 하트 자외선차단 잡화점 코디아이템 G1104,데이오프,안경/선글라스/안경소품,5500,2026-02-19,
1834,4월_아이웨어,2026-04-13,2026-05-19,36,899354,레이선글 UV400차단 휴양지 바캉스 선글라스 썬글라스 자외선 차단 여행 G1101,베이비블루 babyblue,안경/선글라스/안경소품,9000,2026-02-19,
1834,4월_아이웨어,2026-04-13,2026-05-19,37,891978,[ETC1524] 타이포선글라스,엔유이,안경/선글라스/안경소품,8500,2026-02-08,
1834,4월_아이웨어,2026-04-13,2026-05-19,38,887819,제로안경 블루라이트 차단 메탈안경테 긱시크 너드안경 잡화점 소품샵 썡얼안경 G1100,스위니,안경/선글라스/안경소품,11000,2026-02-04,
1834,4월_아이웨어,2026-04-13,2026-05-19,39,887815,제로안경 블루라이트 차단 메탈안경테 긱시크 너드안경 잡화점 소품샵 썡얼안경 G1100,데이오프,안경/선글라스/안경소품,11000,2026-02-04,
1834,4월_아이웨어,2026-04-13,2026-05-19,40,865230,세일)리봉안경 패션안경 쌩얼안경 안경테 반무테안경 블루라이트 차단 G1077,데이오프,안경/선글라스/안경소품,8500,2026-01-14,
1834,4월_아이웨어,2026-04-13,2026-05-19,41,819627,빈스안경 쌩얼안경 블루라이트 차단 뿔테안경 심플안 너드 코디아이템 패션안경 G930,데이오프,안경/선글라스/안경소품,9000,2025-11-05,
1834,4월_아이웨어,2026-04-13,2026-05-19,42,865237,세일)리봉안경 패션안경 쌩얼안경 안경테 반무테안경 블루라이트 차단 G1077,아이즈  Eyes,안경/선글라스/안경소품,8500,2026-01-14,
1834,4월_아이웨어,2026-04-13,2026-05-19,43,862859,미니 mi 우안경 타원형 레트로 뿔테 안경테 블랙 호피,더블엑스아이원트,안경/선글라스/안경소품,10000,2026-01-12,
1834,4월_아이웨어,2026-04-13,2026-05-19,44,865233,세일)리봉안경 패션안경 쌩얼안경 안경테 반무테안경 블루라이트 차단 G1077,베이비블루 babyblue,안경/선글라스/안경소품,8500,2026-01-14,
1834,4월_아이웨어,2026-04-13,2026-05-19,45,859390,모나안경 블루라이트 차단 뿔테안경 쌩얼안경 너드안경 긱시크 패션안경 잡화점 G1047,데이오프,안경/선글라스/안경소품,7000,2026-01-06,
1834,4월_아이웨어,2026-04-13,2026-05-19,46,860229,라운드무테안경 무테 안경테 긱시크 패션안경 쌩얼안경 너드안경 잡화점 코디안경 G1053,스위니,안경/선글라스/안경소품,9000,2026-01-07,
1834,4월_아이웨어,2026-04-13,2026-05-19,47,859362,루비선글 썬글라스 선그리 바캉스 휴양지 휴가 자외선 차단 코디아이템 SG1046,스위니,안경/선글라스/안경소품,7000,2026-01-06,
1834,4월_아이웨어,2026-04-13,2026-05-19,48,859341,(기획)스퀘어안경 철제안경 긱시크 너드 안경테 메탈안경 쌩얼안경 잡화점 코디안경 G305,아이즈  Eyes,안경/선글라스/안경소품,3000,2026-01-06,
1834,4월_아이웨어,2026-04-13,2026-05-19,49,838250,스미스 무테안경 쌩얼안경 안경테 y2k 긱시크 블루라이트차단 너드안경 패션아이템 G996,데이오프,안경/선글라스/안경소품,12000,2025-11-26,
1834,4월_아이웨어,2026-04-13,2026-05-19,50,837726,스틸안경 투명안경 안경테 너드안경 쌩얼안경 심플안경 뿔테안경 블루라이트차단 G994,아이즈  Eyes,안경/선글라스/안경소품,9500,2025-11-25,
1834,4월_아이웨어,2026-04-13,2026-05-19,51,837722,스틸안경 투명안경 안경테 너드안경 쌩얼안경 심플안경 뿔테안경 블루라이트차단 G994,데이오프,안경/선글라스/안경소품,9500,2025-11-25,
1834,4월_아이웨어,2026-04-13,2026-05-19,52,827075,크롬무테안경 안경테 긱시크 쌩얼안경 블루라이트차단 너드안경 심플안경 y2k G947,데이오프,안경/선글라스/안경소품,9500,2025-11-12,
1834,4월_아이웨어,2026-04-13,2026-05-19,53,819639,빈스안경 쌩얼안경 블루라이트 차단 뿔테안경 심플안 너드 코디아이템 패션인경 G930,아이즈  Eyes,안경/선글라스/안경소품,9000,2025-11-05,
1834,4월_아이웨어,2026-04-13,2026-05-19,54,936415,미미안경 크림핑크 컬러 패션안경 긱시크 안경테 안경 너드 블루라이트차단 뮤뮤 G291,데이오프,안경/선글라스/안경소품,3800,2026-04-08,
1834,4월_아이웨어,2026-04-13,2026-05-19,55,930096,슬롬선글 선글라스 Uv400 렌즈-수지 프레임-pc 자외선차단 썬글라스 SG1143,베이비블루 babyblue,안경/선글라스/안경소품,7000,2026-04-01,
1834,4월_아이웨어,2026-04-13,2026-05-19,56,936424,미미안경 크림핑크 컬러 패션안경 긱시크 안경테 안경 너드 블루라이트차단 뮤뮤 G291,아이즈  Eyes,안경/선글라스/안경소품,3800,2026-04-08,
1834,4월_아이웨어,2026-04-13,2026-05-19,57,935472,에이트안경 블루라이트차단 긱시크 안경 무테안경 패션안경 코디안경 패션템 y2k G343,아이즈  Eyes,안경/선글라스/안경소품,8000,2026-04-07,
1834,4월_아이웨어,2026-04-13,2026-05-19,58,930082,슬롬선글 선글라스 Uv400 렌즈-수지 프레임-pc 자외선차단 썬글라스 SG1143,데이오프,안경/선글라스/안경소품,7000,2026-04-01,
1834,4월_아이웨어,2026-04-13,2026-05-19,59,923017,포인안경 블루라이트차단 프레임 tr903 렌즈 pc 소재 안경테 너드안경 안경테 G1134,베이비블루 babyblue,안경/선글라스/안경소품,9500,2026-03-25,
1834,4월_아이웨어,2026-04-13,2026-05-19,60,928968,스티치안경 렌즈 ac 프레임 금속 쌩얼안경 너드안경 트렌디 무드 긱시크 잡화점 G1139,데이오프,안경/선글라스/안경소품,14000,2026-03-31,
1834,4월_아이웨어,2026-04-13,2026-05-19,61,923019,포인안경 블루라이트차단 프레임 tr903 렌즈 pc 소재 안경테 너드안경 안경테 G1134,아이즈  Eyes,안경/선글라스/안경소품,9500,2026-03-25,
1834,4월_아이웨어,2026-04-13,2026-05-19,62,928898,머큐리안경 실테 안경테 y2k 하라주쿠 일본st 블루라이트차단 쌩얼안경 유니크 G761,아이즈  Eyes,안경/선글라스/안경소품,9000,2026-03-31,
1834,4월_아이웨어,2026-04-13,2026-05-19,63,921916,기획)리노선글 UV385 렌즈-AC 프레임-PC 선글라스 휴양지 바캉스 SG1131,스위니,안경/선글라스/안경소품,1900,2026-03-24,
1834,4월_아이웨어,2026-04-13,2026-05-19,64,923012,포인안경 블루라이트차단 프레임 tr903 렌즈 pc 소재 안경테 너드안경 안경테 G1134,데이오프,안경/선글라스/안경소품,9500,2026-03-25,
1834,4월_아이웨어,2026-04-13,2026-05-19,65,935497,아이캣 안경 쌩얼안경 블루라이트차단 안경테 패션안경 너드안경 긱시크 G240,아이즈  Eyes,안경/선글라스/안경소품,4000,2026-04-07,
1834,4월_아이웨어,2026-04-13,2026-05-19,66,922938,"하티안경 안경테 렌즈 AC 프레임 금속,PC 소재 패션안경 잡화점 소품샵 G1133",데이오프,안경/선글라스/안경소품,8000,2026-03-25,
1834,4월_아이웨어,2026-04-13,2026-05-19,67,923013,포인안경 블루라이트차단 프레임 tr903 렌즈 pc 소재 안경테 너드안경 안경테 G1134,스위니,안경/선글라스/안경소품,9500,2026-03-25,
1834,4월_아이웨어,2026-04-13,2026-05-19,68,921930,기획)리노선글 UV385 렌즈-AC 프레임-PC 선글라스 휴양지 바캉스 SG1131,아이즈  Eyes,안경/선글라스/안경소품,1900,2026-03-24,
1834,4월_아이웨어,2026-04-13,2026-05-19,69,906474,[ETC1531] 둥근스퀘어뿔테안경,엔유이,안경/선글라스/안경소품,5500,2026-02-27,
1834,4월_아이웨어,2026-04-13,2026-05-19,70,824802,레어안경 쌩얼안경 안경테 뿔테안경 블루라이트차단 프레임 너드 긱시크 코디아이템 G938,아이즈  Eyes,안경/선글라스/안경소품,7000,2025-11-10,
1834,4월_아이웨어,2026-04-13,2026-05-19,71,829445,플랜선글 선글라스 썬글라스 바캉스 휴양지 자외선 차단 뿔테선글 잡화점 코디아이템 SG949,데이오프,안경/선글라스/안경소품,5500,2025-11-14,
1834,4월_아이웨어,2026-04-13,2026-05-19,72,819738,톡톡무테안경 안경테 쌩얼안경 블루라이트차단 긱시크 너드안경 패션안경테 코디 G934,아이즈  Eyes,안경/선글라스/안경소품,5500,2025-11-05,
1834,4월_아이웨어,2026-04-13,2026-05-19,73,829425,크롬무테안경 안경테 긱시크 쌩얼안경 블루라이트차단 너드안경 심플안경 y2k G947,아이즈  Eyes,안경/선글라스/안경소품,9500,2025-11-14,
1836,4월_틴케이스,2026-04-13,2026-05-12,0,668630,파스텔 철제 바구니 소품바구니 트레이,소브니홈,수납케이스,3900,2025-03-28,
1836,4월_틴케이스,2026-04-13,2026-05-12,1,904906,반투명 포카케이스 포카통 소품정리함 소형,모두톡톡,기타,1700,2026-02-26,
1836,4월_틴케이스,2026-04-13,2026-05-12,2,731577,일본정품 / 헬로키티 사각 틴케이스,모모베리,키링/가방악세사리,7400,2025-06-24,
1836,4월_틴케이스,2026-04-13,2026-05-12,3,756375,콩인생멘트틴케이스,라팡,키링/가방악세사리,4500,2025-08-18,
1836,4월_틴케이스,2026-04-13,2026-05-12,4,804590,(일본직수입) 일본 야마다 20칸 피규어 가챠 리빙소품 수납함,옐로맨션,수납/바구니,2300,2025-10-17,
1836,4월_틴케이스,2026-04-13,2026-05-12,5,906274,산리오 쿠로미 원터치 수납함 악세사리 보관함 소품 정리함 케이스 일본 정품 소품샵 굿즈,알로하TD,수납케이스,2200,2026-02-27,
1836,4월_틴케이스,2026-04-13,2026-05-12,6,918893,디즈니 미키와 친구들 다용도 케이스,미미익스프레스,수납케이스,2200,2026-03-20,
1836,4월_틴케이스,2026-04-13,2026-05-12,7,880898,2000st감성 틴케이스(마감),엠유에스,키링/가방악세사리,2500,2026-01-28,
1836,4월_틴케이스,2026-04-13,2026-05-12,8,760573,애교냥이틴케이스,라팡,키링/가방악세사리,4000,2025-08-21,
1836,4월_틴케이스,2026-04-13,2026-05-12,9,804584,(일본직수입) 일본 야마다 13칸 피규어 가챠 리빙소품 수납함,옐로맨션,수납/바구니,2300,2025-10-17,
1836,4월_틴케이스,2026-04-13,2026-05-12,10,756372,콩현실햄찌틴케이스,라팡,키링/가방악세사리,4500,2025-08-18,
1836,4월_틴케이스,2026-04-13,2026-05-12,11,880905,부적st틴케이스키링(신상),엠유에스,키링/가방악세사리,5000,2026-01-28,
1836,4월_틴케이스,2026-04-13,2026-05-12,12,758403,30대현실st햄스터틴케이스,엠유에스,모바일악세사리,3000,2025-08-19,
1836,4월_틴케이스,2026-04-13,2026-05-12,13,833488,체리플라워 홈데코 수납케이스,제이일삼(J13),수납/바구니,13000,2025-11-19,
1836,4월_틴케이스,2026-04-13,2026-05-12,14,835275,쥬쥬바구니 바구니 바스켓 장바구니 소품보관 보관함 플라스틱 디피 인테리어 E981,데이오프,수납/바구니,1500,2025-11-21,
1836,4월_틴케이스,2026-04-13,2026-05-12,15,829476,오가닉바구니 바스켓 매장디피 소품바구니 철제바구니 우드 디피바구니 인테리어 소품 E952,아이즈  Eyes,수납/바구니,9500,2025-11-14,
1836,4월_틴케이스,2026-04-13,2026-05-12,16,818498,피피바구니 소품 인테리어 촬영 접시 악세사리 보관함 KA236,아띠젠,수납/바구니,3500,2025-11-04,
1836,4월_틴케이스,2026-04-13,2026-05-12,17,851340,플라스틱 매쉬 타원 컬러 바구니 5컬러,로뎀나무아래서,수납/바구니,6000,2025-12-16,
1836,4월_틴케이스,2026-04-13,2026-05-12,18,855391,인테리어 3종 수납함 레드아이그린,아주라,수납/바구니,14500,2025-12-24,
1836,4월_틴케이스,2026-04-13,2026-05-12,19,880763,(일본정품) 키키라라 스타 펜스탠드,옐로맨션,수납/바구니,2200,2026-01-28,
1836,4월_틴케이스,2026-04-13,2026-05-12,20,909387,카트바구니 바스켓 수납함 철제바구니 디피 소품보관 메탈바구니 정리함 매장디피 E1118,데이오프,수납/바구니,4000,2026-03-05,
1836,4월_틴케이스,2026-04-13,2026-05-12,21,870257,메탈바구니 철제바구니 디피바구니 화장대 디피 소품보관 방꾸미기 인테리어 소품 E1085,스위니,수납/바구니,2800,2026-01-19,
1836,4월_틴케이스,2026-04-13,2026-05-12,22,909389,카트바구니 바스켓 수납함 철제바구니 디피 소품보관 메탈바구니 정리함 매장디피 E1118,스위니,수납/바구니,4000,2026-03-05,
1836,4월_틴케이스,2026-04-13,2026-05-12,23,917525,미니 철제 감성 데스크 정리 소품 수납통 핑크,모두톡톡,수납/바구니,1900,2026-03-18,
1836,4월_틴케이스,2026-04-13,2026-05-12,24,910597,(일본정품) 헬로키티 여행용 악세서리 보관함 2종,옐로맨션,수납/바구니,2200,2026-03-08,
1836,4월_틴케이스,2026-04-13,2026-05-12,25,909082,(일본정품) 마이멜로디 다용도 케이스,옐로맨션,수납/바구니,2200,2026-03-05,
1836,4월_틴케이스,2026-04-13,2026-05-12,26,912384,접이식 수납 박스 폴딩 플라스틱 정리함 M50560,미소모아글로벌,수납/바구니,2540,2026-03-10,
1836,4월_틴케이스,2026-04-13,2026-05-12,27,917526,미니 철제 감성 데스크 정리 소품 수납통 카키,모두톡톡,수납/바구니,1900,2026-03-18,
1836,4월_틴케이스,2026-04-13,2026-05-12,28,929064,"미니컨테이너 박스,비즈 수납함,부자재 수납함",티제이,수납/바구니,700,2026-03-31,
1836,4월_틴케이스,2026-04-13,2026-05-12,29,925844,심플 스텐 소품바구니,옐로맨션,수납/바구니,2900,2026-03-27,
1836,4월_틴케이스,2026-04-13,2026-05-12,30,913880,벽면 수납함 포켓 벽걸이 차키 부착형 현관문 미니 3단 정리함,미라이컴퍼,수납/바구니,350,2026-03-12,
1836,4월_틴케이스,2026-04-13,2026-05-12,31,913879,벽면 수납함 포켓 벽걸이 정리함 리모컨 거치대 바구니 부착형,미라이컴퍼,수납/바구니,370,2026-03-12,
1836,4월_틴케이스,2026-04-13,2026-05-12,32,918239,네잎 클로버 약통 미니 소품 케이스,알로하TD,수납케이스,1100,2026-03-19,
1836,4월_틴케이스,2026-04-13,2026-05-12,33,934221,(일본정품) 헬로키티 슬라이드 미니틴케이스 2p세트,옐로맨션,수납/바구니,4400,2026-04-06,
1836,4월_틴케이스,2026-04-13,2026-05-12,34,870293,메탈바구니 철제바구니 디피바구니 화장대 디피 소품보관 방꾸미기 인테리어 소품 E1085,아이즈  Eyes,수납/바구니,2800,2026-01-19,
1836,4월_틴케이스,2026-04-13,2026-05-12,35,885909,코튼 실버 정리함 사이즈 14x14 cm,마이 하비,수납/바구니,9000,2026-02-02,
1836,4월_틴케이스,2026-04-13,2026-05-12,36,910587,(일본정품) 헬로키티 크림공케이스15g,옐로맨션,파우치/파우치백,2200,2026-03-08,
1836,4월_틴케이스,2026-04-13,2026-05-12,37,938093,(일본정품) 포차코 여행용 악세서리 보관함 2종,옐로맨션,수납/바구니,2200,2026-04-09,
1836,4월_틴케이스,2026-04-13,2026-05-12,38,910445,알약커팅기 알약 커터기 약통 알약보관 약케이스 M50351,미소모아글로벌,기타,1830,2026-03-07,
1836,4월_틴케이스,2026-04-13,2026-05-12,39,918150,레트로 패턴 미니 틴케이스(젤리 틴케이스),플라이하우스,수납케이스,38000,2026-03-19,
1836,4월_틴케이스,2026-04-13,2026-05-12,40,906816,나만의 미니편의점 씰피규어정리대 5종,옐로맨션,수납/바구니,3700,2026-03-01,
1836,4월_틴케이스,2026-04-13,2026-05-12,41,754693,레트로 3단 틴케이스,플라이하우스,오브제/장식,3500,2025-08-14,
1836,4월_틴케이스,2026-04-13,2026-05-12,42,712720,(일본정품) 지브리 미니 틴케이스 5종 (칼시퍼추가),옐로맨션,기타,6500,2025-05-17,
1836,4월_틴케이스,2026-04-13,2026-05-12,43,913329,발톱깎이 잠금식 손톱 네일 케어 클리퍼 스테인리스 케이스,미라이컴퍼,케어용품,11750,2026-03-11,
1836,4월_틴케이스,2026-04-13,2026-05-12,44,897386,일본 리틀트윈스타 6분할 다용도 케이스,미미익스프레스,수납케이스,2200,2026-02-13,
1836,4월_틴케이스,2026-04-13,2026-05-12,45,734413,팔각 플라워 틴케이스3p,플라이하우스,오브제/장식,5000,2025-07-02,
1836,4월_틴케이스,2026-04-13,2026-05-12,46,932658,클리어파우치,키티상사,수납케이스,9000,2026-04-04,
1836,4월_틴케이스,2026-04-13,2026-05-12,47,913025,[재입고완료!] 정어리캔 클립세트 (틴케이스+2컬러 정어리클립15매씩 30개입 세트),티제이,사무용품,4800,2026-03-11,
1836,4월_틴케이스,2026-04-13,2026-05-12,48,754967,통조림스타일 플라워 틴케이스24p,플라이하우스,오브제/장식,38000,2025-08-14,
1836,4월_틴케이스,2026-04-13,2026-05-12,49,905461,치즈 블록 디자인 정리 케이스 냉장고 정리함,모두톡톡,식품용기/다용도통,2500,2026-02-26,
1836,4월_틴케이스,2026-04-13,2026-05-12,50,908691,야외휴대용 계란케이스 2구 캠핑용 계란보관통 M50059,미소모아글로벌,식품용기/다용도통,850,2026-03-04,
1836,4월_틴케이스,2026-04-13,2026-05-12,51,897939,투명 포토카드홀더 포토 카드 케이스,모두톡톡,기타,500,2026-02-13,
1836,4월_틴케이스,2026-04-13,2026-05-12,52,925882,투명 다용도 보관케이스 플라스틱 보관함 36칸,가이오팜,수납케이스,2700,2026-03-27,
1836,4월_틴케이스,2026-04-13,2026-05-12,53,833715,체리플라워 홈데코 수납바구니,챌렉트,수납케이스,13000,2025-11-19,
1836,4월_틴케이스,2026-04-13,2026-05-12,54,897750,회전형 화장대 화장솜 소품케이스 4단,모두톡톡,수납케이스,8200,2026-02-13,
1836,4월_틴케이스,2026-04-13,2026-05-12,55,830024,토마토 수납 케이스,감성놀이,수납케이스,2700,2025-11-15,
1836,4월_틴케이스,2026-04-13,2026-05-12,56,897735,회전형 화장대 화장솜 소품케이스 2단,모두톡톡,수납케이스,4600,2026-02-13,
1836,4월_틴케이스,2026-04-13,2026-05-12,57,824443,투명팔찌수납케이스(오픈형),펄앤젬스,수납케이스,10000,2025-11-10,
1836,4월_틴케이스,2026-04-13,2026-05-12,58,897989,서랍정리 칸박이 트레이 수납 정리함 소형,모두톡톡,수납케이스,2500,2026-02-13,
1836,4월_틴케이스,2026-04-13,2026-05-12,59,897975,붙이는 슬림 수납 케이스 무타공 수납박스,모두톡톡,수납케이스,1200,2026-02-13,
1836,4월_틴케이스,2026-04-13,2026-05-12,60,685908,칼라칼라 입체사각 틴케이스12p,플라이하우스,오브제/장식,19000,2025-04-15,
1836,4월_틴케이스,2026-04-13,2026-05-12,61,678087,소녀 정사각 틴케이스,플라이하우스,오브제/장식,4000,2025-04-08,
1836,4월_틴케이스,2026-04-13,2026-05-12,62,897718,미니선반 2단 책상 정리 수납선반,모두톡톡,수납케이스,2000,2026-02-13,
1836,4월_틴케이스,2026-04-13,2026-05-12,63,931332,알람 약통 휴대용 타이머 약케이스 스마트 약통,모두톡톡,수납케이스,9900,2026-04-02,
1836,4월_틴케이스,2026-04-13,2026-05-12,64,925847,투명 원형 케이스 칸막이 약 보관함 8분할 비즈정리함,가이오팜,수납케이스,360,2026-03-27,
1836,4월_틴케이스,2026-04-13,2026-05-12,65,824735,투명팔찌케이스(커버형),펄앤젬스,수납케이스,15000,2025-11-10,
1836,4월_틴케이스,2026-04-13,2026-05-12,66,904948,화장대정리케이스 서랍 정리 수납박스 소,모두톡톡,수납케이스,1200,2026-02-26,
1836,4월_틴케이스,2026-04-13,2026-05-12,67,897674,투명뚜껑 책상 서랍 정리 케이스 1구대형,모두톡톡,수납케이스,2400,2026-02-13,
1836,4월_틴케이스,2026-04-13,2026-05-12,68,908437,일본 헬로키티 악세서리 케이스 보관함 (라지사이즈),미미익스프레스,파우치/파우치백,2200,2026-03-04,
1836,4월_틴케이스,2026-04-13,2026-05-12,69,910434,리본 케이스 악세사리 세트 1팩 4000×12,디케이악세사리,(아동)패션소품,48000,2026-03-07,
1836,4월_틴케이스,2026-04-13,2026-05-12,70,906507,[수입정품] 키티 미니 수납 보관함 케이스 약케이스,릴리,보관함/케이스,2500,2026-02-28,
1836,4월_틴케이스,2026-04-13,2026-05-12,71,908439,일본 헬로키티 악세서리 케이스 보관함 (스몰사이즈),미미익스프레스,수납케이스,2200,2026-03-04,
1836,4월_틴케이스,2026-04-13,2026-05-12,72,918088,빈티지 회전목마 일러스트 원형 틴케이스,플라이하우스,오브제/장식,6000,2026-03-19,
1836,4월_틴케이스,2026-04-13,2026-05-12,73,909084,(일본정품) 마이멜로디 쥬얼리케이스,옐로맨션,보관함/케이스,2200,2026-03-05,
1836,4월_틴케이스,2026-04-13,2026-05-12,74,897848,손잡이 칸막이 공간분리 소품케이스,모두톡톡,수납케이스,4500,2026-02-13,
1836,4월_틴케이스,2026-04-13,2026-05-12,75,897616,휴대용케이스 헤어 실핀 평평형,모두톡톡,핀,2900,2026-02-13,
1836,4월_틴케이스,2026-04-13,2026-05-12,76,897973,투명뚜껑 책상 서랍 정리 케이스,모두톡톡,수납케이스,2000,2026-02-13,
1836,4월_틴케이스,2026-04-13,2026-05-12,77,905352,5단 투명 아크릴 악세사리 케이스,모두톡톡,보관함/케이스,800,2026-02-26,
1836,4월_틴케이스,2026-04-13,2026-05-12,78,897971,PET 투명 서랍 정리함 서랍 분리 수남 트레이 5종세트,모두톡톡,수납케이스,9900,2026-02-13,
1836,4월_틴케이스,2026-04-13,2026-05-12,79,818391,핑크 바로크 에폭시 쥬얼리 미니보석함 3p 세트,로뎀나무아래서,수납케이스,44000,2025-11-04,
1836,4월_틴케이스,2026-04-13,2026-05-12,80,897897,10칸 비즈보관함 비즈통 악세사리 네일파츠 케이스,모두톡톡,수납케이스,800,2026-02-13,
1836,4월_틴케이스,2026-04-13,2026-05-12,81,897832,15칸 비즈케이스 소품 보관 플라스틱 케이스,모두톡톡,수납케이스,1200,2026-02-13,
1836,4월_틴케이스,2026-04-13,2026-05-12,82,912680,미니 수납 박스 서랍 슬라이드 책상 소품 정리 보관 데스크,미라이컴퍼,수납케이스,2710,2026-03-11,
1836,4월_틴케이스,2026-04-13,2026-05-12,83,905029,회전형 화장대 화장솜 소품케이스 4단,모두톡톡,수납케이스,8200,2026-02-26,
1836,4월_틴케이스,2026-04-13,2026-05-12,84,905012,24칸 비즈보관함 비즈 케이스 소품 악세사리 보관통,모두톡톡,수납케이스,1800,2026-02-26,
1836,4월_틴케이스,2026-04-13,2026-05-12,85,897390,일본 리틀트윈스타 4분할 다용도 케이스(2개입),미미익스프레스,수납케이스,2200,2026-02-13,
1836,4월_틴케이스,2026-04-13,2026-05-12,86,904892,화장대정리케이스 서랍 정리 수납박스 대,모두톡톡,수납케이스,2300,2026-02-26,
1836,4월_틴케이스,2026-04-13,2026-05-12,87,897896,서랍정리 칸박이 트레이 수납 정리함 대형,모두톡톡,수납케이스,4900,2026-02-13,
1836,4월_틴케이스,2026-04-13,2026-05-12,88,905010,손잡이 칸막이 공간분리 소품케이스 4칸,모두톡톡,수납케이스,4500,2026-02-26,
1836,4월_틴케이스,2026-04-13,2026-05-12,89,904962,투명뚜껑 책상 서랍 정리 케이스 2구소형,모두톡톡,수납케이스,2000,2026-02-26,
1836,4월_틴케이스,2026-04-13,2026-05-12,90,905039,화장품 정리함 정리대 수납함,모두톡톡,수납케이스,1200,2026-02-26,
1836,4월_틴케이스,2026-04-13,2026-05-12,91,904967,서랍정리 양말 팬티 브라 속옷수납함 6칸,모두톡톡,수납케이스,2300,2026-02-26,
1836,4월_틴케이스,2026-04-13,2026-05-12,92,904519,멀티 4칸 소품 공구 낚시용품 정리함 플라스틱 보관함,모두톡톡,수납케이스,2700,2026-02-25,
1836,4월_틴케이스,2026-04-13,2026-05-12,93,912277,보관 케이스 사각 정리함 뚜껑 쥬얼리 박스 소품 악세사리 부품 포토 틴케이스,미라이컴퍼,보관함/케이스,1320,2026-03-10,
1840,5월_여름 신상 반팔,2026-04-20,2026-05-14,0,950188,델리도트T (땡땡이 레터링 키치 세미크롭 반팔티 캐주얼,소르베,반소매,7000,2026-04-21,
1840,5월_여름 신상 반팔,2026-04-20,2026-05-14,1,950155,헬로 강아지티셔츠 )자수 배색 라운드 반팔티,와이케이(YK),반소매,10000,2026-04-21,
1840,5월_여름 신상 반팔,2026-04-20,2026-05-14,2,950154,버터티셔츠 ) 레터링 배색 라운드 반팔 티셔츠,와이케이(YK),반소매,10000,2026-04-21,
1840,5월_여름 신상 반팔,2026-04-20,2026-05-14,3,950052,신상 달마시안반팔티셔츠 오버핏 프린트 루즈핏 반팔티,블랙미러,반소매,10000,2026-04-20,
1840,5월_여름 신상 반팔,2026-04-20,2026-05-14,4,950050,신상 썬샤인트럭반팔티셔츠 오버핏 빅사이즈 데일리 귀여운스타일,블랙미러,반소매,9000,2026-04-20,
1840,5월_여름 신상 반팔,2026-04-20,2026-05-14,5,950035,신상 사쿠라고양이 루즈핏 데일리 오버핏,블랙미러,반소매,9000,2026-04-20,
1840,5월_여름 신상 반팔,2026-04-20,2026-05-14,6,949540,단톤 스트라이프 반팔티 D07179-1,스코프,반소매,12000,2026-04-20,
1840,5월_여름 신상 반팔,2026-04-20,2026-05-14,7,949537,체리니 스트라이프 반팔티 0833,스코프,반소매,12000,2026-04-20,
1840,5월_여름 신상 반팔,2026-04-20,2026-05-14,8,949414,리플 파스텔 스트라이프 라운드 반팔 티셔츠 90011,스코프,반소매,12000,2026-04-20,
1840,5월_여름 신상 반팔,2026-04-20,2026-05-14,9,949008,피크반팔(바이오워싱),인바이블,반소매,12000,2026-04-20,
1840,5월_여름 신상 반팔,2026-04-20,2026-05-14,10,948733,피플기본 린넨티셔츠,바이미,반소매,11000,2026-04-20,
1840,5월_여름 신상 반팔,2026-04-20,2026-05-14,11,948723,I.B.B.반팔(바이오워싱/모달),인바이블,반소매,12000,2026-04-20,
1840,5월_여름 신상 반팔,2026-04-20,2026-05-14,12,948700,블루베리st-T) 티셔츠 시원한원단 캐주얼 패미닌,와이케이(YK),반소매,10000,2026-04-20,
1840,5월_여름 신상 반팔,2026-04-20,2026-05-14,13,948698,CUP - T ) 컵티 티셔츠 면티 고급원단 시크 캐주얼,와이케이(YK),반소매,100003,2026-04-20,
1840,5월_여름 신상 반팔,2026-04-20,2026-05-14,14,948514,플라워 레이스 퍼프 반팔 가디건,인스타,반소매,19000,2026-04-20,
1840,5월_여름 신상 반팔,2026-04-20,2026-05-14,15,948396,아일렛)백자수피그먼트반팔,마젠타,반소매,12000,2026-04-19,
1840,5월_여름 신상 반팔,2026-04-20,2026-05-14,16,948395,아일렛)로즈피그먼트반팔,마젠타,반소매,11500,2026-04-19,
1840,5월_여름 신상 반팔,2026-04-20,2026-05-14,17,948394,아일렛)13패치자수피그먼트T,마젠타,반소매,13000,2026-04-19,
1840,5월_여름 신상 반팔,2026-04-20,2026-05-14,18,948071,세미크롭반팔T(여름 레이어드 찰랑찰랑 레이온 기본티 스판 날씬핏),쭈블리(JJUBLY),반소매,5000,2026-04-18,
1840,5월_여름 신상 반팔,2026-04-20,2026-05-14,19,947988,형광캣반팔T (고양이나염 라운드넥 티셔츠 루즈핏),바이지오,반소매,6000,2026-04-18,
1840,5월_여름 신상 반팔,2026-04-20,2026-05-14,20,947635,빈티지브러쉬티셔츠 ) 면티 고급진면티 캐주얼 시크,와이케이(YK),반소매,14000,2026-04-17,
1840,5월_여름 신상 반팔,2026-04-20,2026-05-14,21,947631,반짝이펄티셔츠) 여름티셔츠 반팔티셔츠 가벼운면 면티,와이케이(YK),반소매,14000,2026-04-17,
1840,5월_여름 신상 반팔,2026-04-20,2026-05-14,22,947615,펄리치티셔츠) 목걸이세트 반짝이타 면티 티셔츠 시크,와이케이(YK),반소매,15000,2026-04-17,
1840,5월_여름 신상 반팔,2026-04-20,2026-05-14,23,947609,스팽글티) 면티 면100%,와이케이(YK),반소매,14000,2026-04-17,
1840,5월_여름 신상 반팔,2026-04-20,2026-05-14,24,947256,sale 코튼100 브이넥 펀칭 니트 반소매 탑,브로떼,니트/스웨터,30000,2026-04-17,
1840,5월_여름 신상 반팔,2026-04-20,2026-05-14,25,947255,비스코스 라운드넥 반팔 니트탑,브로떼,니트/스웨터,19000,2026-04-17,
1840,5월_여름 신상 반팔,2026-04-20,2026-05-14,26,947250,레이스 배색 퍼프소매 프린트 반팔티,인스타,반소매,13000,2026-04-17,
1840,5월_여름 신상 반팔,2026-04-20,2026-05-14,27,947248,레터링 레이스 반소매 티셔츠,러브썸,반소매,14000,2026-04-17,
1840,5월_여름 신상 반팔,2026-04-20,2026-05-14,28,947116,콰이어트피그반팔 여름신상 26SS 오버 크롭 머슬 유니섹스 남녀공용 커플 나시 썸머 T,루머,반소매,13000,2026-04-16,
1840,5월_여름 신상 반팔,2026-04-20,2026-05-14,29,947144,(톡톡한 코튼) (하이퀄) 파이 나염 티셔츠 반팔 코튼티 기본핏 면티,브리밍,반소매,9000,2026-04-17,
1840,5월_여름 신상 반팔,2026-04-20,2026-05-14,30,947064,츄츄티,미니멀,반소매,10000,2026-04-16,
1840,5월_여름 신상 반팔,2026-04-20,2026-05-14,31,945776,히든버튼니트,제이투,니트/스웨터,12000,2026-04-16,
1840,5월_여름 신상 반팔,2026-04-20,2026-05-14,32,945754,버튼단가라니트,제이투,니트/스웨터,11000,2026-04-16,
1840,5월_여름 신상 반팔,2026-04-20,2026-05-14,33,945750,포켓카라니트,제이투,니트/스웨터,7000,2026-04-16,
1840,5월_여름 신상 반팔,2026-04-20,2026-05-14,34,945556,반소매 64317,위온,반소매,14200,2026-04-16,
1840,5월_여름 신상 반팔,2026-04-20,2026-05-14,35,945458,체리 크롭티,모다랩,반소매,7000,2026-04-16,
1840,5월_여름 신상 반팔,2026-04-20,2026-05-14,36,945453,키스소녀 퍼프티,모다랩,반소매,9000,2026-04-16,
1840,5월_여름 신상 반팔,2026-04-20,2026-05-14,37,945451,동물농장 퍼프티,모다랩,반소매,8000,2026-04-16,
1840,5월_여름 신상 반팔,2026-04-20,2026-05-14,38,945446,잉글랜드반팔,퍼플그레이,반소매,6000,2026-04-16,
1840,5월_여름 신상 반팔,2026-04-20,2026-05-14,39,945445,"크루셔링반팔 (26여름신상,SS,옆셔링,캐주얼)",퍼플그레이,반소매,4500,2026-04-16,
1840,5월_여름 신상 반팔,2026-04-20,2026-05-14,40,945444,피그먼트) 어라이브 박스,삼오칠구 (3579),반소매,19000,2026-04-16,
1840,5월_여름 신상 반팔,2026-04-20,2026-05-14,41,944679,사선주름 언발란스 반팔 플리츠 블라우스,이츠벨라,블라우스,17000,2026-04-15,
1840,5월_여름 신상 반팔,2026-04-20,2026-05-14,42,942571,컨트리 그래픽 라운드 반팔 티셔츠(컨트리피그T)피그먼트원단,가십걸,반소매,15000,2026-04-14,
1840,5월_여름 신상 반팔,2026-04-20,2026-05-14,43,942560,레이디티,오진호,반소매,15000,2026-04-14,
1840,5월_여름 신상 반팔,2026-04-20,2026-05-14,44,942561,뮬티ST,오진호,반소매,12000,2026-04-14,
1840,5월_여름 신상 반팔,2026-04-20,2026-05-14,45,942563,더스티나그랑,오진호,반소매,13000,2026-04-14,
1840,5월_여름 신상 반팔,2026-04-20,2026-05-14,46,942552,신상)2502 단가라티,까망여시,반소매,7500,2026-04-14,
1840,5월_여름 신상 반팔,2026-04-20,2026-05-14,47,942486,멜로티,미니멀,반소매,8000,2026-04-13,
1840,5월_여름 신상 반팔,2026-04-20,2026-05-14,48,941729,오뜨베베 26여름 굿데이티셔츠(성인사이즈),클릭,반소매,16000,2026-04-13,
1840,5월_여름 신상 반팔,2026-04-20,2026-05-14,49,941336,더블넥T(더블넥 유넥 반팔티 슬림핏 쫀쫀 후라이스 크롭티),원퍼센트,반소매,7000,2026-04-13,
1840,5월_여름 신상 반팔,2026-04-20,2026-05-14,50,940939,여름신상 반팔 사계절 인기 데일리 나염 기본이너 라운드 기본핏 캘리티,골드트리,반소매,6000,2026-04-12,
1840,5월_여름 신상 반팔,2026-04-20,2026-05-14,51,940938,여름신상 반팔 사계절 인기 데일리 나염 기본이너 라운드 기본핏 피멜티,골드트리,반소매,6000,2026-04-12,
1840,5월_여름 신상 반팔,2026-04-20,2026-05-14,52,939558,베리 링거  반팔 티셔츠,러브썸,반소매,14000,2026-04-10,
1840,5월_여름 신상 반팔,2026-04-20,2026-05-14,53,939502,"26여름신상_[PRIME]하트아메리칸반팔T(성조기,별,하트,프린팅,기본템",카라멜,반소매,4500,2026-04-10,
1840,5월_여름 신상 반팔,2026-04-20,2026-05-14,54,939492,스퀘어넥 골지 반팔 니트 티셔츠,달루즈미,반소매,10000,2026-04-10,
1840,5월_여름 신상 반팔,2026-04-20,2026-05-14,55,939367,마르크T (스탠다드 티셔츠 찰랑 스판 가벼운 라운드),바이지오,반소매,3500,2026-04-09,
1840,5월_여름 신상 반팔,2026-04-20,2026-05-14,56,937815,스케이티도그반팔티,유안느,반소매,9000,2026-04-09,
1840,5월_여름 신상 반팔,2026-04-20,2026-05-14,57,937768,버튼박스T(내수 박시 오버핏 롱티셔츠 허리단추로 라인만들기),원퍼센트,반소매,11000,2026-04-09,
1840,5월_여름 신상 반팔,2026-04-20,2026-05-14,58,937605,검은고양이 나염 반팔티,데이원(dayone),반소매,7000,2026-04-09,
1840,5월_여름 신상 반팔,2026-04-20,2026-05-14,59,936409,26 여름 신상 반팔 티셔츠 슬로우 코스트 오버핏 반소매 티,도파민,반소매,9000,2026-04-08,
1840,5월_여름 신상 반팔,2026-04-20,2026-05-14,60,936209,후피그먼트)오픈박스T,삼오칠구 (3579),반소매,19000,2026-04-08,
1840,5월_여름 신상 반팔,2026-04-20,2026-05-14,61,934997,플로배색 T,삼오칠구 (3579),반소매,9000,2026-04-07,
1840,5월_여름 신상 반팔,2026-04-20,2026-05-14,62,934998,후피그먼트) DK카라T,삼오칠구 (3579),반소매,26000,2026-04-07,
1840,5월_여름 신상 반팔,2026-04-20,2026-05-14,63,934987,후피그먼트)세이프T,삼오칠구 (3579),반소매,17000,2026-04-07,
1840,5월_여름 신상 반팔,2026-04-20,2026-05-14,64,934914,굿데이단가라,오진호,반소매,12000,2026-04-07,
1840,5월_여름 신상 반팔,2026-04-20,2026-05-14,65,934909,럭키스타,오진호,반소매,12000,2026-04-07,
1840,5월_여름 신상 반팔,2026-04-20,2026-05-14,66,934901,리사이클박시티,오진호,반소매,12000,2026-04-07,
1840,5월_여름 신상 반팔,2026-04-20,2026-05-14,67,934900,노멀단가라,오진호,반소매,13000,2026-04-07,
1840,5월_여름 신상 반팔,2026-04-20,2026-05-14,68,934898,항해T,오진호,반소매,10000,2026-04-07,
1840,5월_여름 신상 반팔,2026-04-20,2026-05-14,69,934897,어썸링거,오진호,반소매,8000,2026-04-07,
1840,5월_여름 신상 반팔,2026-04-20,2026-05-14,70,934896,해피단가라,오진호,반소매,15000,2026-04-07,
1840,5월_여름 신상 반팔,2026-04-20,2026-05-14,71,934895,트루피그나그랑,오진호,반소매,12000,2026-04-07,
1840,5월_여름 신상 반팔,2026-04-20,2026-05-14,72,934892,스피릿,오진호,반소매,9000,2026-04-07,
1840,5월_여름 신상 반팔,2026-04-20,2026-05-14,73,934893,별42T,오진호,반소매,10000,2026-04-07,
1840,5월_여름 신상 반팔,2026-04-20,2026-05-14,74,934884,신상)체리 리본 반팔티,로라,반소매,10000,2026-04-06,
1840,5월_여름 신상 반팔,2026-04-20,2026-05-14,75,934870,러키단가라티 (댕깡지 티셔츠 스트라이프 줄무늬 여름),바이지오,반소매,8000,2026-04-06,
1840,5월_여름 신상 반팔,2026-04-20,2026-05-14,76,933619,"SS 피그먼트 갤러리 반팔티셔츠 (스크릿무드, 남녀공용, 빅사이즈, 커플티, 빈티지워싱)",말랑,반소매,14000,2026-04-06,
1840,5월_여름 신상 반팔,2026-04-20,2026-05-14,77,933581,SS 피그먼트 머큐리 반팔티셔츠 (남녀공용 커플티 빅사이즈 스트릿무드 감성),말랑,반소매,15000,2026-04-06,
1840,5월_여름 신상 반팔,2026-04-20,2026-05-14,78,933615,"SS 피그먼트 고양이 반팔티셔츠(스트릿무드, 오버핏, 빅사이즈, 남녀공용, 빈티지)",말랑,반소매,14000,2026-04-06,
1840,5월_여름 신상 반팔,2026-04-20,2026-05-14,79,933578,"SS 피그먼트 달마시안 반팔티셔츠(남녀공용,오버핏,스트릿무드,커플티,빈티지)",말랑,반소매,15000,2026-04-06,
1840,5월_여름 신상 반팔,2026-04-20,2026-05-14,80,933516,SS 피그먼트 스페셜 반팔티셔츠 (빈티지 워싱 남녀공용 빅사이즈 커플티 유니크),말랑,반소매,15000,2026-04-06,
1840,5월_여름 신상 반팔,2026-04-20,2026-05-14,81,933299,"(반팔) 뷰티곰 (남평화,빅사이즈,오버핏,커플,돈벌어주는 티셔츠)",후스토리,반소매,12000,2026-04-06,
1840,5월_여름 신상 반팔,2026-04-20,2026-05-14,82,933224,스트라이프 배색 린넨룩 반팔 티셔츠,어린왕자,반소매,7000,2026-04-05,
1840,5월_여름 신상 반팔,2026-04-20,2026-05-14,83,933042,피그먼트)22T,삼오칠구 (3579),반소매,18000,2026-04-05,
1840,5월_여름 신상 반팔,2026-04-20,2026-05-14,84,933041,피그먼트) 언더T (빈티지 워싱 레터링 크롭 반팔티),삼오칠구 (3579),반소매,16000,2026-04-05,
1840,5월_여름 신상 반팔,2026-04-20,2026-05-14,85,933039,원츄박스T (페인트 스플래시 레터링 크롭 반팔티),삼오칠구 (3579),반소매,11000,2026-04-05,
1840,5월_여름 신상 반팔,2026-04-20,2026-05-14,86,933037,실켓) 어반박스T,삼오칠구 (3579),반소매,12000,2026-04-05,
1840,5월_여름 신상 반팔,2026-04-20,2026-05-14,87,933034,파티T (실켓원단),삼오칠구 (3579),반소매,9000,2026-04-05,
1840,5월_여름 신상 반팔,2026-04-20,2026-05-14,88,932680,이브단가라반팔,데이원(dayone),반소매,8000,2026-04-04,
1840,5월_여름 신상 반팔,2026-04-20,2026-05-14,89,932398,신클릭반팔(기본반팔 v넥 면,세종,반소매,3500,2026-04-04,
1840,5월_여름 신상 반팔,2026-04-20,2026-05-14,90,932402,아티워싱티(나염 워싱 면 내수 라운드넥 반팔,세종,반소매,6000,2026-04-04,
1840,5월_여름 신상 반팔,2026-04-20,2026-05-14,91,932393,퍼니포켓워싱T(빅사이즈 면 라운드넥 반팔,세종,반소매,6000,2026-04-04,
1840,5월_여름 신상 반팔,2026-04-20,2026-05-14,92,932359,신클릭반팔티 (이중브이 여름 티셔츠 ),바이지오,반소매,3500,2026-04-04,
1841,5월_장난감/문구/완구,2026-04-20,2026-05-04,0,879411,26봄)[키들리]말랑캔디팝필통,애플네,필기구,6000,2026-01-27,
1841,5월_장난감/문구/완구,2026-04-20,2026-05-04,1,944008,핑키 산딸기 카드지갑 필통,림스비쥬,숄더백/토트백,5000,2026-04-14,
1841,5월_장난감/문구/완구,2026-04-20,2026-05-04,2,911962,자동차 장난감 키링 SUV 차량 승용차 타입B 지프 키홀더 가방고리,단츄,키링/가방악세사리,2500,2026-03-10,
1841,5월_장난감/문구/완구,2026-04-20,2026-05-04,3,911960,자동차 장난감 키링 SUV 차량 키홀더 가방고리,단츄,키링/가방악세사리,2500,2026-03-10,
1841,5월_장난감/문구/완구,2026-04-20,2026-05-04,4,911959,장난감 자동차 키링 스포츠카 슈퍼카 타입B 키홀더 가방고리,단츄,키링/가방악세사리,2500,2026-03-10,
1841,5월_장난감/문구/완구,2026-04-20,2026-05-04,5,917598,자전거 키링 완제품 인형소품 미니어처 모루인형 인형꾸미기 가방고리 장식 플라스틱,플라스틱,비즈/아크릴/호마이카 ,1200,2026-03-18,
1841,5월_장난감/문구/완구,2026-04-20,2026-05-04,6,920153,체크원피스 페브릭 토끼 인형 브로치 _ 토끼브로치 가방브로치,샤빌,브로치,2000,2026-03-23,
1841,5월_장난감/문구/완구,2026-04-20,2026-05-04,7,920074,페브릭 곰돌이 인형 브로치 _ 곰돌이 브로치 에코백장식,샤빌,브로치,2000,2026-03-23,
1841,5월_장난감/문구/완구,2026-04-20,2026-05-04,8,925174,행운의 나루토마키 인형키링,라온,키링/가방악세사리,800,2026-03-27,
1841,5월_장난감/문구/완구,2026-04-20,2026-05-04,9,924839,통통 야옹이 인형키링,스르르,키링/가방악세사리,700,2026-03-27,
1841,5월_장난감/문구/완구,2026-04-20,2026-05-04,10,924596,모노톤 가방고리인형 8센티,키티상사,완구/인형,4100,2026-03-26,
1841,5월_장난감/문구/완구,2026-04-20,2026-05-04,11,933720,정품 산리오 데님 인형키링,솜사탕,키링/가방악세사리,4500,2026-04-06,
1841,5월_장난감/문구/완구,2026-04-20,2026-05-04,12,933675,정품  토마토 춘식이인형키링,솜사탕,키링/가방악세사리,4500,2026-04-06,
1841,5월_장난감/문구/완구,2026-04-20,2026-05-04,13,934926,라이센스정품 썸머텔레토비 미니 봉제인형 키링 9cm,캐릭터월드,키링/가방악세사리,6000,2026-04-07,
1841,5월_장난감/문구/완구,2026-04-20,2026-05-04,14,934933,라이센스정품  벨리곰미니미니 인형키링,캐릭터월드,키링/가방악세사리,5500,2026-04-07,
1841,5월_장난감/문구/완구,2026-04-20,2026-05-04,15,934931,라이센스정품 하뚜가필드인형키링,캐릭터월드,키링/가방악세사리,6500,2026-04-07,
1841,5월_장난감/문구/완구,2026-04-20,2026-05-04,16,934988,고양이 중형인형 25센티,키티상사,완구/인형,11000,2026-04-07,
1841,5월_장난감/문구/완구,2026-04-20,2026-05-04,17,940150,쪼꼬미 새싹  키링 가방악세사리 열쇠고리 인형뽑기,플랜제이,키링/가방악세사리,1000,2026-04-10,
1841,5월_장난감/문구/완구,2026-04-20,2026-05-04,18,941291,인형꼬옥 리본토끼 인형키링 노이노이,노이노이,키링/가방악세사리,5000,2026-04-13,
1841,5월_장난감/문구/완구,2026-04-20,2026-05-04,19,941289,니트자켓 토끼 인형 키링 노이노이,노이노이,키링/가방악세사리,6500,2026-04-13,
1841,5월_장난감/문구/완구,2026-04-20,2026-05-04,20,945229,안경강아지키링) 안경걸이 선글라스 인형 레더 로프 가방 키홀더,DDM82,키링/가방악세사리,8000,2026-04-15,
1841,5월_장난감/문구/완구,2026-04-20,2026-05-04,21,948379,토끼 봉제인형애착필통,요기조기잡화점,완구/인형,6000,2026-04-19,
1841,5월_장난감/문구/완구,2026-04-20,2026-05-04,22,932660,LED음표물고기키캡키링(신상),엠유에스,키링/가방악세사리,3500,2026-04-04,
1841,5월_장난감/문구/완구,2026-04-20,2026-05-04,23,933174,led 귀염뽀짝 강아지 키캡 키링,아수네잡화점,키링/가방악세사리,2100,2026-04-05,
1841,5월_장난감/문구/완구,2026-04-20,2026-05-04,24,937370,레진)키키리본1구키캡키링,에그니 ,키링/가방악세사리,5200,2026-04-08,
1841,5월_장난감/문구/완구,2026-04-20,2026-05-04,25,937404,(세일)(제작)제주오구키캡키링,라팡,키링/가방악세사리,2300,2026-04-08,
1841,5월_장난감/문구/완구,2026-04-20,2026-05-04,26,938691,LED 사각 4구 구운빵 키캡키링 노이노이,노이노이,키링/가방악세사리,2500,2026-04-09,
1841,5월_장난감/문구/완구,2026-04-20,2026-05-04,27,940562,"빵 키캡 키링 열쇠고리 키보드키링 (2구1400원, 3구 1900원)",올클로버,키링/가방악세사리,900,2026-04-11,
1841,5월_장난감/문구/완구,2026-04-20,2026-05-04,28,942964,3가지단가상이) LED 키캡 스피너 키링 _4구 5구 6구 스피너 키캡,샤빌,키링/가방악세사리,3500,2026-04-14,
1841,5월_장난감/문구/완구,2026-04-20,2026-05-04,29,944839,LED제주st귤키캡키링(신상),엠유에스,키링/가방악세사리,2500,2026-04-15,
1841,5월_장난감/문구/완구,2026-04-20,2026-05-04,30,945658,12구 LED 키캡키링 2종,스르르,키링/가방악세사리,5100,2026-04-16,
1841,5월_장난감/문구/완구,2026-04-20,2026-05-04,31,948099,초록 네잎클로버 키캡 키링 키보드 led 클리커 클릭커,감성놀이,키링/가방악세사리,1900,2026-04-18,
1841,5월_장난감/문구/완구,2026-04-20,2026-05-04,32,949840,숲속 하트 키캡 LED,로즈리본,키링/가방악세사리,1500,2026-04-20,
1841,5월_장난감/문구/완구,2026-04-20,2026-05-04,33,950820,뽑기방 3D 키캡 키링 딸깍이 스포츠 공 농구공 야구공 축구공 열쇠고리 차키 가방고리 1구,위드삐삐마켓,키링/가방악세사리,2500,2026-04-21,
1841,5월_장난감/문구/완구,2026-04-20,2026-05-04,34,950853,[ETC1599] 딸기단추키캡키링,엔유이,키링/가방악세사리,3000,2026-04-21,
1841,5월_장난감/문구/완구,2026-04-20,2026-05-04,35,951123,Led 투명 키캡 1구 4구 키캡 키링,해피릴리데이,키링/가방악세사리,1000,2026-04-21,
1841,5월_장난감/문구/완구,2026-04-20,2026-05-04,36,950791,아이스 큐브 슈가 말랑이,샐리,기타,1800,2026-04-21,
1841,5월_장난감/문구/완구,2026-04-20,2026-05-04,37,729156,지프 자동차 장난감 태엽 키리 키홀더 가방고리,단츄,기타,2000,2025-06-18,
1841,5월_장난감/문구/완구,2026-04-20,2026-05-04,38,729154,바이시클 자전거 장난감 키링 키홀더 가방고리,단츄,기타,1500,2025-06-18,
1841,5월_장난감/문구/완구,2026-04-20,2026-05-04,39,729170,소방차 자동차 군용차 장난감 불빛 사운드키링 소리 LED키링 키홀더 가방고리,단츄,기타,1700,2025-06-18,
1841,5월_장난감/문구/완구,2026-04-20,2026-05-04,40,729196,건총 총 사운드키링 장난감키링 LED키링 소리 불빛 키홀더 가방고리,단츄,기타,1700,2025-06-18,
1841,5월_장난감/문구/완구,2026-04-20,2026-05-04,41,922668,[일시품절] 솜사탕 왁뿌 말랑이 스퀴시 장난감 TYBT603C,햇빛,완구/인형,1500,2026-03-25,
1841,5월_장난감/문구/완구,2026-04-20,2026-05-04,42,950801,생일축하앨범 [부직포앨범],요기조기잡화점,이벤트/파티용품,18000,2026-04-21,
1841,5월_장난감/문구/완구,2026-04-20,2026-05-04,43,950793,요거트 밀크빵 스퀴시 말랑이,샐리,기타,3000,2026-04-21,
1841,5월_장난감/문구/완구,2026-04-20,2026-05-04,44,950130,바다 고래 상어 무드등 조명 ??,라유니크,오브제/장식,14500,2026-04-20,
1841,5월_장난감/문구/완구,2026-04-20,2026-05-04,45,948190,레이어러브산리빗거울,에그니 ,액자/거울,3200,2026-04-19,
1841,5월_장난감/문구/완구,2026-04-20,2026-05-04,46,948159,자체제작 토마토 멋쟁이 키캡 키보드 LED 딸각이 키링 열쇠고리 차키 가방고리 가방키링 1,위드삐삐마켓,기타,2200,2026-04-18,
1841,5월_장난감/문구/완구,2026-04-20,2026-05-04,47,947619,일본수입 키라린걸즈2 홀로그램 판 스티커 set (2종),미미익스프레스,스티커/노트,4400,2026-04-17,
1841,5월_장난감/문구/완구,2026-04-20,2026-05-04,48,947618,osamu 굿즈 304 스텐컵 양치컵 볼펜컵,요기조기잡화점,욕실용품,7000,2026-04-17,
1841,5월_장난감/문구/완구,2026-04-20,2026-05-04,49,947617,일본수입 키라린걸즈1 홀로그램 판 스티커 set (2종),미미익스프레스,스티커/노트,4400,2026-04-17,
1841,5월_장난감/문구/완구,2026-04-20,2026-05-04,50,947600,키티계산기,키티상사,사무용품,8000,2026-04-17,
1841,5월_장난감/문구/완구,2026-04-20,2026-05-04,51,947512,(일본정품) 산리오월간신문 이치고신문 2026년 05월호,옐로맨션,기타,3700,2026-04-17,
1841,5월_장난감/문구/완구,2026-04-20,2026-05-04,52,947445,일본수입 핫! 썸머 판 스티커 set (2종),미미익스프레스,스티커/노트,4400,2026-04-17,
1841,5월_장난감/문구/완구,2026-04-20,2026-05-04,53,947427,산리오 헬로키티 튤립 떡 메모지 (70매입),미미익스프레스,스티커/노트,2100,2026-04-17,
1841,5월_장난감/문구/완구,2026-04-20,2026-05-04,54,947426,산리오 헬로키티 투게더 떡 메모지 (70매입),미미익스프레스,사무용품,2100,2026-04-17,
1841,5월_장난감/문구/완구,2026-04-20,2026-05-04,55,946328,토끼 인형 필통 귀여운 봉제 펜슬케이스 파우치 학생용 필통,단츄,필기구,4000,2026-04-16,
1841,5월_장난감/문구/완구,2026-04-20,2026-05-04,56,946298,도넛스티커팩 스티커 다꾸 다이어리꾸미기 꾸밈스티커 인테리어 감성 빈티지 이미지 E1176,스위니,사무용품,2200,2026-04-16,
1841,5월_장난감/문구/완구,2026-04-20,2026-05-04,57,945359,영롱한 바다속 말랑이 스퀴시 스퀴지 스퀴즈,감성놀이,완구/인형,2900,2026-04-15,
1841,5월_장난감/문구/완구,2026-04-20,2026-05-04,58,944156,체리 케이크 스퀴시 말랑이 장난감 디저트,감성놀이,완구/인형,1600,2026-04-14,
1841,5월_장난감/문구/완구,2026-04-20,2026-05-04,59,942226,산리오 캐릭터즈 블루 체크 런치백 도시락 간식 가방,미미익스프레스,야외용품,2200,2026-04-13,
1841,5월_장난감/문구/완구,2026-04-20,2026-05-04,60,942220,치이카와 먼작귀 색칠 컬러링 북 A5,미미익스프레스,스티커/노트,2200,2026-04-13,
1841,5월_장난감/문구/완구,2026-04-20,2026-05-04,61,942156,산리오 캐릭터즈 색칠 컬러링북 a5,미미익스프레스,스티커/노트,2200,2026-04-13,
1841,5월_장난감/문구/완구,2026-04-20,2026-05-04,62,940085,멋쟁이 토마토 말랑이,스르르,기타,1600,2026-04-10,
1841,5월_장난감/문구/완구,2026-04-20,2026-05-04,63,939636,(일본정품) 산리오캐릭터즈 넥스트랩,옐로맨션,사무용품,2200,2026-04-10,
1841,5월_장난감/문구/완구,2026-04-20,2026-05-04,64,939631,(일본정품) 산리오캐릭터즈 ID 케이스,옐로맨션,사무용품,2200,2026-04-10,
1841,5월_장난감/문구/완구,2026-04-20,2026-05-04,65,938952,토마토 표정 스탬프 3종 (믹스),라온,기타,2800,2026-04-09,
1841,5월_장난감/문구/완구,2026-04-20,2026-05-04,66,938935,네잎클로버 다꾸 스티커 (50매),라온,스티커/노트,1400,2026-04-09,
1841,5월_장난감/문구/완구,2026-04-20,2026-05-04,67,938926,딸기엔젤 핑크 스티커 (믹스),라온,스티커/노트,1100,2026-04-09,
1841,5월_장난감/문구/완구,2026-04-20,2026-05-04,68,938920,컬러 말랑이 3종,라온,스티커/노트,1000,2026-04-09,
1841,5월_장난감/문구/완구,2026-04-20,2026-05-04,69,938856,버터 옐로우 다꾸 스티커 (60매),라온,스티커/노트,1400,2026-04-09,
1841,5월_장난감/문구/완구,2026-04-20,2026-05-04,70,938791,파스텔 음표 스티커,라온,스티커/노트,1300,2026-04-09,
1841,5월_장난감/문구/완구,2026-04-20,2026-05-04,71,938360,스위트스티커팩 다꾸 다이어리꾸미기 사무용품 책상 빈티지 감성 인테리어 E1162,스위니,사무용품,2200,2026-04-09,
1841,5월_장난감/문구/완구,2026-04-20,2026-05-04,72,938356,스위트스티커팩 다꾸 다이어리꾸미기 사무용품 책상 빈티지 감성 인테리어 E1162,데이오프,스티커/노트,2200,2026-04-09,
1841,5월_장난감/문구/완구,2026-04-20,2026-05-04,73,937743,모노톤가방고리13센티,키티상사,완구/인형,4800,2026-04-09,
1841,5월_장난감/문구/완구,2026-04-20,2026-05-04,74,936442,(일본정품) 지브리 미니손수건 토토로 미니타월 9p세트,옐로맨션,수건/타월,37000,2026-04-08,
1841,5월_장난감/문구/완구,2026-04-20,2026-05-04,75,936434,계란 빵떡 말랑이 스퀴시,샐리,기타,1200,2026-04-08,
1841,5월_장난감/문구/완구,2026-04-20,2026-05-04,76,936430,휴게소 알감자 말랑이 스퀴시,샐리,기타,2400,2026-04-08,
1841,5월_장난감/문구/완구,2026-04-20,2026-05-04,77,936428,비누 스퀴시 말랑이,샐리,기타,1200,2026-04-08,
1841,5월_장난감/문구/완구,2026-04-20,2026-05-04,78,936389,붕어빵 말랑이 _ 물고기모양 스퀴시,샤빌,기타,2500,2026-04-08,
1841,5월_장난감/문구/완구,2026-04-20,2026-05-04,79,935283,(일본정품) 헬로키티 떡메모지 70매입,옐로맨션,스티커/노트,1800,2026-04-07,
1841,5월_장난감/문구/완구,2026-04-20,2026-05-04,80,935280,(일본정품) 크레용신짱 떡메모지 70매입,옐로맨션,스티커/노트,1800,2026-04-07,
1841,5월_장난감/문구/완구,2026-04-20,2026-05-04,81,934206,버블팝 데코 볼꾸 3종세트(완제품),세미,필기구,3000,2026-04-06,
1841,5월_장난감/문구/완구,2026-04-20,2026-05-04,82,934182,스마일 하트비즈 브레드 볼꾸 (완제품),세미,필기구,3000,2026-04-06,
1841,5월_장난감/문구/완구,2026-04-20,2026-05-04,83,934221,(일본정품) 헬로키티 슬라이드 미니틴케이스 2p세트,옐로맨션,수납/바구니,4400,2026-04-06,
1841,5월_장난감/문구/완구,2026-04-20,2026-05-04,84,933059,(일본정품) 산리오 태닝키티 썸머부채,옐로맨션,야외용품,2200,2026-04-05,
1841,5월_장난감/문구/완구,2026-04-20,2026-05-04,85,933058,(일본정품) 산리오 하피단부이 썸머부채,옐로맨션,야외용품,2200,2026-04-05,
1841,5월_장난감/문구/완구,2026-04-20,2026-05-04,86,933057,(일본정품) 산리오캐릭터즈 네온사인 썸머부채,옐로맨션,야외용품,2200,2026-04-05,
1841,5월_장난감/문구/완구,2026-04-20,2026-05-04,87,933056,(일본정품) 산리오 쿠로미 썸머부채,옐로맨션,야외용품,2200,2026-04-05,
1841,5월_장난감/문구/완구,2026-04-20,2026-05-04,88,933055,(일본정품) 산리오 리틀트윈스타 썸머부채,옐로맨션,야외용품,2200,2026-04-05,
1841,5월_장난감/문구/완구,2026-04-20,2026-05-04,89,933054,(일본정품) 산리오 시나모롤 썸머부채,옐로맨션,야외용품,2200,2026-04-05,
1841,5월_장난감/문구/완구,2026-04-20,2026-05-04,90,933050,(일본정품) 귀멸의칼날 랜덤스티커팩,제이케이씨,스티커/노트,1900,2026-04-05,
1841,5월_장난감/문구/완구,2026-04-20,2026-05-04,91,932656,3단메모장,키티상사,스티커/노트,4000,2026-04-04,
1841,5월_장난감/문구/완구,2026-04-20,2026-05-04,92,932646,(일본정품) 산리오캐릭터 미니미니 접이식테이블 2탄 가챠 6종세트,옐로맨션,기타,28050,2026-04-04,
1841,5월_장난감/문구/완구,2026-04-20,2026-05-04,93,932645,(일본정품) 산리오캐릭터즈 미니캘린더 가챠 5종세트,옐로맨션,기타,23500,2026-04-04,
1841,5월_장난감/문구/완구,2026-04-20,2026-05-04,94,932635,한라봉 말랑이 _ 귤 말랑이 스트레스볼,샤빌,기타,2300,2026-04-04,
1841,5월_장난감/문구/완구,2026-04-20,2026-05-04,95,932340,(일본정품) 산리오 핸드타올,제이케이씨,수건/타월,8400,2026-04-03,
1841,5월_장난감/문구/완구,2026-04-20,2026-05-04,96,932328,모던 심플 대용량 필통,가이오팜,필기구,1200,2026-04-03,
1841,5월_장난감/문구/완구,2026-04-20,2026-05-04,97,932320,푸딩 메모지,라온,스티커/노트,600,2026-04-03,
1841,5월_장난감/문구/완구,2026-04-20,2026-05-04,98,932315,야옹이 다꾸 스티커 ver.2 (50매입),라온,스티커/노트,1400,2026-04-03,
1841,5월_장난감/문구/완구,2026-04-20,2026-05-04,99,932313,야옹이 다꾸 스티커 ver.1 (100매입),라온,스티커/노트,2700,2026-04-03,
1841,5월_장난감/문구/완구,2026-04-20,2026-05-04,100,932259,고양이 빵 스퀴시 말랑이,스르르,완구/인형,2900,2026-04-03,
1841,5월_장난감/문구/완구,2026-04-20,2026-05-04,101,932253,극세사 빅리본 세안 헤어밴드,가이오팜,욕실용품,1700,2026-04-03,
1841,5월_장난감/문구/완구,2026-04-20,2026-05-04,102,932255,후르츠 롤 스티커 2종,스르르,기타,800,2026-04-03,
1842,5월_비즈/스톤 목걸이,2026-04-20,2026-05-19,0,883308,[원통비즈] 원통자개 핸드메이드 브루클린 패션 비즈 써지컬스틸 목걸이,BROOKLYN nature,펜던트(비즈/에폭/아크릴),6500,2026-01-30,
1842,5월_비즈/스톤 목걸이,2026-04-20,2026-05-19,1,897558,[팬시플라워] 가든 4컬러 베네치아 글라스 꽃 비즈 목걸이,BROOKLYN nature,펜던트(비즈/에폭/아크릴),6000,2026-02-13,
1842,5월_비즈/스톤 목걸이,2026-04-20,2026-05-19,2,897357,[글라스꽃] 소프트 4컬러 베네치아 글라스 시드 비즈 목걸이,BROOKLYN nature,펜던트(비즈/에폭/아크릴),6000,2026-02-13,
1842,5월_비즈/스톤 목걸이,2026-04-20,2026-05-19,3,875040,비즈 크리스탈비즈 원석 고급 컬러 여름 청량한 비즈 초커 목걸이 데일리 포인트 해변 동남아,위드삐삐마켓,펜던트(메탈/큐빅/스톤/진주),4000,2026-01-22,
1842,5월_비즈/스톤 목걸이,2026-04-20,2026-05-19,4,822010,크리미 타원 호마이카 심플 데일리 매듭 목걸이,BROOKLYN nature,초커,4000,2025-11-07,
1842,5월_비즈/스톤 목걸이,2026-04-20,2026-05-19,5,831422,하트 호마이카 심플 매듭 목걸이 강추 재주문 많아요,BROOKLYN nature,초커,4000,2025-11-17,
1842,5월_비즈/스톤 목걸이,2026-04-20,2026-05-19,6,887408,[오로라플라워] 글라스 꽃 플라워 펜던트 써지컬스틸 매듭 목걸이,BROOKLYN nature,롱,4000,2026-02-04,
1842,5월_비즈/스톤 목걸이,2026-04-20,2026-05-19,7,877936,[블랙하트] 글라스 하트 써지컬스틸 앤틱 스타일 매듭 슬라이드 목걸이,BROOKLYN nature,롱,5000,2026-01-26,
1842,5월_비즈/스톤 목걸이,2026-04-20,2026-05-19,8,870557,[원통투] 핸드메이드 원포인트 원통자개 에스닉 매듭 목걸이,BROOKLYN nature,롱,6500,2026-01-19,
1842,5월_비즈/스톤 목걸이,2026-04-20,2026-05-19,9,857331,실버925 비즈 원석 오닉스 목걸이 블랙 포인트 은목걸이,바나다,실버925,15000,2025-12-30,
1842,5월_비즈/스톤 목걸이,2026-04-20,2026-05-19,10,897268,[글라스꽃] 트윙클 6컬러 베네치아 글라스 비즈 목걸이,BROOKLYN nature,펜던트(비즈/에폭/아크릴),6000,2026-02-13,
1842,5월_비즈/스톤 목걸이,2026-04-20,2026-05-19,11,886865,실버925 캐츠아이 원석 펜던트 목걸이 N220703153,졸리,실버925,29000,2026-02-03,
1842,5월_비즈/스톤 목걸이,2026-04-20,2026-05-19,12,899637,[엔틱자개] 데일리 포인트 콤보 자개 글라스 비즈 목걸이,BROOKLYN nature,펜던트(비즈/에폭/아크릴),6500,2026-02-20,
1842,5월_비즈/스톤 목걸이,2026-04-20,2026-05-19,13,874989,실버925 문스톤 원석 체인 목걸이 N260107163,졸리,실버925,26000,2026-01-22,
1842,5월_비즈/스톤 목걸이,2026-04-20,2026-05-19,14,940550,원석 파스텔 비즈 목걸이 써지컬마감,뉴얼리 newerly,펜던트(실버/써지컬),6000,2026-04-11,
1842,5월_비즈/스톤 목걸이,2026-04-20,2026-05-19,15,924336,925 오팔 원석 은목걸이_YN506,이야기 ,실버925,19000,2026-03-26,
1842,5월_비즈/스톤 목걸이,2026-04-20,2026-05-19,16,923045,실버925 원석 플라워 목걸이 N260323019,졸리,실버925,24000,2026-03-25,
1842,5월_비즈/스톤 목걸이,2026-04-20,2026-05-19,17,840409,핸드메이드 자체 제작 글라스 꽃 써지컬 볼 써지컬스틸 목걸이,BROOKLYN nature,펜던트(실버/써지컬),4000,2025-11-28,
1842,5월_비즈/스톤 목걸이,2026-04-20,2026-05-19,18,949973,목걸이 비즈목걸이 비즈 구슬 크리스탈 액세서리 소품샵 패션소품 여름 청량함 포인트,위드삐삐마켓,롱,1500,2026-04-20,
1842,5월_비즈/스톤 목걸이,2026-04-20,2026-05-19,19,900808,SS원석비즈목걸이(써지컬),나니,펜던트(비즈/에폭/아크릴),4500,2026-02-23,
1842,5월_비즈/스톤 목걸이,2026-04-20,2026-05-19,20,917225,레이어드 플라워 스톤 브라스 목걸이 노이노이,노이노이,펜던트(메탈/큐빅/스톤/진주),4000,2026-03-17,
1842,5월_비즈/스톤 목걸이,2026-04-20,2026-05-19,21,880461,1M1797 심유니크한 포인트가 들어간 봄신상 비즈 목걸이,연서,펜던트(비즈/에폭/아크릴),5000,2026-01-28,
1842,5월_비즈/스톤 목걸이,2026-04-20,2026-05-19,22,943369,925실버 포인트 큐브 비즈 목걸이,거울공주실버 ,실버925,18000,2026-04-14,
1842,5월_비즈/스톤 목걸이,2026-04-20,2026-05-19,23,904504,1M1819 내추럴 믹스 비즈 레이어드 초커 목걸이,연서,펜던트(비즈/에폭/아크릴),5000,2026-02-25,
1842,5월_비즈/스톤 목걸이,2026-04-20,2026-05-19,24,948376,문스톤펄드롭목걸이,버터플라이,펜던트(메탈/큐빅/스톤/진주),3500,2026-04-19,
1842,5월_비즈/스톤 목걸이,2026-04-20,2026-05-19,25,909970,실버925 화이트 스톤 마름모 큐빅 펜던트 목걸이 미니 은목걸이 귀걸이,바나다,실버925,10000,2026-03-06,
1842,5월_비즈/스톤 목걸이,2026-04-20,2026-05-19,26,936278,실버925 백수정 투명 비즈 하트 펜던트 메달 목걸이 여름 은목걸이,바나다,실버925,26000,2026-04-08,
1842,5월_비즈/스톤 목걸이,2026-04-20,2026-05-19,27,908131,봄신상 서클 큐빅 론델 레이어드 비즈 네클리스,연서,펜던트(비즈/에폭/아크릴),5000,2026-03-04,
1842,5월_비즈/스톤 목걸이,2026-04-20,2026-05-19,28,899480,1M1816 담수 진주 내추럴 스펙트로라이트 우아한 원석 비즈 목걸이,연서,펜던트(비즈/에폭/아크릴),10000,2026-02-19,
1842,5월_비즈/스톤 목걸이,2026-04-20,2026-05-19,29,898046,1M1814 데일리 포인트 컬러 믹스 봄신상 비즈 목걸이,연서,펜던트(비즈/에폭/아크릴),4000,2026-02-13,
1842,5월_비즈/스톤 목걸이,2026-04-20,2026-05-19,30,899472,1M1815 담수 진주와 보랏빛 자수정이 조화로운 원석 비즈 목걸이,연서,펜던트(비즈/에폭/아크릴),10000,2026-02-19,
1842,5월_비즈/스톤 목걸이,2026-04-20,2026-05-19,31,932863,써지컬스틸 하트자개 유리비즈 목걸이 6color,뉴얼리 newerly,펜던트(실버/써지컬),6500,2026-04-05,
1842,5월_비즈/스톤 목걸이,2026-04-20,2026-05-19,32,935295,꽃 비즈목걸이,윤희패션,펜던트(비즈/에폭/아크릴),1500,2026-04-07,
1842,5월_비즈/스톤 목걸이,2026-04-20,2026-05-19,33,937046,론델 심플 비즈 목걸이 (2color),감성놀이,펜던트(비즈/에폭/아크릴),2700,2026-04-08,
1842,5월_비즈/스톤 목걸이,2026-04-20,2026-05-19,34,940569,도자기 버드 비즈 핸드메이드 목걸이,뉴얼리 newerly,펜던트(비즈/에폭/아크릴),6500,2026-04-11,
1842,5월_비즈/스톤 목걸이,2026-04-20,2026-05-19,35,924746,실버925 각비즈 컷팅비즈 블랙 큐빅 펜던트 여름 목걸이 은목걸이 귀걸이,바나다,실버925,10000,2026-03-27,
1842,5월_비즈/스톤 목걸이,2026-04-20,2026-05-19,36,908310,[플라워버튼] 꽃 버튼 도트 단추 원석 비즈 슬라이드 매듭 목걸이,BROOKLYN nature,펜던트(비즈/에폭/아크릴),6500,2026-03-04,
1842,5월_비즈/스톤 목걸이,2026-04-20,2026-05-19,37,907000,더블유아이 비즈 리본 목걸이,더블유아이,펜던트(비즈/에폭/아크릴),3500,2026-03-02,
1842,5월_비즈/스톤 목걸이,2026-04-20,2026-05-19,38,899645,1M1817 에스닉 무드 담수진주 레이어드 아마조나이트 원석 비즈 목걸이,연서,펜던트(비즈/에폭/아크릴),10000,2026-02-20,
1842,5월_비즈/스톤 목걸이,2026-04-20,2026-05-19,39,907003,더블유아이 비즈 하트 별 목걸이,더블유아이,펜던트(메탈/큐빅/스톤/진주),4000,2026-03-02,
1842,5월_비즈/스톤 목걸이,2026-04-20,2026-05-19,40,933091,볼볼 무광 써지컬스틸 비즈 목걸이 5color,클로버,초커,5500,2026-04-05,
1842,5월_비즈/스톤 목걸이,2026-04-20,2026-05-19,41,876225,26SS) 스톤 별 라운드 체인 써지컬스틸 목걸이,브루클린,펜던트(메탈/큐빅/스톤/진주),4500,2026-01-23,
1842,5월_비즈/스톤 목걸이,2026-04-20,2026-05-19,42,910153,925실버 라피스라줄리 러프원석 목걸이,거울공주실버 ,실버925,17000,2026-03-06,
1842,5월_비즈/스톤 목걸이,2026-04-20,2026-05-19,43,939577,"실버925 은볼 원석볼 끈 목걸이 (롱,숏 2size 3color)",바나다,실버925,3000,2026-04-10,
1842,5월_비즈/스톤 목걸이,2026-04-20,2026-05-19,44,942597,925 문스톤 하트 은목걸이_YN510,이야기 ,실버925,21000,2026-04-14,
1842,5월_비즈/스톤 목걸이,2026-04-20,2026-05-19,45,917779,N실버 925 아쿠아 원석 토파즈 블루 볼드 목걸이,어썸,실버925,38000,2026-03-18,
1842,5월_비즈/스톤 목걸이,2026-04-20,2026-05-19,46,948519,(유니섹스)스테인레스 잼스톤 스트랩 목걸이 팔찌,더엠,펜던트(실버/써지컬),3000,2026-04-20,
1842,5월_비즈/스톤 목걸이,2026-04-20,2026-05-19,47,864830,더블유아이 비즈 목걸이,더블유아이,초커,3500,2026-01-13,
1842,5월_비즈/스톤 목걸이,2026-04-20,2026-05-19,48,924515,N135 하트문스톤 천연석 실버목걸이 실버925 은목걸이,실버92.5,실버925,29000,2026-03-26,
1842,5월_비즈/스톤 목걸이,2026-04-20,2026-05-19,49,917217,오팔블루스톤 볼체인 브라스 목걸이 노이노이,노이노이,펜던트(메탈/큐빅/스톤/진주),4500,2026-03-17,
1842,5월_비즈/스톤 목걸이,2026-04-20,2026-05-19,50,940541,골드하트 칼라 비즈 목걸이,뉴얼리 newerly,펜던트(비즈/에폭/아크릴),7000,2026-04-11,
1842,5월_비즈/스톤 목걸이,2026-04-20,2026-05-19,51,870458,[심플링] 투웨이 도넛 컬러플 합성원석 비즈 목걸이,BROOKLYN nature,펜던트(비즈/에폭/아크릴),6500,2026-01-19,
1842,5월_비즈/스톤 목걸이,2026-04-20,2026-05-19,52,922570,원석지르콘비즈목걸이(써지컬),나니,펜던트(비즈/에폭/아크릴),7000,2026-03-25,
1842,5월_비즈/스톤 목걸이,2026-04-20,2026-05-19,53,899454,하와이 비즈 목걸이 4color,젠젠,펜던트(비즈/에폭/아크릴),5500,2026-02-19,
1842,5월_비즈/스톤 목걸이,2026-04-20,2026-05-19,54,875604,1M1794 코디가 쉬운 더블 라인 믹스 비즈 스트링 목걸이,연서,펜던트(비즈/에폭/아크릴),4000,2026-01-23,
1842,5월_비즈/스톤 목걸이,2026-04-20,2026-05-19,55,924529,N144 타원 천연석 문스톤 실버목걸이 실버925 은목걸이,실버92.5,실버925,29000,2026-03-26,
1842,5월_비즈/스톤 목걸이,2026-04-20,2026-05-19,56,874478,비즈 포인트 진주 목걸이,쁘띠,펜던트(메탈/큐빅/스톤/진주),5000,2026-01-22,
1842,5월_비즈/스톤 목걸이,2026-04-20,2026-05-19,57,897769,1M1804 봄신상 플라워 팬던트 레이어드 비즈 목걸이,연서,펜던트(비즈/에폭/아크릴),6000,2026-02-13,
1842,5월_비즈/스톤 목걸이,2026-04-20,2026-05-19,58,863418,[도미니카목] 천연자개 글라스 무알러지 써지컬스틸 패션 비즈 목걸이,BROOKLYN nature,펜던트(비즈/에폭/아크릴),6000,2026-01-12,
1842,5월_비즈/스톤 목걸이,2026-04-20,2026-05-19,59,922571,원석지르콘비즈팔찌(써지컬),나니,펜던트(비즈/에폭/아크릴),5000,2026-03-25,
1842,5월_비즈/스톤 목걸이,2026-04-20,2026-05-19,60,898022,1M1803 섬세한 드롭 펜던트 봄신상 블루 코랄 컬러 비즈 목걸이,연서,펜던트(비즈/에폭/아크릴),5000,2026-02-13,
1842,5월_비즈/스톤 목걸이,2026-04-20,2026-05-19,61,899470,잔잔빛 써지컬스틸 비즈 목걸이 3color,클로버,초커,4500,2026-02-19,
1842,5월_비즈/스톤 목걸이,2026-04-20,2026-05-19,62,879747,1M1801 네츄럴 조가비쉐입이 포인트로 글로우 핑크 비즈 목걸이,연서,펜던트(비즈/에폭/아크릴),5000,2026-01-27,
1842,5월_비즈/스톤 목걸이,2026-04-20,2026-05-19,63,856188,1M1779 미니멀 시드 비즈 라인 네크리스,연서,펜던트(비즈/에폭/아크릴),3500,2025-12-26,
1842,5월_비즈/스톤 목걸이,2026-04-20,2026-05-19,64,860941,레인보우비즈목걸이(써지컬),나니,펜던트(비즈/에폭/아크릴),5000,2026-01-08,
1842,5월_비즈/스톤 목걸이,2026-04-20,2026-05-19,65,940547,타이니 리본 비즈 목걸이 써지컬),뉴얼리 newerly,펜던트(비즈/에폭/아크릴),5500,2026-04-11,
1842,5월_비즈/스톤 목걸이,2026-04-20,2026-05-19,66,880472,1M1798 코디가 쉬운 심플 베이직 비즈 목걸이,연서,펜던트(비즈/에폭/아크릴),5000,2026-01-28,
1842,5월_비즈/스톤 목걸이,2026-04-20,2026-05-19,67,899798,1M1813 패션감각을 올려줄 비즈볼 포인트 봄신상 비즈 목걸이,연서,펜던트(비즈/에폭/아크릴),4000,2026-02-20,
1842,5월_비즈/스톤 목걸이,2026-04-20,2026-05-19,68,867478,글로시씨드비즈목걸이,에그니 ,롱,5000,2026-01-15,
1842,5월_비즈/스톤 목걸이,2026-04-20,2026-05-19,69,899634,[파티글라스] 3종 글라스 스퀘어 베네치아 크랙 비즈 목걸이,BROOKLYN nature,펜던트(비즈/에폭/아크릴),6500,2026-02-20,
1842,5월_비즈/스톤 목걸이,2026-04-20,2026-05-19,70,900293,더블유아이 써지컬 아크릴비즈 별 목걸이,더블유아이,펜던트(실버/써지컬),3500,2026-02-22,
1842,5월_비즈/스톤 목걸이,2026-04-20,2026-05-19,71,899455,해피곰 써지컬스틸 비즈 목걸이 4color,젠젠,펜던트(비즈/에폭/아크릴),5000,2026-02-19,
1842,5월_비즈/스톤 목걸이,2026-04-20,2026-05-19,72,899468,썸머 비비드 비즈 초커 목걸이 4color,클로버,초커,5000,2026-02-19,
1842,5월_비즈/스톤 목걸이,2026-04-20,2026-05-19,73,879860,1M1791 코디가 쉬운 모던 컬러 배색 봄신상 비즈 목걸이,연서,펜던트(비즈/에폭/아크릴),4000,2026-01-27,
1842,5월_비즈/스톤 목걸이,2026-04-20,2026-05-19,74,899469,사이드 별 비즈 초커 목걸이 4color,클로버,초커,5500,2026-02-19,
1842,5월_비즈/스톤 목걸이,2026-04-20,2026-05-19,75,937753,실버925 레드 원석 비즈 목걸이 여름 은목걸이 자마노,바나다,실버925,18000,2026-04-09,
1851,4월_여름 신발 모음zip.,2026-04-29,2026-05-15,0,634922,[재진행] 1447 투벨트 스트랩 메리제인 로퍼 신발,지오,로퍼/플랫,31000,2025-02-20,
1851,4월_여름 신발 모음zip.,2026-04-29,2026-05-15,1,628777,[재진행] 5938 더블 스트랩 스판 스니커즈 운동화 신발,지오,운동화/스니커즈,32000,2025-02-17,
1851,4월_여름 신발 모음zip.,2026-04-29,2026-05-15,2,627474,[재진행] 5227 더블라인 샌들 뮬 힐 신발,지오,샌들/쪼리/슬리퍼,23000,2025-02-14,
1851,4월_여름 신발 모음zip.,2026-04-29,2026-05-15,3,627467,[재진행] 3831 스퀘어 스트랩 쪼리 샌들 신발,지오,샌들/쪼리/슬리퍼,24000,2025-02-14,
1851,4월_여름 신발 모음zip.,2026-04-29,2026-05-15,4,630287,[신상] 7717 우븐 노마드 샌들 슬리퍼 신발,지오,샌들/쪼리/슬리퍼,27000,2025-02-18,
1851,4월_여름 신발 모음zip.,2026-04-29,2026-05-15,5,632682,[재진행] 626 라티스 샌들 신발,지오,샌들/쪼리/슬리퍼,24000,2025-02-19,
1851,4월_여름 신발 모음zip.,2026-04-29,2026-05-15,6,635725,[신상] 4306 메쉬 망사 누아르 메리제인 로퍼 신발,지오,로퍼/플랫,25000,2025-02-21,
1851,4월_여름 신발 모음zip.,2026-04-29,2026-05-15,7,627468,[재진행] 3841 리본 스트랩 뮬 신발,지오,샌들/쪼리/슬리퍼,24000,2025-02-14,
1851,4월_여름 신발 모음zip.,2026-04-29,2026-05-15,8,627462,"[미친폭주,재진행] 888 스퀘어 베이직 쪼리 슬리퍼 신발",지오,샌들/쪼리/슬리퍼,18000,2025-02-14,
1851,4월_여름 신발 모음zip.,2026-04-29,2026-05-15,9,628874,[재진행] 7519 베이직 슬링백 플랫 로퍼 신발,지오,구두,24000,2025-02-17,
1851,4월_여름 신발 모음zip.,2026-04-29,2026-05-15,10,634939,[재진행] 2702 언발런스 스퀘어 뮬 로퍼 신발,지오,로퍼/플랫,25000,2025-02-20,
1851,4월_여름 신발 모음zip.,2026-04-29,2026-05-15,11,635743,[재진행] 6807 투웨이 언발런스 미들 펌프스 로퍼 신발,지오,로퍼/플랫,24000,2025-02-21,
1851,4월_여름 신발 모음zip.,2026-04-29,2026-05-15,12,638234,[신상] 7714 메탈릭 리본 그레이스 뮬 힐 슬리퍼 신발,지오,샌들/쪼리/슬리퍼,24000,2025-02-25,
1851,4월_여름 신발 모음zip.,2026-04-29,2026-05-15,13,635727,[신상] 4312 메쉬 망사 네트 위버 슬링백 로퍼 신발,지오,로퍼/플랫,27000,2025-02-21,
1851,4월_여름 신발 모음zip.,2026-04-29,2026-05-15,14,635740,[재진행] 6714 라운드 쪼리 신발,지오,샌들/쪼리/슬리퍼,23000,2025-02-21,
1851,4월_여름 신발 모음zip.,2026-04-29,2026-05-15,15,632838,[재진행] 1416 모던시크 투밴드 통굽 샌들 신발,지오,샌들/쪼리/슬리퍼,30000,2025-02-19,
1851,4월_여름 신발 모음zip.,2026-04-29,2026-05-15,16,635741,[재진행] 6801 매니쉬 레이스업 로퍼 신발,지오,로퍼/플랫,26000,2025-02-21,
1851,4월_여름 신발 모음zip.,2026-04-29,2026-05-15,17,630307,[재진행] 8303 메리제인 스트랩 플랫 로퍼 신발,지오,로퍼/플랫,25000,2025-02-18,
1851,4월_여름 신발 모음zip.,2026-04-29,2026-05-15,18,638237,[신상] 8801 미니멀 플립플랍 쪼리 신발,지오,샌들/쪼리/슬리퍼,19000,2025-02-25,
1851,4월_여름 신발 모음zip.,2026-04-29,2026-05-15,19,634948,[재진행] 2745 밴딩 투웨이 로퍼 신발,지오,로퍼/플랫,29000,2025-02-20,
1851,4월_여름 신발 모음zip.,2026-04-29,2026-05-15,20,754406,"[슬링백,힐,신발,신상] 4334 어반 비비드 슬링백 힐",지오,구두,26000,2025-08-14,
1851,4월_여름 신발 모음zip.,2026-04-29,2026-05-15,21,750853,"[로퍼,스웨이드,신발,신상] 7739 브라운스톤 스웨이드 로퍼",지오,로퍼/플랫,27000,2025-08-13,
1851,4월_여름 신발 모음zip.,2026-04-29,2026-05-15,22,657856,[신상] 4307 오아시스 우븐 뮬 슬리퍼 신발,지오,샌들/쪼리/슬리퍼,27000,2025-03-17,
1851,4월_여름 신발 모음zip.,2026-04-29,2026-05-15,23,940918,"[26ss,2style 캔버스,메쉬 크로스 뮬 샌들]31236",아이니드어,샌들/쪼리/슬리퍼,30000,2026-04-12,
1851,4월_여름 신발 모음zip.,2026-04-29,2026-05-15,24,865205,"[로퍼,신발,신상] 3904 디아르 밸런스 라인 투웨이 로퍼",지오,로퍼/플랫,27000,2026-01-14,
1851,4월_여름 신발 모음zip.,2026-04-29,2026-05-15,25,627459,[재진행] 114 미들라인 절개 힐 슬리퍼 샌들 신발,지오,샌들/쪼리/슬리퍼,26000,2025-02-14,
1851,4월_여름 신발 모음zip.,2026-04-29,2026-05-15,26,638229,[신상] 7709 도트 메쉬 망사 발레 스트랩 플랫 로퍼 신발,지오,로퍼/플랫,25000,2025-02-25,
1851,4월_여름 신발 모음zip.,2026-04-29,2026-05-15,27,947660,"[26ss,리얼소가죽 H 데일리 미들 슬리퍼,5cm]025",아이니드어,샌들/쪼리/슬리퍼,28000,2026-04-17,
1851,4월_여름 신발 모음zip.,2026-04-29,2026-05-15,28,934800,059 (T) 투버클 이선 슬리퍼,시슴,샌들/쪼리/슬리퍼,21000,2026-04-06,
1851,4월_여름 신발 모음zip.,2026-04-29,2026-05-15,29,948093,"[26ss,리얼소가죽 위빙 레이저 패턴 뮬 슬리퍼]9079",아이니드어,샌들/쪼리/슬리퍼,30000,2026-04-18,
1851,4월_여름 신발 모음zip.,2026-04-29,2026-05-15,30,628775,[신상] 5930 벨벳 보우 리본 슬리퍼 신발,지오,샌들/쪼리/슬리퍼,19000,2025-02-17,
1851,4월_여름 신발 모음zip.,2026-04-29,2026-05-15,31,750201,"[메리제인,플랫,로퍼,신발,신상] 7731 하트비트 메리제인 플랫 로퍼",지오,로퍼/플랫,29000,2025-08-13,
1851,4월_여름 신발 모음zip.,2026-04-29,2026-05-15,32,865207,"[로퍼,신발,신상] 3906 라우르 쉐도우 투웨이 로퍼",지오,로퍼/플랫,27000,2026-01-14,
1851,4월_여름 신발 모음zip.,2026-04-29,2026-05-15,33,910159,"[26ss,고퀄 메쉬 라탄 편안한 리본플랫슈즈,빅사이즈가능]158",아이니드어,로퍼/플랫,35000,2026-03-06,
1851,4월_여름 신발 모음zip.,2026-04-29,2026-05-15,34,680240,[신상] 8804 오레 샌드 드리프트 쪼리 슬리퍼 신발,지오,샌들/쪼리/슬리퍼,18000,2025-04-09,
1851,4월_여름 신발 모음zip.,2026-04-29,2026-05-15,35,954712,"[26ss,초경량 스팽글 샌들]790",아이니드어,샌들/쪼리/슬리퍼,30000,2026-04-25,
1851,4월_여름 신발 모음zip.,2026-04-29,2026-05-15,36,754402,"[플랫,로퍼,메리제인,신발,신상] 4330 에브리데이 메리제인 플랫",지오,로퍼/플랫,25000,2025-08-14,
1851,4월_여름 신발 모음zip.,2026-04-29,2026-05-15,37,638230,[신상] 7713 메쉬 망사 레이스 위스퍼 플랫 로퍼 신발,지오,로퍼/플랫,26000,2025-02-25,
1851,4월_여름 신발 모음zip.,2026-04-29,2026-05-15,38,954752,"[26ss,사선 스트랩 샌들힐]4506",아이니드어,샌들/쪼리/슬리퍼,28000,2026-04-25,
1851,4월_여름 신발 모음zip.,2026-04-29,2026-05-15,39,943704,1021 망사 시스루 발목 체인 스트랩 힐,시슴,샌들/쪼리/슬리퍼,10000,2026-04-14,
1851,4월_여름 신발 모음zip.,2026-04-29,2026-05-15,40,957505,6064 (MG) 키높이 통굽 큐빅 벨크로 샌들,시슴,샌들/쪼리/슬리퍼,26000,2026-04-29,
1851,4월_여름 신발 모음zip.,2026-04-29,2026-05-15,41,671957,[신상] 8803 에떼 리본플랫 쪼리 슬리퍼 신발,지오,샌들/쪼리/슬리퍼,19000,2025-04-01,
1851,4월_여름 신발 모음zip.,2026-04-29,2026-05-15,42,947955,"[26ss,스틸레토 셔링 뮬 슬링백]4024",아이니드어,샌들/쪼리/슬리퍼,29000,2026-04-18,
1851,4월_여름 신발 모음zip.,2026-04-29,2026-05-15,43,947969,"[26ss,플랫폼 스트랩 샌들힐]4502",아이니드어,샌들/쪼리/슬리퍼,32000,2026-04-18,
1851,4월_여름 신발 모음zip.,2026-04-29,2026-05-15,44,943645,1007 언발 스퀘어 토 슬리퍼 하이힐 뮬,시슴,샌들/쪼리/슬리퍼,10000,2026-04-14,
1851,4월_여름 신발 모음zip.,2026-04-29,2026-05-15,45,948098,"[26ss,리얼소가죽 큐빅 미들굽 샌들힐]9082",아이니드어,샌들/쪼리/슬리퍼,32000,2026-04-18,
1851,4월_여름 신발 모음zip.,2026-04-29,2026-05-15,46,754408,"[슬리퍼,로퍼,뮬,신발,신상] 4336 팬서 워크 슬리퍼 로퍼 뮬",지오,샌들/쪼리/슬리퍼,30000,2025-08-14,
1851,4월_여름 신발 모음zip.,2026-04-29,2026-05-15,47,941779,"[26ss,T 스트랩 뮬 샌들힐]4504",아이니드어,샌들/쪼리/슬리퍼,30000,2026-04-13,
1851,4월_여름 신발 모음zip.,2026-04-29,2026-05-15,48,954725,"[26ss,스퀘어 오픈토 뮬 슬링백]1317",아이니드어,샌들/쪼리/슬리퍼,30000,2026-04-25,
1851,4월_여름 신발 모음zip.,2026-04-29,2026-05-15,49,955720,081 (T) 웨지 키높이 심플 슬리퍼,시슴,샌들/쪼리/슬리퍼,20000,2026-04-27,
1851,4월_여름 신발 모음zip.,2026-04-29,2026-05-15,50,954751,"[26ss,메쉬 리본 슬링백]1311",아이니드어,샌들/쪼리/슬리퍼,30000,2026-04-25,
1851,4월_여름 신발 모음zip.,2026-04-29,2026-05-15,51,651592,[신상] 7721 밀라 글로스 슬리퍼 신발,지오,샌들/쪼리/슬리퍼,27000,2025-03-10,
1851,4월_여름 신발 모음zip.,2026-04-29,2026-05-15,52,927683,5104 (DS) 절개 포인트 사선 슬리퍼,시슴,샌들/쪼리/슬리퍼,26000,2026-03-30,
1851,4월_여름 신발 모음zip.,2026-04-29,2026-05-15,53,954741,"[26ss,핫반응 타비 쪼리 슬리퍼]2058",아이니드어,샌들/쪼리/슬리퍼,26000,2026-04-25,
1851,4월_여름 신발 모음zip.,2026-04-29,2026-05-15,54,948062,"[26ss,매장 핫반응 크록0 뮬 비치 슬리퍼)8089",아이니드어,샌들/쪼리/슬리퍼,12000,2026-04-18,
1851,4월_여름 신발 모음zip.,2026-04-29,2026-05-15,55,943669,1018 시스루 망사 발목 스트랩 힐 샌들,시슴,샌들/쪼리/슬리퍼,10000,2026-04-14,
1851,4월_여름 신발 모음zip.,2026-04-29,2026-05-15,56,635746,[재진행] 9326 콤비 플리플랍 쪼리 슬리퍼 신발,지오,샌들/쪼리/슬리퍼,20000,2025-02-21,
1851,4월_여름 신발 모음zip.,2026-04-29,2026-05-15,57,934790,039 (T) 플랫폼 키높이 통굽 스트랩 슬리퍼,시슴,샌들/쪼리/슬리퍼,25000,2026-04-06,
1851,4월_여름 신발 모음zip.,2026-04-29,2026-05-15,58,641260,[신상] 4308 어반 사파리 슬리퍼 신발,지오,샌들/쪼리/슬리퍼,30000,2025-02-27,
1851,4월_여름 신발 모음zip.,2026-04-29,2026-05-15,59,634942,[재진행] 2719 슬래쉬 스트랩 쪼리 샌들 신발,지오,샌들/쪼리/슬리퍼,23000,2025-02-20,
1851,4월_여름 신발 모음zip.,2026-04-29,2026-05-15,60,919562,"[26ss,체인 (속굽1) 메리제인 플랫슈즈]7688",아이니드어,로퍼/플랫,29000,2026-03-21,
1851,4월_여름 신발 모음zip.,2026-04-29,2026-05-15,61,948095,"[26ss,리얼소가죽 꼬임 뮬 샌들할]9080",아이니드어,샌들/쪼리/슬리퍼,30000,2026-04-18,
1851,4월_여름 신발 모음zip.,2026-04-29,2026-05-15,62,940959,"[26ss,엄지토 사선 스트랩 샌들 슬리퍼]0355",아이니드어,샌들/쪼리/슬리퍼,24000,2026-04-12,
1851,4월_여름 신발 모음zip.,2026-04-29,2026-05-15,63,955718,080 (T) 버클 스트랩 슬리퍼,시슴,샌들/쪼리/슬리퍼,20000,2026-04-27,
1851,4월_여름 신발 모음zip.,2026-04-29,2026-05-15,64,954746,"[26ss,라탄 스틸레토 플랫굽 썸머 블로퍼,2cm]2200",아이니드어,샌들/쪼리/슬리퍼,30000,2026-04-25,
1851,4월_여름 신발 모음zip.,2026-04-29,2026-05-15,65,865203,"[로퍼,뮬,신발,신상] 3902 드망시티 미니멀 스퀘어 뮬",지오,로퍼/플랫,25000,2026-01-14,
1851,4월_여름 신발 모음zip.,2026-04-29,2026-05-15,66,943662,1013 린넨 배색 쪼리 세일,시슴,샌들/쪼리/슬리퍼,10000,2026-04-14,
1851,4월_여름 신발 모음zip.,2026-04-29,2026-05-15,67,955938,9096 (KA) 비비드 스웨이드 웨지 통굽 키높이 스트랩 샌들,시슴,샌들/쪼리/슬리퍼,28000,2026-04-27,
1851,4월_여름 신발 모음zip.,2026-04-29,2026-05-15,68,947683,"[26ss,착화감 좋은 리본 쪼리 슬리퍼]5882",아이니드어,샌들/쪼리/슬리퍼,28000,2026-04-17,
1851,4월_여름 신발 모음zip.,2026-04-29,2026-05-15,69,940915,"[26ss,스퀘어 버클 라텍스 쪼리샌들]31186",아이니드어,샌들/쪼리/슬리퍼,31000,2026-04-12,
1851,4월_여름 신발 모음zip.,2026-04-29,2026-05-15,70,943713,1027 체인 장식 하이힐 슬리퍼 뮬,시슴,샌들/쪼리/슬리퍼,25000,2026-04-14,
1851,4월_여름 신발 모음zip.,2026-04-29,2026-05-15,71,948264,"[26ss,매듭리본 엄지토 슬리퍼]1213",아이니드어,샌들/쪼리/슬리퍼,27000,2026-04-19,
1851,4월_여름 신발 모음zip.,2026-04-29,2026-05-15,72,954723,"[26ss,쿠션좋은 리본 샌들]792",아이니드어,샌들/쪼리/슬리퍼,29000,2026-04-25,
1851,4월_여름 신발 모음zip.,2026-04-29,2026-05-15,73,918086,"[26ss,베이직 메리제인 플랫슈즈]5002",아이니드어,로퍼/플랫,23000,2026-03-19,
1851,4월_여름 신발 모음zip.,2026-04-29,2026-05-15,74,942854,"[26ss,착화감좋은 코르크 쪼리샌들]0384",아이니드어,샌들/쪼리/슬리퍼,32000,2026-04-14,
1851,4월_여름 신발 모음zip.,2026-04-29,2026-05-15,75,947957,"[26ss,플라워 스트랩 뮬 샌들힐]4501",아이니드어,샌들/쪼리/슬리퍼,32000,2026-04-18,
1851,4월_여름 신발 모음zip.,2026-04-29,2026-05-15,76,941472,"[26ss,스퀘어 투벨트 샌들힐]4503",아이니드어,샌들/쪼리/슬리퍼,29000,2026-04-13,
1851,4월_여름 신발 모음zip.,2026-04-29,2026-05-15,77,940925,"[26ss,플랫폼 와이드 뮬 샌들]31242",아이니드어,샌들/쪼리/슬리퍼,33000,2026-04-12,
1851,4월_여름 신발 모음zip.,2026-04-29,2026-05-15,78,943884,1077 락스터드 하이힐 샌들 세일,시슴,샌들/쪼리/슬리퍼,10000,2026-04-14,
1851,4월_여름 신발 모음zip.,2026-04-29,2026-05-15,79,943706,1022 오버굽 말랑 심플 슬리퍼,시슴,샌들/쪼리/슬리퍼,10000,2026-04-14,
1851,4월_여름 신발 모음zip.,2026-04-29,2026-05-15,80,948110,"[26ss,리얼소가죽 글리터 스트랩 뮬]9083",아이니드어,샌들/쪼리/슬리퍼,32000,2026-04-18,
1851,4월_여름 신발 모음zip.,2026-04-29,2026-05-15,81,940927,"[26ss,U라인 오픈토 뮬힐]31243",아이니드어,샌들/쪼리/슬리퍼,28000,2026-04-12,
1851,4월_여름 신발 모음zip.,2026-04-29,2026-05-15,82,918085,"[26ss,라텍스 데일리 리본 플랫슈즈]5001",아이니드어,로퍼/플랫,23000,2026-03-19,
1851,4월_여름 신발 모음zip.,2026-04-29,2026-05-15,83,948261,"[26ss,고퀄 플립플랍 쪼리 슬리퍼]1313",아이니드어,샌들/쪼리/슬리퍼,26000,2026-04-19,
1851,4월_여름 신발 모음zip.,2026-04-29,2026-05-15,84,632845,[재진행] 1420 라운드 쪼리 슬리퍼 신발,지오,샌들/쪼리/슬리퍼,19000,2025-02-19,
1851,4월_여름 신발 모음zip.,2026-04-29,2026-05-15,85,943679,1020 언발 토오픈 하이힐 뮬 여름세일상품,시슴,샌들/쪼리/슬리퍼,10000,2026-04-14,
1851,4월_여름 신발 모음zip.,2026-04-29,2026-05-15,86,627466,[재진행] 3825 슬림라인 샌들 힐 신발,지오,샌들/쪼리/슬리퍼,25000,2025-02-14,
1851,4월_여름 신발 모음zip.,2026-04-29,2026-05-15,87,948260,"[26ss,오픈토 격자 웨지 뮬 샌들 슬리퍼]1071",아이니드어,샌들/쪼리/슬리퍼,31000,2026-04-19,
1851,4월_여름 신발 모음zip.,2026-04-29,2026-05-15,88,948097,"[26ss,리얼소가죽 라탄 샌들 슬리퍼]9081",아이니드어,샌들/쪼리/슬리퍼,27000,2026-04-18,
1851,4월_여름 신발 모음zip.,2026-04-29,2026-05-15,89,954739,"[26ss,왕리본 러블리 뮬 샌들힐]1994",아이니드어,샌들/쪼리/슬리퍼,25000,2026-04-25,
1851,4월_여름 신발 모음zip.,2026-04-29,2026-05-15,90,941108,"[26ss,라인이쁜 쪼리 샌들 슬리퍼]0356",아이니드어,샌들/쪼리/슬리퍼,24000,2026-04-13,
1851,4월_여름 신발 모음zip.,2026-04-29,2026-05-15,91,948128,"[26ss,T 매듭 스트립 샌들]9213",아이니드어,샌들/쪼리/슬리퍼,29000,2026-04-18,
1851,4월_여름 신발 모음zip.,2026-04-29,2026-05-15,92,948131,"[26ss,발등편한 피셔맨 글래디 샌들]9075",아이니드어,샌들/쪼리/슬리퍼,28000,2026-04-18,
1851,4월_여름 신발 모음zip.,2026-04-29,2026-05-15,93,941390,"[26ss,푹신한 크로스 라텍스 슬리퍼]9214",아이니드어,샌들/쪼리/슬리퍼,30000,2026-04-13,
1851,4월_여름 신발 모음zip.,2026-04-29,2026-05-15,94,954747,"[26ss,사선 스트랩 샌들힐]2449",아이니드어,샌들/쪼리/슬리퍼,29000,2026-04-25,
1851,4월_여름 신발 모음zip.,2026-04-29,2026-05-15,95,951815,6063 (MG) 키높이 통굽 큐빅 벨크로 샌들,시슴,샌들/쪼리/슬리퍼,26000,2026-04-22,
1851,4월_여름 신발 모음zip.,2026-04-29,2026-05-15,96,943665,1014 스퀘어 발목 스트랩 힐 샌들,시슴,샌들/쪼리/슬리퍼,24000,2026-04-14,
1851,4월_여름 신발 모음zip.,2026-04-29,2026-05-15,97,906932,"[26ss,그물 망사 메쉬 리본플랫슈즈]3446",아이니드어,로퍼/플랫,31000,2026-03-02,
1851,4월_여름 신발 모음zip.,2026-04-29,2026-05-15,98,941770,"[26ss,스트랩 꼬임 샌들 슬링백]3024",아이니드어,샌들/쪼리/슬리퍼,26000,2026-04-13,
1851,4월_여름 신발 모음zip.,2026-04-29,2026-05-15,99,941463,"[26ss,내추럴 뮬 샌들 블로퍼]3995",아이니드어,샌들/쪼리/슬리퍼,33000,2026-04-13,
1851,4월_여름 신발 모음zip.,2026-04-29,2026-05-15,100,635738,[재진행] 6708 포인트 스퀘어 슬리퍼 신발,지오,샌들/쪼리/슬리퍼,24000,2025-02-21,
1851,4월_여름 신발 모음zip.,2026-04-29,2026-05-15,101,627460,[재진행] 125 스트랩 플랫 쪼리 샌들 신발,지오,샌들/쪼리/슬리퍼,24000,2025-02-14,
1851,4월_여름 신발 모음zip.,2026-04-29,2026-05-15,102,941104,"[26ss,스퀘어 땀안차는 캔버스 쪼리샌들 슬리퍼]0352",아이니드어,샌들/쪼리/슬리퍼,24000,2026-04-13,
1851,4월_여름 신발 모음zip.,2026-04-29,2026-05-15,103,954687,"[26ss,라스트이쁜 뮬 샌들]173",아이니드어,샌들/쪼리/슬리퍼,28000,2026-04-25,
1851,4월_여름 신발 모음zip.,2026-04-29,2026-05-15,104,943879,1075 사선 스트랩 샌들,시슴,샌들/쪼리/슬리퍼,10000,2026-04-14,
1851,4월_여름 신발 모음zip.,2026-04-29,2026-05-15,105,952953,1532 (F) Y 발목 스트랩 샌들,시슴,샌들/쪼리/슬리퍼,28000,2026-04-23,
1851,4월_여름 신발 모음zip.,2026-04-29,2026-05-15,106,940917,"[26ss,스퀘어 스터드 핫피스 뮬 샌들 슬리퍼]31235",아이니드어,샌들/쪼리/슬리퍼,29000,2026-04-12,
1851,4월_여름 신발 모음zip.,2026-04-29,2026-05-15,107,940960,"[26ss,오픈토 리본 슬링백]2201",아이니드어,샌들/쪼리/슬리퍼,30000,2026-04-12,
1851,4월_여름 신발 모음zip.,2026-04-29,2026-05-15,108,941117,"[26ss,신기편한 T스트랩 벨크로 샌들]2202",아이니드어,샌들/쪼리/슬리퍼,31000,2026-04-13,
1851,4월_여름 신발 모음zip.,2026-04-29,2026-05-15,109,680245,[신상] 7727 오레아 리프트 쪼리 슬리퍼 신발,지오,샌들/쪼리/슬리퍼,29000,2025-04-09,
1851,4월_여름 신발 모음zip.,2026-04-29,2026-05-15,110,940916,"[26ss,발편한 절개 라텍스 뮬 샌들 슬링백]31226",아이니드어,샌들/쪼리/슬리퍼,28000,2026-04-12,
1851,4월_여름 신발 모음zip.,2026-04-29,2026-05-15,111,754404,"[플랫,슬링백,신발,신상] 4332 벨루어 라인 플랫 슬링백",지오,로퍼/플랫,25000,2025-08-14,
1851,4월_여름 신발 모음zip.,2026-04-29,2026-05-15,112,910372,"[26ss,메쉬공단 투벨트 메리제인 플랫슈즈]31240",아이니드어,로퍼/플랫,30000,2026-03-07,
1851,4월_여름 신발 모음zip.,2026-04-29,2026-05-15,113,906813,"[26ss,착화감 좋은 메쉬 플랫슈즈]3439",아이니드어,로퍼/플랫,31000,2026-03-01,
1851,4월_여름 신발 모음zip.,2026-04-29,2026-05-15,114,954750,"[26ss,유광 로우굽 뮬 샌들 슬리퍼]4020",아이니드어,샌들/쪼리/슬리퍼,29000,2026-04-25,
1851,4월_여름 신발 모음zip.,2026-04-29,2026-05-15,115,943712,1026 플랫폼 오르 패턴 벨크로 슬리퍼,시슴,샌들/쪼리/슬리퍼,10000,2026-04-14,
1851,4월_여름 신발 모음zip.,2026-04-29,2026-05-15,116,954749,"[26ss,펀칭 뮬 슬리퍼 블로퍼]3084",아이니드어,샌들/쪼리/슬리퍼,28000,2026-04-25,
1851,4월_여름 신발 모음zip.,2026-04-29,2026-05-15,117,947958,"[26ss,우레탄 통굽 정말편한 키높이 꼬리 샌들 슬리퍼]2336",아이니드어,샌들/쪼리/슬리퍼,16000,2026-04-18,
1851,4월_여름 신발 모음zip.,2026-04-29,2026-05-15,118,934806,063 (T) 발등 버클 스트랩 슬리퍼,시슴,샌들/쪼리/슬리퍼,22000,2026-04-06,
1851,4월_여름 신발 모음zip.,2026-04-29,2026-05-15,119,950088,2531 (JM) 심플 베이직 쪼리,시슴,샌들/쪼리/슬리퍼,13000,2026-04-20,
1851,4월_여름 신발 모음zip.,2026-04-29,2026-05-15,120,943710,1025 골드 체인 발목 가보시 발목 스트랩 하이힐 샌들,시슴,샌들/쪼리/슬리퍼,29000,2026-04-14,
1851,4월_여름 신발 모음zip.,2026-04-29,2026-05-15,121,943716,1030 체인 블로퍼 스틸레토 펌프스 힐,시슴,샌들/쪼리/슬리퍼,10000,2026-04-14,
1851,4월_여름 신발 모음zip.,2026-04-29,2026-05-15,122,915269,"[26ss,크로스 스트랩 메쉬 플랫슈즈]3148",아이니드어,로퍼/플랫,34000,2026-03-15,
1851,4월_여름 신발 모음zip.,2026-04-29,2026-05-15,123,941786,"[26ss,4style 꼬임 뮬 샌들 슬리퍼]31180",아이니드어,샌들/쪼리/슬리퍼,28000,2026-04-13,
1851,4월_여름 신발 모음zip.,2026-04-29,2026-05-15,124,943671,1019 발등 체인 스퀘어 뮬 슬리퍼,시슴,샌들/쪼리/슬리퍼,26000,2026-04-14,
1851,4월_여름 신발 모음zip.,2026-04-29,2026-05-15,125,950089,7130 (JM) 스웨이드 키높이 쪼리 샌들,시슴,샌들/쪼리/슬리퍼,19000,2026-04-20,
1851,4월_여름 신발 모음zip.,2026-04-29,2026-05-15,126,943720,1035 투톤 배색 트위드 슬링백 샌들,시슴,샌들/쪼리/슬리퍼,10000,2026-04-14,
1851,4월_여름 신발 모음zip.,2026-04-29,2026-05-15,127,954593,"[26ss,핫반응 고퀄 타비 뮬 슬리퍼]172",아이니드어,샌들/쪼리/슬리퍼,29000,2026-04-25,
1861,5월_의류_살안타 아우터,2026-05-05,2026-05-22,0,442498,"비스코스 볼레로 가디건(볼레로, 여름긴팔, 살안타템, 장마철, 기본템)",퀸더힐,가디건,18000,2024-07-11,
1861,5월_의류_살안타 아우터,2026-05-05,2026-05-22,1,908845,"여리핏-쿨니트골지커버업긴팔-햇빛차단,장마룩,휴가바캉스,살안타템,여름얇은티",데일르,긴소매,7000,2026-03-05,
1861,5월_의류_살안타 아우터,2026-05-05,2026-05-22,2,728948,"신상)스카시니트가디건CD(살안타템,시스루 레이어드 니트Y)",메이비앤코,가디건,19000,2025-06-18,
1861,5월_의류_살안타 아우터,2026-05-05,2026-05-22,3,922591,파스텔 라운드넥 포켓 니트 가디건,러브썸,가디건,14000,2026-03-25,
1861,5월_의류_살안타 아우터,2026-05-05,2026-05-22,4,953241,"시어서커줄지서츠NB(단독진행,시스루SH",메이비앤코,셔츠/남방,29000,2026-04-23,
1861,5월_의류_살안타 아우터,2026-05-05,2026-05-22,5,401995,소이니트가디건 (파스텔브이니트 여름니트  브이니트 시스루썸머,블랜드,가디건,21000,2024-05-08,
1861,5월_의류_살안타 아우터,2026-05-05,2026-05-22,6,682521,여름 가디건 시스루 니트 골지 슬림 쫄티 신상 ( 트립 CD ),럭키,가디건,6000,2025-04-11,
1861,5월_의류_살안타 아우터,2026-05-05,2026-05-22,7,951543,크로우SH,위크플랜,셔츠/남방,22000,2026-04-22,
1861,5월_의류_살안타 아우터,2026-05-05,2026-05-22,8,956200,플라워 크롭 버튼 가디건,러브썸,가디건,13000,2026-04-28,
1861,5월_의류_살안타 아우터,2026-05-05,2026-05-22,9,592850,"투버튼크롭가디건(햇빛차단,장마룩,휴가,바캉스,시스루,여리핏)",데일르,가디건,8000,2025-01-08,
1861,5월_의류_살안타 아우터,2026-05-05,2026-05-22,10,721537,"스카시니트가디건CD(살안타템,시스루 레이어드 니트Y)",메이비앤코,가디건,19000,2025-06-03,
1861,5월_의류_살안타 아우터,2026-05-05,2026-05-22,11,958524,살랑 에어리 시스루 슬러브 썸머 후드 집업 에어컨 햇빛 자외선 아우터,매니굳즈,집업/점퍼,19500,2026-05-01,
1861,5월_의류_살안타 아우터,2026-05-05,2026-05-22,12,658399,특가 리틀 가디건 여름 가디건 시스루 골지 기본 가디건 봄 신상,언니네 양장점,가디건,9500,2025-03-18,
1861,5월_의류_살안타 아우터,2026-05-05,2026-05-22,13,715944,"스카시가디건니트CD (린넨,시스루 nt Y)",메이비앤코,가디건,19000,2025-05-22,
1861,5월_의류_살안타 아우터,2026-05-05,2026-05-22,14,443591,"린넨 비스코스 시스루 골지 가디건(골지 가디건, 간절기긴팔, 얇은 가디건)",퀸더힐,가디건,23000,2024-07-15,
1861,5월_의류_살안타 아우터,2026-05-05,2026-05-22,15,741143,"스카시가디건니트CD(린넨, 시스루 살안타템)",메이비앤코,가디건,19000,2025-07-23,
1861,5월_의류_살안타 아우터,2026-05-05,2026-05-22,16,439707,에어리린넨가디건(린넨니트가디건여름니트여름가디건골지니트시스루,더베이스,가디건,19000,2024-07-01,
1861,5월_의류_살안타 아우터,2026-05-05,2026-05-22,17,423974,"엘레나 시스루 극세사 볼레로 자켓 (여름자켓, 레이스)",퀸더힐,자켓,26000,2024-05-23,
1861,5월_의류_살안타 아우터,2026-05-05,2026-05-22,18,744616,자게시스루CD,어데이즈,가디건,10000,2025-07-29,
1861,5월_의류_살안타 아우터,2026-05-05,2026-05-22,19,702127,플라워 시스루 점퍼(간절기 집업),부키네,집업/점퍼,18000,2025-05-01,
1861,5월_의류_살안타 아우터,2026-05-05,2026-05-22,20,943625,5455 봄 여름 비스코스 브이넥 단추 니트 긴팔 가디건 살안타템 여리핏,포에(Poe),가디건,9500,2026-04-14,
1861,5월_의류_살안타 아우터,2026-05-05,2026-05-22,21,909453,꽃잋 시스루 점퍼 B1122,스코프,집업/점퍼,20000,2026-03-05,
1861,5월_의류_살안타 아우터,2026-05-05,2026-05-22,22,920852,퐁듀가디건)여름 신상 살안타 국내생산 니트,87서울,가디건,9500,2026-03-23,
1861,5월_의류_살안타 아우터,2026-05-05,2026-05-22,23,741144,"스카시가디건니트CD(살안타템, 린넨 , 시스루",메이비앤코,가디건,19000,2025-07-23,
1861,5월_의류_살안타 아우터,2026-05-05,2026-05-22,24,945435,26SS) 솜솜CD (시스루 그물 봄가디건 부클 얇은니트 간절기템 여리핏,소르베,가디건,13000,2026-04-16,
1861,5월_의류_살안타 아우터,2026-05-05,2026-05-22,25,692885,"467펀칭레이스로브(앞뒤양면,시스루,가디건,아우터,민소매,여름,바캉스)",예쁜해파리,가디건,10000,2025-04-21,
1861,5월_의류_살안타 아우터,2026-05-05,2026-05-22,26,734841,"신상)스카시가디건니트CD(시스루 핏이쁜 장마니트탑레이어드,살안타템NT,Y",메이비앤코,가디건,19000,2025-07-03,
1861,5월_의류_살안타 아우터,2026-05-05,2026-05-22,27,905792,"잘록핏-비비골지유넥긴팔-시스루,봄여름,슬림,글램룩,이너티,살안타템,장마룩",데일르,긴소매,7000,2026-02-27,
1861,5월_의류_살안타 아우터,2026-05-05,2026-05-22,28,942531,601 여름 니트 긴팔 가디건 투웨이 단추 브이넥 살안타템 시스루 골지 투버튼,포에(Poe),가디건,9000,2026-04-14,
1861,5월_의류_살안타 아우터,2026-05-05,2026-05-22,29,956499,(살안타)(장마)프릴도트집업,사이다,집업/점퍼,15000,2026-04-28,
1861,5월_의류_살안타 아우터,2026-05-05,2026-05-22,30,916581,도도가디건 시스루 니트,데이원(dayone),가디건,6000,2026-03-17,
1861,5월_의류_살안타 아우터,2026-05-05,2026-05-22,31,934481,보디 자수 워크자켓 30117,스코프,셔츠/남방,28000,2026-04-06,
1861,5월_의류_살안타 아우터,2026-05-05,2026-05-22,32,716405,체크윈드점퍼(여름신상 바람막이 투웨이 시스루 밴딩 고프코어 아노락 블루종 집업 자켓),플랫유,집업/점퍼,23000,2025-05-22,
1861,5월_의류_살안타 아우터,2026-05-05,2026-05-22,33,880285,"기본핏-모달여리브이넥긴팔-봄가을,루즈,티셔츠,이너,베이직,쫀쫀,간절기,면",데일르,긴소매,9000,2026-01-28,
1861,5월_의류_살안타 아우터,2026-05-05,2026-05-22,34,945533,쓰리트랙 망사 집업 펀칭니트 반팔 가디건 메쉬 여름 시스루 오버핏 남녀공용 빅사이즈,컴플렉스,가디건,13000,2026-04-16,
1861,5월_의류_살안타 아우터,2026-05-05,2026-05-22,35,858454,"글램핏-모달잘록유넥긴팔-봄가을,기본티,섹시룩,면,무지,이너,쫀쫀스판,슬림",데일르,긴소매,8500,2026-01-05,
1861,5월_의류_살안타 아우터,2026-05-05,2026-05-22,36,737000,요요스트링후드가디건(장마룩 살안타 자외선차단 바캉스 시스루 비치룩 리본 끈 포인트),에이썬,가디건,13000,2025-07-10,
1861,5월_의류_살안타 아우터,2026-05-05,2026-05-22,37,945529,롤링체크셔츠 반팔 체크 남방 백프린팅 레터링 오버핏 남녀공용 여름 레이어드 루즈핏,컴플렉스,셔츠/남방,20000,2026-04-16,
1861,5월_의류_살안타 아우터,2026-05-05,2026-05-22,38,706507,1559 시스루 니트 가디건 나시 세트,필앤마조,가디건,14000,2025-05-08,
1861,5월_의류_살안타 아우터,2026-05-05,2026-05-22,39,956097,"26여름신상_팝핑믹스가디건(크롭,살안타,색포인트,시스루,가디건,꾸안꾸",카라멜,가디건,10000,2026-04-28,
1861,5월_의류_살안타 아우터,2026-05-05,2026-05-22,40,947133,"기본핏-텐셀오픈가디건-얇은썸머아우터,여름,햇빛차단,살안타템,장마룩,데일리",데일르,가디건,8000,2026-04-17,
1861,5월_의류_살안타 아우터,2026-05-05,2026-05-22,41,947228,카라 펀칭 레이스 크롭 반팔 셔츠,인스타,셔츠/남방,14000,2026-04-17,
1861,5월_의류_살안타 아우터,2026-05-05,2026-05-22,42,914347,로맨틱 시스루 플라워 비치 가디건 여름 햇볕 비치 수영복 봄 가을 아우터 여성휴가,엘은진,가디건,8900,2026-03-12,
1861,5월_의류_살안타 아우터,2026-05-05,2026-05-22,43,736991,시어베이직가디건(cd 시스루 텐셀 라운드 장마룩 살안터 썬블럭 매쉬 긴팔),에이썬,가디건,12000,2025-07-10,
1861,5월_의류_살안타 아우터,2026-05-05,2026-05-22,44,956927,썬샤인볼레로,허니허니,가디건,7000,2026-04-29,
1861,5월_의류_살안타 아우터,2026-05-05,2026-05-22,45,954997,멜로우셔츠(26017),마이엘리,셔츠/남방,11000,2026-04-26,
1861,5월_의류_살안타 아우터,2026-05-05,2026-05-22,46,928051,셔츠 13921,위온,셔츠/남방,30600,2026-03-30,
1861,5월_의류_살안타 아우터,2026-05-05,2026-05-22,47,942386,레이스시스루셔츠(오버핏 레이어드 블라우스,컴플렉스,셔츠/남방,12000,2026-04-13,
1861,5월_의류_살안타 아우터,2026-05-05,2026-05-22,48,928050,셔츠 13327,위온,셔츠/남방,27800,2026-03-30,
1861,5월_의류_살안타 아우터,2026-05-05,2026-05-22,49,945459,1032 여름 크로쉐 린넨 니트 가디건 나시 세트 살안타템 뷔스티에,포에(Poe),가디건,14500,2026-04-16,
1861,5월_의류_살안타 아우터,2026-05-05,2026-05-22,50,943715,2621 스크런치 머리끈 세트 스트라이프 셔츠 남방 오버핏 루즈핏 살안타템,포에(Poe),셔츠/남방,11500,2026-04-14,
1861,5월_의류_살안타 아우터,2026-05-05,2026-05-22,51,953903,썸머 체크 오버핏 포켓 셔츠남방,러브썸,셔츠/남방,15000,2026-04-24,
1861,5월_의류_살안타 아우터,2026-05-05,2026-05-22,52,953254,"베이직셔츠NB(오버 루즈박시핏셔츠,바이오코튼SH",메이비앤코,셔츠/남방,22000,2026-04-23,
1861,5월_의류_살안타 아우터,2026-05-05,2026-05-22,53,951578,오버핏 포켓레이스 반팔 남방 레이스자수  카라 셔츠 블라우스,이츠벨라,셔츠/남방,10000,2026-04-22,
1861,5월_의류_살안타 아우터,2026-05-05,2026-05-22,54,959026,루즈핏 롤업 반팔 카라 셔츠 블라우스,코코블리,셔츠/남방,11000,2026-05-03,
1861,5월_의류_살안타 아우터,2026-05-05,2026-05-22,55,959219,롱에어 시어 셔츠,로웰,셔츠/남방,29000,2026-05-04,
1861,5월_의류_살안타 아우터,2026-05-05,2026-05-22,56,959939,쿨링체크남방,제이투,셔츠/남방,9000,2026-05-06,
1861,5월_의류_살안타 아우터,2026-05-05,2026-05-22,57,956459,셔츠 8153,위온,셔츠/남방,23100,2026-04-28,
1861,5월_의류_살안타 아우터,2026-05-05,2026-05-22,58,959471,"썸머후드가디건(살안타템,에어컨차단,긴팔,오버핏,가벼움,여름신상,무지)",파인씨,가디건,11500,2026-05-05,
1861,5월_의류_살안타 아우터,2026-05-05,2026-05-22,59,871030,"기본핏-보니유넥긴팔-봄가을,면티,스판,티셔츠,베이직,이너,스탠다드,꾸안꾸",데일르,긴소매,7000,2026-01-20,
1862,5월_반다나&선글라스,2026-05-07,2026-05-22,0,629092,봄 가을 일자 두건 머리띠 패션 레이스 스카프 뜨개 휴양지룩 니트커치프 아이돌 공연 히피룩,위드삐삐마켓,헤어밴드/터번/반다나,3000,2025-02-17,
1862,5월_반다나&선글라스,2026-05-07,2026-05-22,1,485041,가을이 더 인기??파스텔레이스 보닛 모자 스카프,릴리,헤어밴드/터번/반다나,2500,2024-08-24,
1862,5월_반다나&선글라스,2026-05-07,2026-05-22,2,653945,레이스 반다나 두건 머리띠 패션 키치한 휴양지룩 니트커치프 아이돌 공연 히피룩 헤어스카프,위드삐삐마켓,헤어밴드/터번/반다나,3000,2025-03-11,
1862,5월_반다나&선글라스,2026-05-07,2026-05-22,3,653941,니트 반다나 두건 머리띠 패션 키치한 뜨개 휴양지룩 니트커치프 아이돌 공연 히피룩 헤어스카,위드삐삐마켓,헤어밴드/터번/반다나,3000,2025-03-11,
1862,5월_반다나&선글라스,2026-05-07,2026-05-22,4,719879,해바라기를 머리에 크로쉐 스카프 1종,스르르,헤어밴드/터번/반다나,2600,2025-05-29,
1862,5월_반다나&선글라스,2026-05-07,2026-05-22,5,446299,[ETC0879] 리본레이스두건,엔유이,헤어밴드/터번/반다나,3500,2024-07-22,
1862,5월_반다나&선글라스,2026-05-07,2026-05-22,6,712490,버젼2 니트 반다나 두건 머리띠 패션 키치한 뜨개 휴양지룩 니트커치프 아이돌 공연 히피룩,위드삐삐마켓,헤어밴드/터번/반다나,3000,2025-05-16,
1862,5월_반다나&선글라스,2026-05-07,2026-05-22,7,636780,레이스 동백꽃 나비 삼각 두건 머리띠 패션 스카프 아이돌 공연 히피룩 헤어 제주도 여수,위드삐삐마켓,헤어밴드/터번/반다나,3800,2025-02-22,
1862,5월_반다나&선글라스,2026-05-07,2026-05-22,8,906156,폴딩선글 선글라스 uv400 썬글라스 유니크 트렌디 힙스터 휴양지 바캉스 SG1112,데이오프,안경/선글라스/안경소품,9000,2026-02-27,
1862,5월_반다나&선글라스,2026-05-07,2026-05-22,9,436426,플라워뜨개두건여름두건스카프,천사,헤어밴드/터번/반다나,1800,2024-06-23,
1862,5월_반다나&선글라스,2026-05-07,2026-05-22,10,845759,하니)헤어밴드 4칼라(니트 반다나 스카프 비니 모자),놈,헤어밴드/터번/반다나,5000,2025-12-07,
1862,5월_반다나&선글라스,2026-05-07,2026-05-22,11,784212,브리선글 자외선차단 UV400 컬러선글라스 썬글라스 컬러안경 비키니 틴트안경 SG807,아이즈  Eyes,안경/선글라스/안경소품,5000,2025-09-11,
1862,5월_반다나&선글라스,2026-05-07,2026-05-22,12,930099,슬롬선글 선글라스 Uv400 렌즈-수지 프레임-pc 자외선차단 썬글라스 SG1143,아이즈  Eyes,안경/선글라스/안경소품,7000,2026-04-01,
1862,5월_반다나&선글라스,2026-05-07,2026-05-22,13,733639,파인선글라스 UV400 자외선차단 썬글라스 바캉스 휴가 키치 SG271,아이즈  Eyes,안경/선글라스/안경소품,4000,2025-06-30,
1862,5월_반다나&선글라스,2026-05-07,2026-05-22,14,906162,폴딩선글 선글라스 uv400 썬글라스 유니크 트렌디 힙스터 휴양지 바캉스 SG1112,아이즈  Eyes,안경/선글라스/안경소품,9000,2026-02-27,
1862,5월_반다나&선글라스,2026-05-07,2026-05-22,15,732446,국화레이스 두건 반다나 레이어드스커트,쁘띠,손수건/스카프,6000,2025-06-26,
1862,5월_반다나&선글라스,2026-05-07,2026-05-22,16,733619,카나선글라스 UV400 틴트안경 컬러렌즈 하라주쿠 자외선차단 SG342,아이즈  Eyes,안경/선글라스/안경소품,9000,2025-06-30,
1862,5월_반다나&선글라스,2026-05-07,2026-05-22,17,891978,[ETC1524] 타이포선글라스,엔유이,안경/선글라스/안경소품,8500,2026-02-08,
1862,5월_반다나&선글라스,2026-05-07,2026-05-22,18,733754,자수레이스 두건반다나 스카프,쁘띠,헤어밴드/터번/반다나,5000,2025-06-30,
1862,5월_반다나&선글라스,2026-05-07,2026-05-22,19,759525,케언즈선글 UV380 자외선차단 선글라스 썬글라스 패션선글 수영복 비키니 모노키니SG825,베이비블루 babyblue,안경/선글라스/안경소품,3500,2025-08-20,
1862,5월_반다나&선글라스,2026-05-07,2026-05-22,20,653943,두건 머리띠 패션 레이스 쉬폰 스카프 뜨개 휴양지룩 니트커치프 아이돌 공연 히피룩 헤어스카,위드삐삐마켓,헤어밴드/터번/반다나,4000,2025-03-11,
1862,5월_반다나&선글라스,2026-05-07,2026-05-22,21,936583,블리선글 UV400 프레임-PC 렌즈-수지 썬글라스 선글라스 휴양지 바캉스 SG1149,스위니,안경/선글라스/안경소품,7000,2026-04-08,
1862,5월_반다나&선글라스,2026-05-07,2026-05-22,22,747750,베그선글라스 썬글라스 안경 휴가 패션안경 025,아띠젠,안경/선글라스/안경소품,4000,2025-08-07,
1862,5월_반다나&선글라스,2026-05-07,2026-05-22,23,910478,안경006 타원형선글라스 UV차단 패션선글라스,달리아,안경/선글라스/안경소품,6000,2026-03-07,
1862,5월_반다나&선글라스,2026-05-07,2026-05-22,24,759526,케언즈선글 UV380 자외선차단 선글라스 썬글라스 패션선글 비키니 수영복 모노키니SG825,아이즈  Eyes,안경/선글라스/안경소품,3500,2025-08-20,
1862,5월_반다나&선글라스,2026-05-07,2026-05-22,25,427211,자수체리 삼각 두건 자외선 차단 여행 피크닉 핸드메이드 니트 헤어 스카프,포항사,헤어밴드/터번/반다나,5500,2024-05-31,
1862,5월_반다나&선글라스,2026-05-07,2026-05-22,26,464882,클락션꽃 헤어두건,사론,헤어밴드/터번/반다나,6000,2024-08-14,
1862,5월_반다나&선글라스,2026-05-07,2026-05-22,27,464879,딸기체리 헤어두건,사론,헤어밴드/터번/반다나,6000,2024-08-14,
1862,5월_반다나&선글라스,2026-05-07,2026-05-22,28,913274,"웨이비선글 선글라스 UV400 프레임-pc, 렌즈-수지 바캉스 휴양지 SG1122",데이오프,안경/선글라스/안경소품,11000,2026-03-11,
1862,5월_반다나&선글라스,2026-05-07,2026-05-22,29,907737,페기틴트 선글라스 썬글라스 틴트안경 안경테 휴양지 바캉스 자외선차단 SG885,아이즈  Eyes,안경/선글라스/안경소품,5000,2026-03-03,
1862,5월_반다나&선글라스,2026-05-07,2026-05-22,30,732456,펀칭면레이스 두건 스카프,쁘띠,손수건/스카프,5000,2025-06-26,
1862,5월_반다나&선글라스,2026-05-07,2026-05-22,31,943385,제인선글 선글라스 썬글라스 자외선차단 휴양지 잡화점 바캉스 여름신상 소품샵 SG1170,베이비블루 babyblue,안경/선글라스/안경소품,8000,2026-04-14,
1862,5월_반다나&선글라스,2026-05-07,2026-05-22,32,213371,체커보드 크로쉐 니트 두건 모자,앤디어,헤어밴드/터번/반다나,7500,2023-07-10,
1862,5월_반다나&선글라스,2026-05-07,2026-05-22,33,927801,게티선글 프레임-수지 렌즈-수지 uv400 썬글라스 선글라스 휴양지 바캉스 SG1135,스위니,안경/선글라스/안경소품,6500,2026-03-30,
1862,5월_반다나&선글라스,2026-05-07,2026-05-22,34,784264,라인선글라스 썬글라스 패션선글라스 안경 sunglasses 틴트선글라스 SG293,아이즈  Eyes,안경/선글라스/안경소품,6000,2025-09-11,
1862,5월_반다나&선글라스,2026-05-07,2026-05-22,35,833735,코린선글 선글라스 안경 안경테 패션선글라스 긱시크 자외선차단 SG496,데이오프,안경/선글라스/안경소품,6500,2025-11-19,
1862,5월_반다나&선글라스,2026-05-07,2026-05-22,36,436425,레이스리본두건스카프,천사,헤어밴드/터번/반다나,2500,2024-06-23,
1862,5월_반다나&선글라스,2026-05-07,2026-05-22,37,930323,꽃레이스 두건.보넷,카라(kara),두건/베레모,3000,2026-04-01,
1862,5월_반다나&선글라스,2026-05-07,2026-05-22,38,930082,슬롬선글 선글라스 Uv400 렌즈-수지 프레임-pc 자외선차단 썬글라스 SG1143,데이오프,안경/선글라스/안경소품,7000,2026-04-01,
1862,5월_반다나&선글라스,2026-05-07,2026-05-22,39,938302,26여름)[미소]에스파선글라스(여성),애플네,안경/선글라스/안경소품,3000,2026-04-09,
1862,5월_반다나&선글라스,2026-05-07,2026-05-22,40,732447,꽃자수레이스 두건 반다나 스카프머플러,쁘띠,손수건/스카프,5000,2025-06-26,
1862,5월_반다나&선글라스,2026-05-07,2026-05-22,41,842242,노르딕니트헤드밴드,에그니 ,헤어밴드/터번/반다나,3500,2025-12-01,
1862,5월_반다나&선글라스,2026-05-07,2026-05-22,42,732457,린넨자수레이스 두건스카프 머플러,쁘띠,손수건/스카프,5000,2025-06-26,
1862,5월_반다나&선글라스,2026-05-07,2026-05-22,43,906160,폴딩선글 선글라스 uv400 썬글라스 유니크 트렌디 힙스터 휴양지 바캉스 SG1112,베이비블루 babyblue,안경/선글라스/안경소품,9000,2026-02-27,
1862,5월_반다나&선글라스,2026-05-07,2026-05-22,44,775955,스타선글라스 UV차단 패션 썬글라스 안경 안경테 바캉스 휴양지 잡화점 소품샵 SG852,데이오프,안경/선글라스/안경소품,6000,2025-09-03,
1862,5월_반다나&선글라스,2026-05-07,2026-05-22,45,444535,데이지 니트 보닛 _ 플라워 뜨개 두건 스카프,샤빌,헤어밴드/터번/반다나,2900,2024-07-17,
1862,5월_반다나&선글라스,2026-05-07,2026-05-22,46,436427,체크뜨개두건소품스카프,천사,헤어밴드/터번/반다나,1800,2024-06-23,
1862,5월_반다나&선글라스,2026-05-07,2026-05-22,47,934292,콤마선글 선글라스 썬글라스 UV차단 휴양지 바캉스 쌩얼안경 소품샵 코디아이템 SG866,아이즈  Eyes,안경/선글라스/안경소품,6500,2026-04-06,
1862,5월_반다나&선글라스,2026-05-07,2026-05-22,48,958398,코드선글 자외선차단 UV400 썬글라스 아이웨어 아이즈 신상 휴가 수영복 코디 SG1184,스위니,안경/선글라스/안경소품,6500,2026-04-30,
1862,5월_반다나&선글라스,2026-05-07,2026-05-22,49,454983,레인보우 니트 보닛 _ 헤어두건 뜨개 두건,샤빌,헤어밴드/터번/반다나,3500,2024-08-05,
1862,5월_반다나&선글라스,2026-05-07,2026-05-22,50,959445,맥스안경 UV400 자외선차단 틸트안경 선글라스 메탈프레임 금속안경 아이웨어 G1187,데이오프,안경/선글라스/안경소품,9000,2026-05-04,
1862,5월_반다나&선글라스,2026-05-07,2026-05-22,51,913275,"웨이비선글 선글라스 UV400 프레임-pc, 렌즈-수지 바캉스 휴양지 SG1122",스위니,안경/선글라스/안경소품,11000,2026-03-11,
1862,5월_반다나&선글라스,2026-05-07,2026-05-22,52,213379,해바라기 크로쉐 니트 두건 모자,앤디어,헤어밴드/터번/반다나,6500,2023-07-10,
1862,5월_반다나&선글라스,2026-05-07,2026-05-22,53,732452,펀칭면레이스 두건스카프,쁘띠,손수건/스카프,4000,2025-06-26,
1862,5월_반다나&선글라스,2026-05-07,2026-05-22,54,857807,페퍼선글 레드 선글라스 자외선 차단 틴트선글 휴양지 바캉스 코디아이템 휴가 SG1044,데이오프,안경/선글라스/안경소품,8900,2025-12-31,
1862,5월_반다나&선글라스,2026-05-07,2026-05-22,55,733644,메카선글라스 UV400 자외선차단 썬글라스 패션선글라스 수영복 비키니 컬러선글 SG290,아이즈  Eyes,안경/선글라스/안경소품,7000,2025-06-30,
1862,5월_반다나&선글라스,2026-05-07,2026-05-22,56,733642,젤리캣선글라스 UV400 자외선차단 썬글라스 썬그리 UV차단 여름신상 수영복 SG263,아이즈  Eyes,안경/선글라스/안경소품,4000,2025-06-30,
1862,5월_반다나&선글라스,2026-05-07,2026-05-22,57,899395,홀리선글 UV400차단 선글라스 뿔테안경 바캉스 휴양지 여행 컬러 썬글라스 SG1103,아이즈  Eyes,안경/선글라스/안경소품,6500,2026-02-19,
1862,5월_반다나&선글라스,2026-05-07,2026-05-22,58,921914,기획)리노선글 UV385 렌즈-AC 프레임-PC 선글라스 휴양지 바캉스 SG1131,스위니,안경/선글라스/안경소품,1900,2026-03-24,
1862,5월_반다나&선글라스,2026-05-07,2026-05-22,59,213376,크로쉐 니트 두건 모자,앤디어,헤어밴드/터번/반다나,7500,2023-07-10,
1862,5월_반다나&선글라스,2026-05-07,2026-05-22,60,730385,체크 레이스 두건 자외선차단 비비드 캡 모자 야구모자 y2k 볼캡 커플 무지 남녀 공용 키,위드삐삐마켓,두건/베레모,7800,2025-06-20,
1862,5월_반다나&선글라스,2026-05-07,2026-05-22,61,906158,폴딩선글 선글라스 uv400 썬글라스 유니크 트렌디 힙스터 휴양지 바캉스 SG1112,스위니,안경/선글라스/안경소품,9000,2026-02-27,
1862,5월_반다나&선글라스,2026-05-07,2026-05-22,62,899392,홀리선글 UV400차단 선글라스 뿔테안경 바캉스 휴양지 여행 컬러 썬글라스 SG1103,데이오프,안경/선글라스/안경소품,6500,2026-02-19,
1862,5월_반다나&선글라스,2026-05-07,2026-05-22,63,784233,배디선글 UV400 자외선 차단 선글라스 트렌디 선글 바캉스 소품샵 SG786,아이즈  Eyes,안경/선글라스/안경소품,8000,2025-09-11,
1862,5월_반다나&선글라스,2026-05-07,2026-05-22,64,732459,면레이스 두건 스카프 머플러,쁘띠,손수건/스카프,4000,2025-06-26,
1862,5월_반다나&선글라스,2026-05-07,2026-05-22,65,921916,기획)리노선글 UV385 렌즈-AC 프레임-PC 선글라스 휴양지 바캉스 SG1131,스위니,안경/선글라스/안경소품,1900,2026-03-24,
1862,5월_반다나&선글라스,2026-05-07,2026-05-22,66,908316,레오선글 선글라스 썬글라스 UV차단 자외선 차단 바캉스 휴양지 SG868,아이즈  Eyes,안경/선글라스/안경소품,7500,2026-03-04,
1862,5월_반다나&선글라스,2026-05-07,2026-05-22,67,833852,헤이선글 선글라스 썬글라스 UV차단 자외선차단 휴양지 바캉스 여름 휴가 SG958,데이오프,안경/선글라스/안경소품,9500,2025-11-19,
1862,5월_반다나&선글라스,2026-05-07,2026-05-22,68,853677,리즈 선글라스 썬글라스 휴양지 바캉스 자외선 차단 뿔테안경 안경테 코디아이템  SG1028,스위니,안경/선글라스/안경소품,6000,2025-12-19,
1862,5월_반다나&선글라스,2026-05-07,2026-05-22,69,733641,동그리선그리 UV400 자외선차단선글라스 썬글라스 패션안경 노메이크업안경 트렌디 SG245,아이즈  Eyes,안경/선글라스/안경소품,4000,2025-06-30,
1862,5월_반다나&선글라스,2026-05-07,2026-05-22,70,930096,슬롬선글 선글라스 Uv400 렌즈-수지 프레임-pc 자외선차단 썬글라스 SG1143,베이비블루 babyblue,안경/선글라스/안경소품,7000,2026-04-01,
1862,5월_반다나&선글라스,2026-05-07,2026-05-22,71,733618,델비선글 UV400 자외선차단 긱시크 너드 패션선글라스 틴트안경 y2k 패션안경SG430,아이즈  Eyes,안경/선글라스/안경소품,8500,2025-06-30,
1862,5월_반다나&선글라스,2026-05-07,2026-05-22,72,661109,쿨 헤어밴드(봄여름 여성 신상 골지 면 스포츠 넓은 터번 니트 머리띠 홈웨어 베이직 기본,나이스앨리스,헤어밴드/터번/반다나,2500,2025-03-20,
1862,5월_반다나&선글라스,2026-05-07,2026-05-22,73,921919,기획)리노선글 UV385 렌즈-AC 프레임-PC 선글라스 휴양지 바캉스 SG1131,베이비블루 babyblue,안경/선글라스/안경소품,1900,2026-03-24,
1862,5월_반다나&선글라스,2026-05-07,2026-05-22,74,936582,블리선글 UV400 프레임-PC 렌즈-수지 썬글라스 선글라스 휴양지 바캉스 SG1149,데이오프,안경/선글라스/안경소품,7000,2026-04-08,
1862,5월_반다나&선글라스,2026-05-07,2026-05-22,75,759524,케언즈선글 UV380 자외선차단 선글라스 썬글라스 패션선글수영복 비키니 모노키니 SG825,스위니,안경/선글라스/안경소품,3500,2025-08-20,
1862,5월_반다나&선글라스,2026-05-07,2026-05-22,76,930087,슬롬선글 선글라스 Uv400 렌즈-수지 프레임-pc 자외선차단 썬글라스 SG1143,스위니,안경/선글라스/안경소품,7000,2026-04-01,
1862,5월_반다나&선글라스,2026-05-07,2026-05-22,77,927895,게티선글 프레임-수지 렌즈-수지 uv400 썬글라스 선글라스 휴양지 바캉스 SG1135,아이즈  Eyes,안경/선글라스/안경소품,6500,2026-03-30,
1862,5월_반다나&선글라스,2026-05-07,2026-05-22,78,921930,기획)리노선글 UV385 렌즈-AC 프레임-PC 선글라스 휴양지 바캉스 SG1131,아이즈  Eyes,안경/선글라스/안경소품,1900,2026-03-24,
1862,5월_반다나&선글라스,2026-05-07,2026-05-22,79,943383,제인선글 선글라스 썬글라스 자외선차단 휴양지 잡화점 바캉스 여름신상 소품샵 SG1170,스위니,안경/선글라스/안경소품,8000,2026-04-14,
1862,5월_반다나&선글라스,2026-05-07,2026-05-22,80,784230,넬리선글 UV400 자외선 차단 트렌디 선글라스 논프레임 선글 SG783,아이즈  Eyes,안경/선글라스/안경소품,7000,2025-09-11,
1862,5월_반다나&선글라스,2026-05-07,2026-05-22,81,936620,블리선글 UV400 프레임-PC 렌즈-수지 썬글라스 선글라스 휴양지 바캉스 SG1149,베이비블루 babyblue,안경/선글라스/안경소품,7000,2026-04-08,
1864,5월_태닝 캐릭터전,2026-05-07,2026-05-22,0,749228,[정품]태닝 알로하 스트링파우치,챌렉트,파우치/파우치백,5000,2025-08-11,
1864,5월_태닝 캐릭터전,2026-05-07,2026-05-22,1,955019,(일본정품) 산리오캐릭터즈 태닝시리즈 와펜,옐로맨션,브로치,2200,2026-04-26,
1864,5월_태닝 캐릭터전,2026-05-07,2026-05-22,2,751672,태닝키티 헤어고무줄,남군점빵,헤어용품/기기,2100,2025-08-13,
1864,5월_태닝 캐릭터전,2026-05-07,2026-05-22,3,748379,(일본정품) 태닝키티 스프링밴드 헤어슈,옐로맨션,머리끈,2200,2025-08-08,
1864,5월_태닝 캐릭터전,2026-05-07,2026-05-22,4,748382,일본정품 헬로키티 태닝키티 전화선 머리끈,에버굿즈,머리끈,2100,2025-08-08,
1864,5월_태닝 캐릭터전,2026-05-07,2026-05-22,5,628332,국내라이센스정품 미피와동물친구들 인형키홀더,캐릭터월드,키링/가방악세사리,6500,2025-02-15,
1864,5월_태닝 캐릭터전,2026-05-07,2026-05-22,6,933059,(일본정품) 산리오 태닝키티 썸머부채,옐로맨션,야외용품,2200,2026-04-05,
1864,5월_태닝 캐릭터전,2026-05-07,2026-05-22,7,741355,(일본정품) 태닝키티 타포린 백참,옐로맨션,키링/가방악세사리,2200,2025-07-23,
1864,5월_태닝 캐릭터전,2026-05-07,2026-05-22,8,740965,(일본정품) 태닝키티 악세사리케이스,옐로맨션,수납케이스,2200,2025-07-22,
1864,5월_태닝 캐릭터전,2026-05-07,2026-05-22,9,742306,태닝키티  미니 폴리백,남군점빵,파우치/파우치백,2100,2025-07-24,
1864,5월_태닝 캐릭터전,2026-05-07,2026-05-22,10,584689,정품)태닝미피보리스인형키링,에그니 ,키링/가방악세사리,7500,2024-12-16,
1864,5월_태닝 캐릭터전,2026-05-07,2026-05-22,11,751665,태닝키티 네일스티커,남군점빵,화장품/미용,2100,2025-08-13,
1864,5월_태닝 캐릭터전,2026-05-07,2026-05-22,12,740964,(일본정품) 태닝키티 스트랩키링,옐로맨션,키링/가방악세사리,2200,2025-07-22,
1864,5월_태닝 캐릭터전,2026-05-07,2026-05-22,13,737894,태닝키티 악세사리케이스,남군점빵,기타,2100,2025-07-14,
1864,5월_태닝 캐릭터전,2026-05-07,2026-05-22,14,742448,(일본정품) 쫀득쫀득 태닝키티 점착메모지,옐로맨션,스티커/노트,5500,2025-07-25,
1864,5월_태닝 캐릭터전,2026-05-07,2026-05-22,15,751674,태닝키티 랜덤 고무 열쇠고리,남군점빵,키링/가방악세사리,2100,2025-08-13,
1864,5월_태닝 캐릭터전,2026-05-07,2026-05-22,16,748623,(일본정품) 태닝키티 하와이안 조이개파우치,옐로맨션,파우치/파우치백,4100,2025-08-09,
1864,5월_태닝 캐릭터전,2026-05-07,2026-05-22,17,954472,산리오 태닝키티 리틀트윈스타 접이 부채,알로하TD,야외용품,2100,2026-04-24,
1864,5월_태닝 캐릭터전,2026-05-07,2026-05-22,18,742305,태닝키티 양면네일버퍼,남군점빵,케어용품,2100,2025-07-24,
1864,5월_태닝 캐릭터전,2026-05-07,2026-05-22,19,748378,(일본정품) 태닝키티 면봉 인공눈물 케이스보관함,옐로맨션,보관함/케이스,2200,2025-08-08,
1864,5월_태닝 캐릭터전,2026-05-07,2026-05-22,20,853743,일본정품 태닝키티 키링 랜덤 가챠 헬로키티,그래동키,키링/가방악세사리,4500,2025-12-19,
1864,5월_태닝 캐릭터전,2026-05-07,2026-05-22,21,813318,[정품] 태닝 모찌 극세사 파우치,챌렉트,파우치/파우치백,9500,2025-10-29,
1864,5월_태닝 캐릭터전,2026-05-07,2026-05-22,22,737889,태닝키티 6종 랜덤스티커,남군점빵,스티커/노트,2100,2025-07-14,
1864,5월_태닝 캐릭터전,2026-05-07,2026-05-22,23,838331,정품 미피  아이스케키 키링,솜사탕,키링/가방악세사리,5500,2025-11-26,
1864,5월_태닝 캐릭터전,2026-05-07,2026-05-22,24,741364,(일본정품) 태닝키티 다용도 소품케이스,옐로맨션,수납/바구니,2200,2025-07-23,
1864,5월_태닝 캐릭터전,2026-05-07,2026-05-22,25,741359,(일본정품) 태닝키티 랜덤 씰 스티커,옐로맨션,스티커/노트,2200,2025-07-23,
1864,5월_태닝 캐릭터전,2026-05-07,2026-05-22,26,778415,산리오 헬로키티 태닝키티 아크릴 참 펜던트 부자재 시크릿 랜덤 일본 정품 소품샵 굿즈,알로하TD,펜던트,2000,2025-09-04,
1864,5월_태닝 캐릭터전,2026-05-07,2026-05-22,27,748376,(일본정품) 태닝키티 네일스티커,옐로맨션,네일스티커,2200,2025-08-08,
1864,5월_태닝 캐릭터전,2026-05-07,2026-05-22,28,740962,(일본정품) 태닝키티 미니파우치,옐로맨션,파우치/파우치백,2200,2025-07-22,
1864,5월_태닝 캐릭터전,2026-05-07,2026-05-22,29,742304,태닝키티 다용도 케이스,남군점빵,파우치/파우치백,2100,2025-07-24,
1864,5월_태닝 캐릭터전,2026-05-07,2026-05-22,30,737890,태닝키티 렌즈케이스,남군점빵,기타,2100,2025-07-14,
1868,5월_세상 편한 플리츠 의류,2026-05-15,2026-05-30,0,906931,94 도톰 소매 캡 원피스 플리츠 주름옷 신상,아트플리츠,롱원피스,35000,2026-03-02,
1868,5월_세상 편한 플리츠 의류,2026-05-15,2026-05-30,1,658483,28 플리츠원피스 주름원피스 롱원피스 카라단추 원피스,아트플리츠,롱원피스,51000,2025-03-18,
1868,5월_세상 편한 플리츠 의류,2026-05-15,2026-05-30,2,906923,85 도톰 케이프 가디건 플리츠 주름옷,아트플리츠,반소매,34000,2026-03-02,
1868,5월_세상 편한 플리츠 의류,2026-05-15,2026-05-30,3,906924,88 도톰 더블 단추 자켓 플리츠 주름옷,아트플리츠,긴소매,29000,2026-03-02,
1868,5월_세상 편한 플리츠 의류,2026-05-15,2026-05-30,4,654139,A21 엑스 티셔츠,아트플리츠,블라우스,30000,2025-03-12,
1868,5월_세상 편한 플리츠 의류,2026-05-15,2026-05-30,5,658487,24 플리츠티 긴팔티 주름티셔츠 가오리핏 주름가디건 플리츠가디건,아트플리츠,반소매,30000,2025-03-18,
1868,5월_세상 편한 플리츠 의류,2026-05-15,2026-05-30,6,906930,92 프리미엄 볼률 가오리 가디건 플리츠 주름옷,아트플리츠,긴소매,29000,2026-03-02,
1868,5월_세상 편한 플리츠 의류,2026-05-15,2026-05-30,7,906892,82  플리츠 브이넥 원버튼 가디건,아트플리츠,니트/스웨터,35000,2026-03-02,
1868,5월_세상 편한 플리츠 의류,2026-05-15,2026-05-30,8,906902,80 플리츠 볼레로 숏 가디건 오픈형 크롭 카디건,아트플리츠,가디건,19000,2026-03-02,
1868,5월_세상 편한 플리츠 의류,2026-05-15,2026-05-30,9,906938,40 벨케이프 플리츠 망또 주름옷,아트플리츠,반소매,40000,2026-03-02,
1868,5월_세상 편한 플리츠 의류,2026-05-15,2026-05-30,10,908772,6012 도톰 플리츠 반넥 버튼 티셔츠 주름옷 봄 가을,아트플리츠,셔츠/남방,33000,2026-03-04,
1868,5월_세상 편한 플리츠 의류,2026-05-15,2026-05-30,11,907371,6011 도톰 브이넥 긴팔 원피스 플리츠 주름옷 봄 가을,아트플리츠,롱원피스,51000,2026-03-03,
1868,5월_세상 편한 플리츠 의류,2026-05-15,2026-05-30,12,908774,6013 도톰 플리츠 골지 후드 버튼 롱티셔 주름옷 봄 가을,아트플리츠,긴소매,41000,2026-03-04,
1868,5월_세상 편한 플리츠 의류,2026-05-15,2026-05-30,13,906906,77 라운드 플리츠 텍스처 루즈핏 7부 니트 티셔츠,아트플리츠,긴소매,27000,2026-03-02,
1868,5월_세상 편한 플리츠 의류,2026-05-15,2026-05-30,14,654135,A12 도톰 오픈 미니 가디건,아트플리츠,긴소매,35000,2025-03-12,
1868,5월_세상 편한 플리츠 의류,2026-05-15,2026-05-30,15,906922,87 도톰 일자 와이드 팬츠 바지 플리츠 주름옷,아트플리츠,코튼팬츠,37000,2026-03-02,
1868,5월_세상 편한 플리츠 의류,2026-05-15,2026-05-30,16,702325,A41 8부 후드 고리티 플리츠티 주름옷,아트플리츠,긴소매,25000,2025-05-02,
1868,5월_세상 편한 플리츠 의류,2026-05-15,2026-05-30,17,907374,6014 도톰 지퍼 집업 자켓 플리츠 주름옷 봄 가을,아트플리츠,긴소매,38000,2026-03-03,
1868,5월_세상 편한 플리츠 의류,2026-05-15,2026-05-30,18,906908,76  플리츠 브이넥 윙드 탑 주름옷,아트플리츠,반소매,29000,2026-03-02,
1868,5월_세상 편한 플리츠 의류,2026-05-15,2026-05-30,19,906895,83 랩 바지 플리츠 주름 와이드 팬츠 9부,아트플리츠,코튼팬츠,32000,2026-03-02,
1868,5월_세상 편한 플리츠 의류,2026-05-15,2026-05-30,20,908785,96 도톰 리본 티셔츠 플리츠 주름옷 봄 가을,아트플리츠,셔츠/남방,35000,2026-03-05,
1868,5월_세상 편한 플리츠 의류,2026-05-15,2026-05-30,21,907362,6005  옴므 자켓 남성 후드 지퍼 플리츠 주름옷 봄 가을,아트플리츠,집업/점퍼,47000,2026-03-03,
1868,5월_세상 편한 플리츠 의류,2026-05-15,2026-05-30,22,907355,6003  옴므 남성 자켓 브이넥 지퍼 봄 가을,아트플리츠,집업/점퍼,53000,2026-03-03,
1868,5월_세상 편한 플리츠 의류,2026-05-15,2026-05-30,23,907361,6009 옴므 남성 원버튼 카라티 봄 가을,아트플리츠,긴소매,46000,2026-03-03,
1868,5월_세상 편한 플리츠 의류,2026-05-15,2026-05-30,24,908781,6019 스피치오 후드 나그랑 티셔츠 봄 여름,아트플리츠,셔츠/남방,49000,2026-03-05,
1868,5월_세상 편한 플리츠 의류,2026-05-15,2026-05-30,25,907365,6006 옴므 남성 팬츠 바지 플리츠 주름옷 봄 가을,아트플리츠,수트/슬랙스,35000,2026-03-03,
1868,5월_세상 편한 플리츠 의류,2026-05-15,2026-05-30,26,906917,86 도톰 후드 지퍼 자켓 플리츠 주름옷,아트플리츠,후드,43000,2026-03-02,
1868,5월_세상 편한 플리츠 의류,2026-05-15,2026-05-30,27,906903,81 주름옷 언발 여성 플리츠 텍스처 긴팔 루즈핏 긴소매 티셔츠,아트플리츠,긴소매,20000,2026-03-02,
1868,5월_세상 편한 플리츠 의류,2026-05-15,2026-05-30,28,907369,6021 도톰 세일러 베스트 플리츠 주름옷 봄 가을,아트플리츠,조끼,34000,2026-03-03,
1868,5월_세상 편한 플리츠 의류,2026-05-15,2026-05-30,29,908776,6017 도톰 플리츠 밴딩 와이드 팬츠 주름옷 바지 봄 가을,아트플리츠,코튼팬츠,39000,2026-03-05,
1868,5월_세상 편한 플리츠 의류,2026-05-15,2026-05-30,30,917260,6023 일자 뒷트임 스커트 플리츠 봄 신상,아트플리츠,미니/미디스커트,29000,2026-03-17,
1868,5월_세상 편한 플리츠 의류,2026-05-15,2026-05-30,31,737771,주름 플리츠 여름 잠옷세트 캡소매 5부 빅사이즈 파자마 홈웨어 424,언바운디드,파자마/홈웨어,8000,2025-07-14,
1868,5월_세상 편한 플리츠 의류,2026-05-15,2026-05-30,32,917240,6001 봄 신상 플리츠 골지 버튼업 자켓형 가을 상의,아트플리츠,자켓,45000,2026-03-17,
1868,5월_세상 편한 플리츠 의류,2026-05-15,2026-05-30,33,917258,6022 플리츠 케이프탑 텍스처 루즈핏 봄 신상,아트플리츠,긴소매,29000,2026-03-17,
1868,5월_세상 편한 플리츠 의류,2026-05-15,2026-05-30,34,739408,롱 원피스 플리츠 반팔 여성스러운 편안한 착용감 SIS-868,리더스셀러,롱원피스,12500,2025-07-17,
1868,5월_세상 편한 플리츠 의류,2026-05-15,2026-05-30,35,741217,여름 링클 플리츠 와이드 밴딩 바지 빅사이즈 신상 이지웨어 254,언바운디드,파자마/홈웨어,6000,2025-07-23,
1868,5월_세상 편한 플리츠 의류,2026-05-15,2026-05-30,36,917243,6002 플리츠 카라 버튼 셋업 팬츠 바지 봄 신상 가을,아트플리츠,수트/세트,38000,2026-03-17,
1868,5월_세상 편한 플리츠 의류,2026-05-15,2026-05-30,37,908783,6010 도톰 라운드 롱 원피스 봄 가을,아트플리츠,롱원피스,47000,2026-03-05,
1868,5월_세상 편한 플리츠 의류,2026-05-15,2026-05-30,38,737808,여름 링클 플리츠 와이드 밴딩 바지 빅사이즈 신상 이지웨어 254,언바운디드,파자마/홈웨어,6000,2025-07-14,
1868,5월_세상 편한 플리츠 의류,2026-05-15,2026-05-30,39,948726,플리츠가디건,바이미,가디건,25000,2026-04-20,
1868,5월_세상 편한 플리츠 의류,2026-05-15,2026-05-30,40,908780,6015 도톰 플리츠 후드 니트 긴팔 티셔츠 주름옷 봄 가을 신상 인기폭발,아트플리츠,니트/스웨터,37000,2026-03-05,
1868,5월_세상 편한 플리츠 의류,2026-05-15,2026-05-30,41,907367,6018 도톰 리본 나시 롱원피스 플리츠 주름옷 봄 가을,아트플리츠,롱원피스,38000,2026-03-03,
1868,5월_세상 편한 플리츠 의류,2026-05-15,2026-05-30,42,770610,신싱바배)뒷레이스플리츠긴팔블라우스,니트랑,블라우스,13000,2025-08-29,
1868,5월_세상 편한 플리츠 의류,2026-05-15,2026-05-30,43,959902,플리츠 호박 겹와이드 팬츠 밴딩 롱 플리츠 주름 통바지,이츠벨라,수트/슬랙스,26000,2026-05-06,
1868,5월_세상 편한 플리츠 의류,2026-05-15,2026-05-30,44,899434,루나플리츠스커트(봄신상 밴딩 a라인 핀턱 주름 롱 안감 맥시),플랫유,롱스커트,24000,2026-02-19,
1868,5월_세상 편한 플리츠 의류,2026-05-15,2026-05-30,45,737770,주름 플리츠 롱 ops 신상 데이지 도트 반팔 홈웨어 꽃나염 빅사이즈 917,언바운디드,롱원피스,8000,2025-07-14,
1868,5월_세상 편한 플리츠 의류,2026-05-15,2026-05-30,46,964348,사카이 스타일 플리츠 블라우스 30242,스코프,블라우스,19000,2026-05-11,
1868,5월_세상 편한 플리츠 의류,2026-05-15,2026-05-30,47,962177,썸머플리츠반팔CD,위크플랜,가디건,12000,2026-05-08,
1868,5월_세상 편한 플리츠 의류,2026-05-15,2026-05-30,48,908778,6016 도톰 플리츠 골지 후드 버튼 가디건 주름 봄 가을 간절기,아트플리츠,자켓,53000,2026-03-05,
1868,5월_세상 편한 플리츠 의류,2026-05-15,2026-05-30,49,927385,이프 플리츠 핀턱 와이드팬츠,가쉽,수트/슬랙스,14000,2026-03-30,
1868,5월_세상 편한 플리츠 의류,2026-05-15,2026-05-30,50,959901,플리츠 H라인 뒤트임 스커트 밴딩 롱스커트 주름스커트,이츠벨라,롱스커트,24000,2026-05-06,
1868,5월_세상 편한 플리츠 의류,2026-05-15,2026-05-30,51,891915,무지 플리츠 원피스,무새,롱원피스,16000,2026-02-08,
1868,5월_세상 편한 플리츠 의류,2026-05-15,2026-05-30,52,759685,플리츠T,써클,긴소매,13000,2025-08-21,
1868,5월_세상 편한 플리츠 의류,2026-05-15,2026-05-30,53,862488,루나 주름 플리츠 맞주름 뒤밴딩 롱스커트,모콰,롱스커트,10000,2026-01-12,
1868,5월_세상 편한 플리츠 의류,2026-05-15,2026-05-30,54,902924,플리츠가디건,미니멀,긴소매,12000,2026-02-24,
1868,5월_세상 편한 플리츠 의류,2026-05-15,2026-05-30,55,786330,플리츠롱NB)가을신상 미니롱원피스 셔츠원피스 빅사이즈,이찌(ITZZI),셔츠/남방,10000,2025-09-15,
1868,5월_세상 편한 플리츠 의류,2026-05-15,2026-05-30,56,900278,파스텔 플리츠 원피스,무새,롱원피스,14000,2026-02-22,
1868,5월_세상 편한 플리츠 의류,2026-05-15,2026-05-30,57,958596,G126921_쉬폰 플리츠배색 A라인 롱스커트 맥시 롱치마,조원,롱스커트,19000,2026-05-01,
1868,5월_세상 편한 플리츠 의류,2026-05-15,2026-05-30,58,757814,세일 투피스 니트 주름스커트 플리츠치마 가디건 세트 ( 넬리 SET ),럭키,투피스,8000,2025-08-19,
1868,5월_세상 편한 플리츠 의류,2026-05-15,2026-05-30,59,737332,여름 주름 쿨 9부 플리츠 pt 데이지 꽃나염 와이드 빅사이즈 704,언바운디드,코튼팬츠,6000,2025-07-11,
1868,5월_세상 편한 플리츠 의류,2026-05-15,2026-05-30,60,741198,링클 플리츠 주름 바지 와이드 밴딩 팬츠 빅사이즈 홈웨어 이지웨어 254,언바운디드,코튼팬츠,6000,2025-07-23,
1868,5월_세상 편한 플리츠 의류,2026-05-15,2026-05-30,61,942152,마이셜 플리츠 미니원피스 69632,스코프,미니/미디원피스,16000,2026-04-13,
1868,5월_세상 편한 플리츠 의류,2026-05-15,2026-05-30,62,906512,"26SS,라이브러리언 플리츠카라니트",퀸더힐,니트/스웨터,32000,2026-02-28,
1868,5월_세상 편한 플리츠 의류,2026-05-15,2026-05-30,63,942149,카프리 플리츠 반팔 블라우스 4997,스코프,블라우스,14000,2026-04-13,
1868,5월_세상 편한 플리츠 의류,2026-05-15,2026-05-30,64,888907,도트 플리츠 원피스,무새,롱원피스,15000,2026-02-05,
1868,5월_세상 편한 플리츠 의류,2026-05-15,2026-05-30,65,762881,플리츠무드팬츠세트,유안느,수트/팬츠세트,29000,2025-08-26,
1868,5월_세상 편한 플리츠 의류,2026-05-15,2026-05-30,66,917252,6024 봄 신상 플리츠 후드 반팔 루즈핏 티셔츠,아트플리츠,반소매,34000,2026-03-17,
1868,5월_세상 편한 플리츠 의류,2026-05-15,2026-05-30,67,779013,여성 시원한 냉감 쿨링 플리츠 팬츠,라이크미,코튼팬츠,8000,2025-09-05,
1868,5월_세상 편한 플리츠 의류,2026-05-15,2026-05-30,68,737292,주름 플리츠 sk 쿨 사이드 포켓 밴딩 스판 롱 미디 스커트 신상 983,언바운디드,여성속옷하의,6000,2025-07-11,
1869,"5월_기분 전환 딸깍, 키링",2026-05-15,2026-05-30,0,899918,[LED] 토마토?? 1구 키캡 키링 클릭커,릴리,키링/가방악세사리,2500,2026-02-21,
1869,"5월_기분 전환 딸깍, 키링",2026-05-15,2026-05-30,1,919366,케잌 케이크 클릭커 클리커 키링 키캡 열쇠고리,갓제트,키링/가방악세사리,4500,2026-03-20,
1869,"5월_기분 전환 딸깍, 키링",2026-05-15,2026-05-30,2,919365,케이크 케잌 클릭커 클리커 키링 키캡,갓제트,키링/가방악세사리,4000,2026-03-20,
1869,"5월_기분 전환 딸깍, 키링",2026-05-15,2026-05-30,3,923431,(제작)하우스클릭커키링,라팡,키링/가방악세사리,4000,2026-03-25,
1869,"5월_기분 전환 딸깍, 키링",2026-05-15,2026-05-30,4,876436,????귤 토마토 1구 키캡 군번줄 키보드 클릭커 레진 키링,달다,키링/가방악세사리,2200,2026-01-23,
1869,"5월_기분 전환 딸깍, 키링",2026-05-15,2026-05-30,5,881717,led키캡 감자튀김 키링 클릭커 키캡키링,체리잡화점,키링/가방악세사리,1800,2026-01-29,
1869,"5월_기분 전환 딸깍, 키링",2026-05-15,2026-05-30,6,881722,?? led키캡 클로버 행운 키캡키링 클릭커(@1800-2100),체리잡화점,키링/가방악세사리,1900,2026-01-29,
1869,"5월_기분 전환 딸깍, 키링",2026-05-15,2026-05-30,7,889849,토마토 키캡 키링 클릭커,바니유,키링/가방악세사리,1800,2026-02-05,
1869,"5월_기분 전환 딸깍, 키링",2026-05-15,2026-05-30,8,884134,???? led키캡 거북이&클로버 키캡키링 클릭커 거북이키캡 클로버키캡,체리잡화점,키링/가방악세사리,1900,2026-02-01,
1869,"5월_기분 전환 딸깍, 키링",2026-05-15,2026-05-30,9,882973,식빵 클리커 토스트 키캡 클릭커 키링,바니유,키링/가방악세사리,2500,2026-01-30,
1869,"5월_기분 전환 딸깍, 키링",2026-05-15,2026-05-30,10,893288,콩눈이 2구 파스텔 키캡 클릭커 키보드 키링,달다,키링/가방악세사리,3600,2026-02-09,
1869,"5월_기분 전환 딸깍, 키링",2026-05-15,2026-05-30,11,893289,멜팅하트 1구 키캡 클릭커 키보드 키링,달다,키링/가방악세사리,1800,2026-02-09,
1869,"5월_기분 전환 딸깍, 키링",2026-05-15,2026-05-30,12,893291,저소음 차정원 키캡 키링 4구 레인보우 앤 화이트 클릭커 키보드,달다,키링/가방악세사리,2900,2026-02-09,
1869,"5월_기분 전환 딸깍, 키링",2026-05-15,2026-05-30,13,893401,야구 축구 농구공 키캡 군번줄 클리커 키보드 볼체인 클릭커키링 딸깍이,더칼라,키링/가방악세사리,10000,2026-02-10,
1869,"5월_기분 전환 딸깍, 키링",2026-05-15,2026-05-30,14,896105,제작)체리케이크클릭커키링,라팡,키링/가방악세사리,3000,2026-02-11,
1869,"5월_기분 전환 딸깍, 키링",2026-05-15,2026-05-30,15,896070,"[K107] 포근한 케첩 냥 오므라이스 클릭커,키캡키링,우정템,친구선물",마이데이,키링/가방악세사리,9000,2026-02-11,
1869,"5월_기분 전환 딸깍, 키링",2026-05-15,2026-05-30,16,906484,[ETC1535] 모양클릭커키링,엔유이,키링/가방악세사리,4500,2026-02-27,
1869,"5월_기분 전환 딸깍, 키링",2026-05-15,2026-05-30,17,906771,led키캡 과일거북이 4종 키캡키링 클릭커,체리잡화점,키링/가방악세사리,1900,2026-02-28,
1869,"5월_기분 전환 딸깍, 키링",2026-05-15,2026-05-30,18,900460,led키캡 실버별 블랙 클릭커 키캡키링,체리잡화점,키링/가방악세사리,2300,2026-02-23,
1869,"5월_기분 전환 딸깍, 키링",2026-05-15,2026-05-30,19,910208,"[K109] 제작 3D 청축 Y2K 키치 힙 투스 이빨 클릭커 키링,키캡키링,이빨,힙,키캡",마이데이,키링/가방악세사리,4000,2026-03-06,
1869,"5월_기분 전환 딸깍, 키링",2026-05-15,2026-05-30,20,908681,하트케이크클릭커키링(신상),엠유에스,키링/가방악세사리,3000,2026-03-04,
1869,"5월_기분 전환 딸깍, 키링",2026-05-15,2026-05-30,21,892004,"[K102] 국내 3D 폭닥 빈티지 푸딩 클릭커,키캡키링,푸딩키링,우정템,백꾸",마이데이,키링/가방악세사리,9000,2026-02-08,
1869,"5월_기분 전환 딸깍, 키링",2026-05-15,2026-05-30,22,918907,"빅빅 파스텔 LED키캡,빅 클릭커(일반키캡의 1.5배!!사이즈)",티제이,키링/가방악세사리,1400,2026-03-20,
1869,"5월_기분 전환 딸깍, 키링",2026-05-15,2026-05-30,23,907893,딸기날개 키캡 클릭커 키링,앤디어,키링/가방악세사리,3500,2026-03-03,
1869,"5월_기분 전환 딸깍, 키링",2026-05-15,2026-05-30,24,907892,네잎클로버 키캡 클릭커 키링,앤디어,키링/가방악세사리,3300,2026-03-03,
1869,"5월_기분 전환 딸깍, 키링",2026-05-15,2026-05-30,25,907891,워터하트 키캡 클릭커 키링,앤디어,키링/가방악세사리,3500,2026-03-03,
1869,"5월_기분 전환 딸깍, 키링",2026-05-15,2026-05-30,26,907890,유니콘 키캡 클릭커 키링,앤디어,키링/가방악세사리,4500,2026-03-03,
1869,"5월_기분 전환 딸깍, 키링",2026-05-15,2026-05-30,27,907889,도트별 키캡 클릭커 키링,앤디어,키링/가방악세사리,3500,2026-03-03,
1869,"5월_기분 전환 딸깍, 키링",2026-05-15,2026-05-30,28,907887,올리브단추 키캡 클릭커 키링,앤디어,키링/가방악세사리,4500,2026-03-03,
1869,"5월_기분 전환 딸깍, 키링",2026-05-15,2026-05-30,29,910600,간식클릭커키링,제이래빗,키링/가방악세사리,3500,2026-03-08,
1869,"5월_기분 전환 딸깍, 키링",2026-05-15,2026-05-30,30,919358,클리커 3d프린트 키캡 키링 딸깍이 클릭커,갓제트,키링/가방악세사리,3500,2026-03-20,
1869,"5월_기분 전환 딸깍, 키링",2026-05-15,2026-05-30,31,945499,고양이 배말랑?? 클릭커 키캡 키링,릴리,키링/가방악세사리,3300,2026-04-16,
1869,"5월_기분 전환 딸깍, 키링",2026-05-15,2026-05-30,32,906817,블루오렌지 바다 물고기 비즈 키링,릴리,키링/가방악세사리,1500,2026-03-01,
1869,"5월_기분 전환 딸깍, 키링",2026-05-15,2026-05-30,33,922249,(제작)조명클릭커키링,제이래빗,키링/가방악세사리,4000,2026-03-24,
1869,"5월_기분 전환 딸깍, 키링",2026-05-15,2026-05-30,34,919802,"[K114] 제작 청축 딸깍 퐁신 슈가 글레이즈드 도넛 클릭커,키캡키링,푸드키링,소품샵",마이데이,키링/가방악세사리,5000,2026-03-22,
1869,"5월_기분 전환 딸깍, 키링",2026-05-15,2026-05-30,35,919367,다마고치 다마고찌 클리커 클릭커 키링,갓제트,키링/가방악세사리,3500,2026-03-20,
1869,"5월_기분 전환 딸깍, 키링",2026-05-15,2026-05-30,36,927504,"☆재입고완료!!☆쁘띠토마토 LED키캡키링,토마토클릭커 키링",티제이,키링/가방악세사리,2300,2026-03-30,
1869,"5월_기분 전환 딸깍, 키링",2026-05-15,2026-05-30,37,932341,계란감자튀김클릭커키링(신상),엠유에스,키링/가방악세사리,2500,2026-04-03,
1869,"5월_기분 전환 딸깍, 키링",2026-05-15,2026-05-30,38,929196,(제작)스타클릭커키링,라팡,키링/가방악세사리,4000,2026-03-31,
1869,"5월_기분 전환 딸깍, 키링",2026-05-15,2026-05-30,39,948099,초록 네잎클로버 키캡 키링 키보드 led 클리커 클릭커,감성놀이,키링/가방악세사리,1900,2026-04-18,
1869,"5월_기분 전환 딸깍, 키링",2026-05-15,2026-05-30,40,947461,네잎 클로버 클릭커 키링 KRBT604Q,햇빛,키링/가방악세사리,1800,2026-04-17,
1869,"5월_기분 전환 딸깍, 키링",2026-05-15,2026-05-30,41,947447,[일시품절] 메론빵 거북이 클릭커 키링 KRBT604P,햇빛,키링/가방악세사리,1800,2026-04-17,
1869,"5월_기분 전환 딸깍, 키링",2026-05-15,2026-05-30,42,932651,미니케이크클릭커키링(신상),엠유에스,키링/가방악세사리,3500,2026-04-04,
1869,"5월_기분 전환 딸깍, 키링",2026-05-15,2026-05-30,43,967209,푸딩 클릭커 키캡 키링 1종,라온,키링/가방악세사리,2900,2026-05-14,
1869,"5월_기분 전환 딸깍, 키링",2026-05-15,2026-05-30,44,963707,메이지 초코렛 클릭커  키링 스트레스해소,뉴얼리 newerly,키링/가방악세사리,2200,2026-05-11,
1869,"5월_기분 전환 딸깍, 키링",2026-05-15,2026-05-30,45,967190,오므라이스 거북이 클릭커 키캡 키링 1종,라온,키링/가방악세사리,2500,2026-05-14,
1869,"5월_기분 전환 딸깍, 키링",2026-05-15,2026-05-30,46,959933,피쉬클릭커키링,제이래빗,키링/가방악세사리,3500,2026-05-06,
1869,"5월_기분 전환 딸깍, 키링",2026-05-15,2026-05-30,47,967213,연어초밥 클릭커 키캡 키링 1종,라온,키링/가방악세사리,3900,2026-05-14,
1869,"5월_기분 전환 딸깍, 키링",2026-05-15,2026-05-30,48,967211,군함초밥 클릭커 키캡 키링 1종,라온,키링/가방악세사리,3500,2026-05-14,
1869,"5월_기분 전환 딸깍, 키링",2026-05-15,2026-05-30,49,967820,라떼 아트 커피 클릭커 키링 KRBT605V,햇빛,키링/가방악세사리,1200,2026-05-15,
1869,"5월_기분 전환 딸깍, 키링",2026-05-15,2026-05-30,50,967104,해골 클릭커 키캡 1종,라온,기타,1500,2026-05-14,
1869,"5월_기분 전환 딸깍, 키링",2026-05-15,2026-05-30,51,894576,키캡 딸깍이 키보드 LED 키링 클릭커 ASM 오렌지 한라봉 귤 제주도 과일 깐귤 안깐귤,위드삐삐마켓,기타,1100,2026-02-10,
1869,"5월_기분 전환 딸깍, 키링",2026-05-15,2026-05-30,52,967493,포테이토키캡키링,요기조기잡화점,완구/인형,3500,2026-05-15,
1869,"5월_기분 전환 딸깍, 키링",2026-05-15,2026-05-30,53,894583,키캡 딸깍이 키보드 LED 키링 클릭커 ASM 캡 헤드 치즈 음료수 스마일,위드삐삐마켓,기타,1000,2026-02-11,
1869,"5월_기분 전환 딸깍, 키링",2026-05-15,2026-05-30,54,942607,버섯 딸깍이 클리커,탑인터내셔날,키링/가방악세사리,2000,2026-04-14,
1869,"5월_기분 전환 딸깍, 키링",2026-05-15,2026-05-30,55,931345,LED 12구 키캡 키보드 딸깍이,갓제트,기타,3900,2026-04-02,
1869,"5월_기분 전환 딸깍, 키링",2026-05-15,2026-05-30,56,947616,초콜릿 딸깍이 3종,스르르,키링/가방악세사리,1700,2026-04-17,
1869,"5월_기분 전환 딸깍, 키링",2026-05-15,2026-05-30,57,911282,간식클릭커키링,라팡,키링/가방악세사리,3500,2026-03-09,
1869,"5월_기분 전환 딸깍, 키링",2026-05-15,2026-05-30,58,959775,초코 클리커 키링 피젯 크랙 키링 노이노이,노이노이,기타,1500,2026-05-05,
1869,"5월_기분 전환 딸깍, 키링",2026-05-15,2026-05-30,59,910588,리오클릭커키링,제이래빗,키링/가방악세사리,4000,2026-03-08,
1869,"5월_기분 전환 딸깍, 키링",2026-05-15,2026-05-30,60,910598,패스트클릭커키링,제이래빗,키링/가방악세사리,4000,2026-03-08,
1869,"5월_기분 전환 딸깍, 키링",2026-05-15,2026-05-30,61,911279,맥계란클릭커키링,라팡,키링/가방악세사리,2500,2026-03-09,
1869,"5월_기분 전환 딸깍, 키링",2026-05-15,2026-05-30,62,911278,후르츠클릭커키링,라팡,키링/가방악세사리,2500,2026-03-09,
1869,"5월_기분 전환 딸깍, 키링",2026-05-15,2026-05-30,63,910599,오션클릭커키링,제이래빗,키링/가방악세사리,2500,2026-03-08,
1869,"5월_기분 전환 딸깍, 키링",2026-05-15,2026-05-30,64,911281,패스트클릭커키링,라팡,키링/가방악세사리,4000,2026-03-09,
1869,"5월_기분 전환 딸깍, 키링",2026-05-15,2026-05-30,65,910579,교통클릭커키링,제이래빗,키링/가방악세사리,2500,2026-03-08,
1869,"5월_기분 전환 딸깍, 키링",2026-05-15,2026-05-30,66,904401,주사기 클리커 키링,동글이네,키링/가방악세사리,6900,2026-02-25,
1869,"5월_기분 전환 딸깍, 키링",2026-05-15,2026-05-30,67,923438,(제작)조명클릭커키링,라팡,키링/가방악세사리,4000,2026-03-25,
1869,"5월_기분 전환 딸깍, 키링",2026-05-15,2026-05-30,68,954144,크로버 클리커 키링 _ 네잎 클로버 키캡 키링,샤빌,키링/가방악세사리,2500,2026-04-24,
1869,"5월_기분 전환 딸깍, 키링",2026-05-15,2026-05-30,69,929197,(제작)체리파르페클릭커키링,라팡,키링/가방악세사리,4500,2026-03-31,
1869,"5월_기분 전환 딸깍, 키링",2026-05-15,2026-05-30,70,911280,이단케익클릭커키링,라팡,키링/가방악세사리,3500,2026-03-09,
1869,"5월_기분 전환 딸깍, 키링",2026-05-15,2026-05-30,71,936207,개당1500 신개념 심심풀이 심신안정 초컬릿 딸깍이  키링(군번줄형) 클리커,더칼라,키링/가방악세사리,9000,2026-04-08,
1869,"5월_기분 전환 딸깍, 키링",2026-05-15,2026-05-30,72,935296,개당2000 스포츠 공 볼 농구 야구 축구 골프 클리커 키캡키링,더칼라,키링/가방악세사리,2000,2026-04-07,
1869,"5월_기분 전환 딸깍, 키링",2026-05-15,2026-05-30,73,921082,운동 스포츠 클리커 키캡 키링??,라유니크,키링/가방악세사리,2000,2026-03-23,
1869,"5월_기분 전환 딸깍, 키링",2026-05-15,2026-05-30,74,929270,"여우비 키링 720 레몬, 귤 클리커",여우비,키링/가방악세사리,3000,2026-04-01,
1869,"5월_기분 전환 딸깍, 키링",2026-05-15,2026-05-30,75,928254,(제작)스타클릭커키링,제이래빗,키링/가방악세사리,4000,2026-03-30,
1869,"5월_기분 전환 딸깍, 키링",2026-05-15,2026-05-30,76,941026,(제작)빅후르츠거북이클릭커키링,제이래빗,키링/가방악세사리,4500,2026-04-12,
1869,"5월_기분 전환 딸깍, 키링",2026-05-15,2026-05-30,77,944002,개당2000 고슴도치 클리커 키링 키캡키링 피젯키링,더칼라,키링/가방악세사리,2000,2026-04-14,
1869,"5월_기분 전환 딸깍, 키링",2026-05-15,2026-05-30,78,954509,핑크색상변경) 발바닥 클리커 키링 _ 고양이 발바닥 클리커,샤빌,키링/가방악세사리,1800,2026-04-24,
1869,"5월_기분 전환 딸깍, 키링",2026-05-15,2026-05-30,79,911275,하드클릭커키링,라팡,키링/가방악세사리,2500,2026-03-09,
1869,"5월_기분 전환 딸깍, 키링",2026-05-15,2026-05-30,80,965517,제작) 별 클리커 키링,바니유,키링/가방악세사리,3900,2026-05-13,
1869,"5월_기분 전환 딸깍, 키링",2026-05-15,2026-05-30,81,928252,(제작)체리파르페클릭커키링,제이래빗,키링/가방악세사리,4500,2026-03-30,
1869,"5월_기분 전환 딸깍, 키링",2026-05-15,2026-05-30,82,942609,동물친구들 키캡 딸깍이 클리커,탑인터내셔날,키링/가방악세사리,2000,2026-04-14,
1869,"5월_기분 전환 딸깍, 키링",2026-05-15,2026-05-30,83,929274,여우비 키링 722 붕어빵 클리커,여우비,키링/가방악세사리,2500,2026-04-01,
1869,"5월_기분 전환 딸깍, 키링",2026-05-15,2026-05-30,84,963587,내맘대로 조립식 led 키캡 _ 조립키캡,샤빌,키링/가방악세사리,3300,2026-05-10,
1869,"5월_기분 전환 딸깍, 키링",2026-05-15,2026-05-30,85,962130,[ETC1603] 부처님키캡키링,엔유이,키링/가방악세사리,5000,2026-05-07,
1869,"5월_기분 전환 딸깍, 키링",2026-05-15,2026-05-30,86,954136,SNS핫??메이지 초코릿??뽀각 클리커 키링,릴리,키링/가방악세사리,2800,2026-04-24,
1869,"5월_기분 전환 딸깍, 키링",2026-05-15,2026-05-30,87,958994,팬케이크 키캡 3d 키링  가방고리,플랜제이,키링/가방악세사리,2000,2026-05-03,
1869,"5월_기분 전환 딸깍, 키링",2026-05-15,2026-05-30,88,955929,개당2500 공기밥 클리커 키캡  딸깍이 키링,더칼라,키링/가방악세사리,10000,2026-04-27,
1869,"5월_기분 전환 딸깍, 키링",2026-05-15,2026-05-30,89,959078,행운터짐 네잎클로버 LED 키보드 키캡 키링,뉴얼리 newerly,키링/가방악세사리,2800,2026-05-03,
1869,"5월_기분 전환 딸깍, 키링",2026-05-15,2026-05-30,90,963324,[수입정품] 키티 빵빵리본 스트랩 키링,릴리,키링/가방악세사리,5000,2026-05-09,
1869,"5월_기분 전환 딸깍, 키링",2026-05-15,2026-05-30,91,965182,클로버 정사각 4구 클릭커 딸깍이 s239  (키캡),올클로버,키링/가방악세사리,3000,2026-05-12,
1869,"5월_기분 전환 딸깍, 키링",2026-05-15,2026-05-30,92,955039,LED하트4종키캡키링(신상),엠유에스,키링/가방악세사리,2000,2026-04-26,
1869,"5월_기분 전환 딸깍, 키링",2026-05-15,2026-05-30,93,942433,(제작)홀로의자클릭커키링,라팡,키링/가방악세사리,4000,2026-04-13,
1869,"5월_기분 전환 딸깍, 키링",2026-05-15,2026-05-30,94,956061,엔젤무드 키캡 키링,앤디어,키링/가방악세사리,4000,2026-04-27,
1869,"5월_기분 전환 딸깍, 키링",2026-05-15,2026-05-30,95,956065,냥 게임 키캡 키링,앤디어,키링/가방악세사리,2500,2026-04-27,
1869,"5월_기분 전환 딸깍, 키링",2026-05-15,2026-05-30,96,956064,빈티지체크 별단추 키캡 키링,앤디어,키링/가방악세사리,4500,2026-04-27,
1869,"5월_기분 전환 딸깍, 키링",2026-05-15,2026-05-30,97,953701,일식클릭커키링,라팡,키링/가방악세사리,2500,2026-04-23,
1869,"5월_기분 전환 딸깍, 키링",2026-05-15,2026-05-30,98,956183,LED여친남친키캡키링(신상),엠유에스,키링/가방악세사리,3500,2026-04-28,
1869,"5월_기분 전환 딸깍, 키링",2026-05-15,2026-05-30,99,963499,딸기케이크 s206 랜덤믹스 ( 키캡 호마이카 파츠 포코포코 마그넷 부자재 ),올클로버,키링/가방악세사리,90,2026-05-10,
1869,"5월_기분 전환 딸깍, 키링",2026-05-15,2026-05-30,100,965181,클로버 일자 4구 클릭커 딸깍이 s239 (키캡),올클로버,키링/가방악세사리,3000,2026-05-12,
1869,"5월_기분 전환 딸깍, 키링",2026-05-15,2026-05-30,101,889661,그린 클로버 포인트?? 키캡 키링 클릭커,릴리,키링/가방악세사리,3300,2026-02-05,
1869,"5월_기분 전환 딸깍, 키링",2026-05-15,2026-05-30,102,964444,LED 9구 키캡 키링,샐리,키링/가방악세사리,4500,2026-05-11,
1869,"5월_기분 전환 딸깍, 키링",2026-05-15,2026-05-30,103,956082,뮤직엔젤 키캡 키링,앤디어,키링/가방악세사리,4000,2026-04-27,
1869,"5월_기분 전환 딸깍, 키링",2026-05-15,2026-05-30,104,956184,LED하트하트키캡키링(신상),엠유에스,키링/가방악세사리,2500,2026-04-28,
1869,"5월_기분 전환 딸깍, 키링",2026-05-15,2026-05-30,105,959095,4구 베이커리 키캡 키링,뉴얼리 newerly,키링/가방악세사리,2500,2026-05-03,
1869,"5월_기분 전환 딸깍, 키링",2026-05-15,2026-05-30,106,957340,LED 발바닥 테트리스 키캡 키링 노이노이,노이노이,키링/가방악세사리,2500,2026-04-29,
1869,"5월_기분 전환 딸깍, 키링",2026-05-15,2026-05-30,107,956055,코지하우스 키캡 키링,앤디어,키링/가방악세사리,4500,2026-04-27,
1869,"5월_기분 전환 딸깍, 키링",2026-05-15,2026-05-30,108,958361,선주문) LED 귀여운 식빵 곰돌이 4구 정사각 키캡 노이노이,노이노이,키링/가방악세사리,3900,2026-04-30,
1869,"5월_기분 전환 딸깍, 키링",2026-05-15,2026-05-30,109,961889,키캡 라이트 네잎 클로버 클리커 키캡 키링,더칼라,키링/가방악세사리,3000,2026-05-07,
1869,"5월_기분 전환 딸깍, 키링",2026-05-15,2026-05-30,110,890112,빵부기 4구 키캡 키링 클릭커??키보드,릴리,키링/가방악세사리,4000,2026-02-06,
1869,"5월_기분 전환 딸깍, 키링",2026-05-15,2026-05-30,111,959015,키캡키링 스피너 5구 LED 1팩 3000×10,디케이악세사리,키링/가방악세사리,30000,2026-05-03,
1869,"5월_기분 전환 딸깍, 키링",2026-05-15,2026-05-30,112,955106,04_거북이 캐릭터 파츠 / 키캡키링 / 지비츠,바르게 담다,키링/가방악세사리,200,2026-04-26,
1869,"5월_기분 전환 딸깍, 키링",2026-05-15,2026-05-30,113,951649,개당2000 초컬릿 페레레로쉐 클리커 군번줄 키링 키캡 볼체인 키링,더칼라,키링/가방악세사리,10000,2026-04-22,
1869,"5월_기분 전환 딸깍, 키링",2026-05-15,2026-05-30,114,956066,별빛 날개 키캡 키링,앤디어,키링/가방악세사리,2500,2026-04-27,
1869,"5월_기분 전환 딸깍, 키링",2026-05-15,2026-05-30,115,959011,빈티지단추워터3구키캡키링,에그니 ,키링/가방악세사리,5800,2026-05-03,
1869,"5월_기분 전환 딸깍, 키링",2026-05-15,2026-05-30,116,962166,메론빵 거북이 클리커 키링 _ 거북이 키캡 키고리,샤빌,키링/가방악세사리,2600,2026-05-08,
1869,"5월_기분 전환 딸깍, 키링",2026-05-15,2026-05-30,117,965124,클리커 4종,남군점빵,키링/가방악세사리,1500,2026-05-12,
1869,"5월_기분 전환 딸깍, 키링",2026-05-15,2026-05-30,118,956067,미니하우스 키캡 키링,앤디어,키링/가방악세사리,2500,2026-04-27,
1869,"5월_기분 전환 딸깍, 키링",2026-05-15,2026-05-30,119,923437,(제작)푸딩클릭커키링,라팡,키링/가방악세사리,4500,2026-03-25,
1869,"5월_기분 전환 딸깍, 키링",2026-05-15,2026-05-30,120,911276,스퀘어클릭커키링,라팡,키링/가방악세사리,2000,2026-03-09,
1869,"5월_기분 전환 딸깍, 키링",2026-05-15,2026-05-30,121,960172,.개당2000 바닐라 아이스크림  클리커  키캡 키링(군번줄),더칼라,키링/가방악세사리,2000,2026-05-06,
1870,5월_6월에 검색 터지는 머슬핏,2026-05-15,2026-05-30,0,720915,썸머 머슬핏 헨리넥 반팔 니트,리베르타,반소매,18000,2025-06-02,
1870,5월_6월에 검색 터지는 머슬핏,2026-05-15,2026-05-30,1,736992,머슬핏 울 반목 반팔 니트,리베르타,반소매,14000,2025-07-10,
1870,5월_6월에 검색 터지는 머슬핏,2026-05-15,2026-05-30,2,745822,로렌 머슬핏 분또 반팔 티셔츠,리베르타,반소매,10000,2025-08-01,
1870,5월_6월에 검색 터지는 머슬핏,2026-05-15,2026-05-30,3,934858,기획)나염 달 루나 링거티 반팔티 크롭티 머슬핏 국내제작 유니섹스 면티,시기,반소매,11000,2026-04-06,
1870,5월_6월에 검색 터지는 머슬핏,2026-05-15,2026-05-30,4,725486,반팔머슬핏헨리넥2버튼)여름신상 25ss 머슬핏 헬창 사이즈2단3컬러 오더문의,세리온,민소매/나시,10000,2025-06-11,
1870,5월_6월에 검색 터지는 머슬핏,2026-05-15,2026-05-30,5,936282,프리미엄 머슬핏 나시,리베르타,민소매/나시,9000,2026-04-08,
1870,5월_6월에 검색 터지는 머슬핏,2026-05-15,2026-05-30,6,937758,프리미엄 머슬핏 나시,리베르타,민소매/나시,9000,2026-04-09,
1870,5월_6월에 검색 터지는 머슬핏,2026-05-15,2026-05-30,7,959867,프리미엄 머슬핏 나시,리베르타,민소매/나시,9000,2026-05-06,
1870,5월_6월에 검색 터지는 머슬핏,2026-05-15,2026-05-30,8,725526,기본골지나시)기획특가 인기 주문폭주 헬창 머슬핏 공용M_XL 국내생산 빠른출고,세리온,민소매/나시,4000,2025-06-11,
1870,5월_6월에 검색 터지는 머슬핏,2026-05-15,2026-05-30,9,947251,피아나 머슬핏 나시,리베르타,민소매/나시,11000,2026-04-17,
1870,5월_6월에 검색 터지는 머슬핏,2026-05-15,2026-05-30,10,737947,"커브드 골지 머슬핏나시(기획,신상,여름,헬창,헬스,짐웨어,망고나시,머슬나시,골지나시)",크레센트,민소매/나시,10000,2025-07-14,
1870,5월_6월에 검색 터지는 머슬핏,2026-05-15,2026-05-30,11,959159,프리미엄 머슬핏 나시,리베르타,민소매/나시,9000,2026-05-04,
1870,5월_6월에 검색 터지는 머슬핏,2026-05-15,2026-05-30,12,690991,티코 머슬핏 카라 반팔 니트,리베르타,반소매,18000,2025-04-18,
1870,5월_6월에 검색 터지는 머슬핏,2026-05-15,2026-05-30,13,952630,피아나 머슬핏 나시,리베르타,민소매/나시,11000,2026-04-23,
1870,5월_6월에 검색 터지는 머슬핏,2026-05-15,2026-05-30,14,782885,"피그 골지 레이어드 나시(기획,신상,머슬핏,골지나시,무지,헬스,헬창,피그먼트)",크레센트,민소매/나시,10000,2025-09-09,
1870,5월_6월에 검색 터지는 머슬핏,2026-05-15,2026-05-30,15,716474,가먼트 골지 머슬핏 반팔 니트,리베르타,반소매,18000,2025-05-23,
1870,5월_6월에 검색 터지는 머슬핏,2026-05-15,2026-05-30,16,727872,"25SS신상 16수 크롭 무지 반팔 티셔츠(텐타덤블,데일리,머슬핏,여름)",땡큐,반소매,7000,2025-06-16,
1870,5월_6월에 검색 터지는 머슬핏,2026-05-15,2026-05-30,17,731724,데이 헨리넥 머슬핏 반팔 니트,리베르타,반소매,18000,2025-06-25,
1870,5월_6월에 검색 터지는 머슬핏,2026-05-15,2026-05-30,18,733193,머슬핏 프리미엄 코튼 스판 나그랑 반팔 티셔츠,리베르타,반소매,19000,2025-06-30,
1870,5월_6월에 검색 터지는 머슬핏,2026-05-15,2026-05-30,19,731085,리치 헨리넥 머슬핏 반팔 니트,리베르타,반소매,19000,2025-06-24,
1870,5월_6월에 검색 터지는 머슬핏,2026-05-15,2026-05-30,20,886412,무지 반팔 몸 좋아보이는 상의 남자 머슬핏 티셔츠 LD-1012,리더스셀러,반소매,13500,2026-02-03,
1870,5월_6월에 검색 터지는 머슬핏,2026-05-15,2026-05-30,21,742352,머슬핏 코튼 나그랑 반팔 티셔츠,리베르타,반소매,19000,2025-07-25,
1870,5월_6월에 검색 터지는 머슬핏,2026-05-15,2026-05-30,22,737748,"모어 골지머슬반팔(주문폭주,기획,신상,니트,여름,헬창,헬스,어깡,머슬핏)",크레센트,반소매,10000,2025-07-14,
1870,5월_6월에 검색 터지는 머슬핏,2026-05-15,2026-05-30,23,924686,분또 머슬핏(L-2XL),블랙나인,반소매,7000,2026-03-27,
1870,5월_6월에 검색 터지는 머슬핏,2026-05-15,2026-05-30,24,928292,"기획)루나 나염 링거티-크롭티,머슬핏,남녀공용,국내제작,면티,반팔티,여름",시기,반소매,11000,2026-03-30,
1870,5월_6월에 검색 터지는 머슬핏,2026-05-15,2026-05-30,25,737753,하운드 벨벳 머슬핏 반팔셔츠 & 긴바지 세트,리베르타,반소매,50000,2025-07-14,
1870,5월_6월에 검색 터지는 머슬핏,2026-05-15,2026-05-30,26,930555,기획)루나 나염 링거티-면티 머슬핏 크롭 유니섹스 코튼 신상 반팔티,시기,반소매,11000,2026-04-01,
1870,5월_6월에 검색 터지는 머슬핏,2026-05-15,2026-05-30,27,935028,페이 머슬핏 반팔 니트 가디건,리베르타,반소매,21000,2026-04-07,
1870,5월_6월에 검색 터지는 머슬핏,2026-05-15,2026-05-30,28,757294,"숄더 절개 머슬반팔(기획,신상,머슬핏,절개티,크로스핏,짐웨어,골지반팔,4계절)",크레센트,반소매,12000,2025-08-19,
1870,5월_6월에 검색 터지는 머슬핏,2026-05-15,2026-05-30,29,746326,하운드 벨벳 머슬핏 피케이 반팔 티셔츠,리베르타,반소매,19000,2025-08-03,
1870,5월_6월에 검색 터지는 머슬핏,2026-05-15,2026-05-30,30,747908,링 하운드 머슬핏 라운드 반팔 니트,리베르타,반소매,16000,2025-08-08,
1870,5월_6월에 검색 터지는 머슬핏,2026-05-15,2026-05-30,31,950317,골지 벨벳 머슬핏 헨리넥 반팔 티셔츠,리베르타,반소매,15000,2026-04-21,
1870,5월_6월에 검색 터지는 머슬핏,2026-05-15,2026-05-30,32,950031,"26SS)머슬핏링거반팔티(여름,절개,티셔츠,크롭,코튼,라운드,기획,유넥)",도프,반소매,13000,2026-04-20,
1870,5월_6월에 검색 터지는 머슬핏,2026-05-15,2026-05-30,33,950192,골지 벨벳 머슬핏 헨리넥 반팔 티셔츠,리베르타,반소매,15000,2026-04-21,
1870,5월_6월에 검색 터지는 머슬핏,2026-05-15,2026-05-30,34,956965,하운드 벨벳 머슬핏 피케이 반팔 티셔츠,리베르타,반소매,19000,2026-04-29,
1870,5월_6월에 검색 터지는 머슬핏,2026-05-15,2026-05-30,35,956134,"26SS)머슬핏지퍼절개반팔티(썸머,크롭,무지,기본,면,셔츠,여름,레이어드",도프,반소매,13000,2026-04-28,
1870,5월_6월에 검색 터지는 머슬핏,2026-05-15,2026-05-30,36,950029,"26SS)머슬핏링거반팔티(여름,절개,티셔츠,크롭,코튼,라운드,기획,유넥)",도프,반소매,12000,2026-04-20,
1870,5월_6월에 검색 터지는 머슬핏,2026-05-15,2026-05-30,37,953683,"26SS)머슬핏링거반팔티(여름,절개,티셔츠,크롭,코튼,라운드,기획,유넥)",도프,반소매,12000,2026-04-23,
1870,5월_6월에 검색 터지는 머슬핏,2026-05-15,2026-05-30,38,944377,스냅 머슬핏 헨리넥 반팔 티셔츠,리베르타,반소매,13000,2026-04-15,
1870,5월_6월에 검색 터지는 머슬핏,2026-05-15,2026-05-30,39,953911,코튼 머슬핏 라운드 반팔 티셔츠,리베르타,반소매,12000,2026-04-24,
1870,5월_6월에 검색 터지는 머슬핏,2026-05-15,2026-05-30,40,762729,"모어 골지머슬반팔(주문폭주,기획,신상,니트,여름,헬창,헬스,어깡,머슬핏)",크레센트,반소매,10000,2025-08-25,
1870,5월_6월에 검색 터지는 머슬핏,2026-05-15,2026-05-30,41,957656,"26SS)머슬핏지퍼절개반팔티(썸머,크롭,무지,기본,면,셔츠,여름,레이어드",도프,반소매,13000,2026-04-29,
1870,5월_6월에 검색 터지는 머슬핏,2026-05-15,2026-05-30,42,953769,코튼 머슬핏 라운드 반팔 티셔츠,리베르타,반소매,12000,2026-04-24,
1870,5월_6월에 검색 터지는 머슬핏,2026-05-15,2026-05-30,43,948774,퓨어 머슬핏 헨리넥 반팔 티셔츠,리베르타,반소매,12000,2026-04-20,
1870,5월_6월에 검색 터지는 머슬핏,2026-05-15,2026-05-30,44,953681,"26SS)머슬핏링거반팔티(여름,절개,티셔츠,크롭,코튼,라운드,기획,유넥)",도프,반소매,12000,2026-04-23,
1870,5월_6월에 검색 터지는 머슬핏,2026-05-15,2026-05-30,45,956045,"26SS)머슬핏링거반팔티(여름,절개,티셔츠,크롭,코튼,라운드,기획,유넥)",도프,반소매,12000,2026-04-27,
1870,5월_6월에 검색 터지는 머슬핏,2026-05-15,2026-05-30,46,953680,"26SS)머슬핏링거반팔티(여름,절개,티셔츠,크롭,코튼,라운드,기획,유넥)",도프,반소매,12000,2026-04-23,
1870,5월_6월에 검색 터지는 머슬핏,2026-05-15,2026-05-30,47,959868,하운드 벨벳 머슬핏 피케이 반팔 티셔츠,리베르타,반소매,19000,2026-05-06,
1870,5월_6월에 검색 터지는 머슬핏,2026-05-15,2026-05-30,48,960554,"26SS)머슬핏지퍼절개반팔티(썸머,크롭,무지,기본,면,셔츠,여름,레이어드",도프,반소매,13000,2026-05-06,
1870,5월_6월에 검색 터지는 머슬핏,2026-05-15,2026-05-30,49,962158,스냅 머슬핏 헨리넥 반팔 티셔츠,리베르타,반소매,13000,2026-05-08,
1870,5월_6월에 검색 터지는 머슬핏,2026-05-15,2026-05-30,50,965224,"26SS)머슬핏지퍼절개반팔티(썸머,크롭,무지,기본,면,셔츠,여름,레이어드",도프,반소매,13000,2026-05-12,
1870,5월_6월에 검색 터지는 머슬핏,2026-05-15,2026-05-30,51,959869,세일 카사 머슬핏 헨리넥 반팔 니트,리베르타,반소매,5000,2026-05-06,
1870,5월_6월에 검색 터지는 머슬핏,2026-05-15,2026-05-30,52,965264,플리츠 머슬핏 카라 반팔 티셔츠 긴바지 세트,리베르타,반소매,46000,2026-05-13,
1870,5월_6월에 검색 터지는 머슬핏,2026-05-15,2026-05-30,53,959509,하운드 벨벳 머슬핏 피케이 반팔 티셔츠,리베르타,반소매,19000,2026-05-05,
1870,5월_6월에 검색 터지는 머슬핏,2026-05-15,2026-05-30,54,962228,스냅 머슬핏 헨리넥 반팔 티셔츠,리베르타,반소매,13000,2026-05-08,
1871,5월_환영받는 집들이 선물,2026-05-15,2026-05-30,0,761115,방수 고양이 블랙 캣 미술학원 모던 주방 카페 어린이집 신혼부부 집들이 선물 앞치마,위드삐삐마켓,앞치마/장갑,6000,2025-08-22,
1871,5월_환영받는 집들이 선물,2026-05-15,2026-05-30,1,605102,브레드핸드타올 선물 답례품 촬영소품 돌잔치 소품샵 T104,아띠젠,수건/타월,3500,2025-01-24,
1871,5월_환영받는 집들이 선물,2026-05-15,2026-05-30,2,664166,우산 핸드타올 주방 인테리어,소브니홈,행주/수건/냅킨,3000,2025-03-24,
1871,5월_환영받는 집들이 선물,2026-05-15,2026-05-30,3,876647,카메라 마그넷,플라이하우스,오브제/장식,2800,2026-01-24,
1871,5월_환영받는 집들이 선물,2026-05-15,2026-05-30,4,875181,리본플라이 하프앞치마,은.(하우스),앞치마/장갑,7000,2026-01-23,
1871,5월_환영받는 집들이 선물,2026-05-15,2026-05-30,5,899657,블루 스트라이프 극세사 핸드타올 2종,로뎀나무아래서,행주/수건/냅킨,2500,2026-02-20,
1871,5월_환영받는 집들이 선물,2026-05-15,2026-05-30,6,941023,투투토마토러그,제이래빗,카페트/러그/발매트,7000,2026-04-12,
1871,5월_환영받는 집들이 선물,2026-05-15,2026-05-30,7,885992,데이오프러그,은.(하우스),카페트/러그/발매트,9000,2026-02-03,
1871,5월_환영받는 집들이 선물,2026-05-15,2026-05-30,8,686373,6개입 / 토마토 케찹 마그넷 세트,젤리젤리,오브제/장식,2500,2025-04-15,
1871,5월_환영받는 집들이 선물,2026-05-15,2026-05-30,9,660629,핸드타올 봉쥬르 소품 답례품 주방소품 T115,아띠젠,수건/타월,3500,2025-03-19,
1871,5월_환영받는 집들이 선물,2026-05-15,2026-05-30,10,727451,마르세유하프앞치마,은.(하우스),앞치마/장갑,16000,2025-06-16,
1871,5월_환영받는 집들이 선물,2026-05-15,2026-05-30,11,690191,마이크로하프앞치마_얇고작고가벼운 폴리소재로 두르기간편하고 포인트로 예뻐요,은.(하우스),앞치마/장갑,4000,2025-04-17,
1871,5월_환영받는 집들이 선물,2026-05-15,2026-05-30,12,732458,리본 냥이 핸드타올 주방타올,소브니홈,행주/수건/냅킨,3000,2025-06-26,
1871,5월_환영받는 집들이 선물,2026-05-15,2026-05-30,13,830645,라인펄스러그,은.(하우스),카페트/러그/발매트,9000,2025-11-16,
1871,5월_환영받는 집들이 선물,2026-05-15,2026-05-30,14,911117,몽글 퍼피 마그넷 냉장고 자석,소브니홈,오브제/장식,3000,2026-03-09,
1871,5월_환영받는 집들이 선물,2026-05-15,2026-05-30,15,954767,잘 익은 토마토 마그넷,엔리코,기타,500,2026-04-25,
1871,5월_환영받는 집들이 선물,2026-05-15,2026-05-30,16,735188,명화 풀랭스 앞치마,로뎀나무아래서,앞치마/장갑,28000,2025-07-04,
1871,5월_환영받는 집들이 선물,2026-05-15,2026-05-30,17,720770,NEW) 썬데이 스트라이프 앞치마 허리형 반 제빵 앞치마 낱장가능,로브,앞치마/장갑,5000,2025-06-01,
1871,5월_환영받는 집들이 선물,2026-05-15,2026-05-30,18,963609,빵긋 브레드 마그넷 세트 ????,소브니홈,오브제/장식,2700,2026-05-10,
1871,5월_환영받는 집들이 선물,2026-05-15,2026-05-30,19,879649,토마토 체크 키친크로스 & 핸드타올 사중거즈,엔리코,수건/타월,6000,2026-01-27,
1871,5월_환영받는 집들이 선물,2026-05-15,2026-05-30,20,729302,ST 타월 쫀득 원단 허리 앞치마,마이 하비,앞치마/장갑,7000,2025-06-18,
1871,5월_환영받는 집들이 선물,2026-05-15,2026-05-30,21,733760,라엘 앞치마 예쁜 카페 모던 원피스형 프릴 에이프런 A169,아띠젠,앞치마/장갑,10000,2025-06-30,
1871,5월_환영받는 집들이 선물,2026-05-15,2026-05-30,22,954703,오마이갓 야옹이마그넷,플라이하우스,완구/인형,2000,2026-04-25,
1871,5월_환영받는 집들이 선물,2026-05-15,2026-05-30,23,885982,더블하트러그,은.(하우스),카페트/러그/발매트,7000,2026-02-03,
1871,5월_환영받는 집들이 선물,2026-05-15,2026-05-30,24,882662,(5color) 스트라이프 테리 핸드타올,소브니홈,행주/수건/냅킨,2500,2026-01-29,
1871,5월_환영받는 집들이 선물,2026-05-15,2026-05-30,25,957782,닥스훈트러그,은.(하우스),카페트/러그/발매트,8000,2026-04-30,
1871,5월_환영받는 집들이 선물,2026-05-15,2026-05-30,26,911182,제작) 제주 귤 인형 마그넷 냉장고 자석 선물,바니유,사무용품,2200,2026-03-09,
1871,5월_환영받는 집들이 선물,2026-05-15,2026-05-30,27,957567,데님 투포켓 롱 앞치마 에이프런 카페 미용 패션 주방 여성 남성 작업,매니굳즈,앞치마/장갑,9500,2026-04-29,
1871,5월_환영받는 집들이 선물,2026-05-15,2026-05-30,28,727453,방브하프앞치마,은.(하우스),앞치마/장갑,17000,2025-06-16,
1871,5월_환영받는 집들이 선물,2026-05-15,2026-05-30,29,733762,링고 앞치마 에이프론 사과 산뜻한 귀여운 숏 A171,아띠젠,식탁보/테이블매트,6000,2025-06-30,
1871,5월_환영받는 집들이 선물,2026-05-15,2026-05-30,30,916376,스트라이프 테리 타월 허리 앞치마 4color,남대문미화,앞치마/장갑,6000,2026-03-16,
1871,5월_환영받는 집들이 선물,2026-05-15,2026-05-30,31,942437,블루체크토마토러그,라팡,카페트/러그/발매트,5500,2026-04-13,
1871,5월_환영받는 집들이 선물,2026-05-15,2026-05-30,32,932294,주방 바리스타 까페 생활방수 앞치마,가이오팜,앞치마/장갑,2300,2026-04-03,
1871,5월_환영받는 집들이 선물,2026-05-15,2026-05-30,33,861816,꽃을 좋아하는 너에게 마그넷 자석,감성놀이,기타,900,2026-01-11,
1871,5월_환영받는 집들이 선물,2026-05-15,2026-05-30,34,889912,[2026년 신상] 클래식 방수 앞치마 낱장가능,로브,앞치마/장갑,8000,2026-02-05,
1871,5월_환영받는 집들이 선물,2026-05-15,2026-05-30,35,912924,발매트 애니멀 동물 욕실 미끄럼 방지 러그 북유럽 스타일 40x120,미라이컴퍼,카페트/러그/발매트,11710,2026-03-11,
1871,5월_환영받는 집들이 선물,2026-05-15,2026-05-30,36,959795,그린그린러그,은.(하우스),카페트/러그/발매트,10000,2026-05-06,
1871,5월_환영받는 집들이 선물,2026-05-15,2026-05-30,37,908397,"미니어쳐 자판기& 레트로 소품 마그넷,냉장고자석",티제이,오브제/장식,4800,2026-03-04,
1871,5월_환영받는 집들이 선물,2026-05-15,2026-05-30,38,862824,토마토 감성 러그,스르르,오브제/장식,2200,2026-01-12,
1871,5월_환영받는 집들이 선물,2026-05-15,2026-05-30,39,882599,(3type) 베이커리 감성 발매트 러그,소브니홈,카페트/러그/발매트,6000,2026-01-29,
1871,5월_환영받는 집들이 선물,2026-05-15,2026-05-30,40,733176,줄지린넨앞치마,은.(하우스),앞치마/장갑,14000,2025-06-30,
1871,5월_환영받는 집들이 선물,2026-05-15,2026-05-30,41,708520,[2026 1위 앞치마] 클래식 뮤즈 플로럴 앞치마 낱장가능,로브,앞치마/장갑,11000,2025-05-11,
1871,5월_환영받는 집들이 선물,2026-05-15,2026-05-30,42,942436,아이러브홈러그,라팡,카페트/러그/발매트,8500,2026-04-13,
1871,5월_환영받는 집들이 선물,2026-05-15,2026-05-30,43,734866,리본 스트라이프 데님 허리 앞치마,로뎀나무아래서,앞치마/장갑,15000,2025-07-03,
1871,5월_환영받는 집들이 선물,2026-05-15,2026-05-30,44,709946,방브 하프앞치마,은.(하우스),앞치마/장갑,17000,2025-05-13,
1871,5월_환영받는 집들이 선물,2026-05-15,2026-05-30,45,968218,반치마 리본 발레코어 봄 여름 하늘 패턴 기본 앞치마 린넨 면 모던 주방 카페 어린이집,위드삐삐마켓,앞치마/장갑,6000,2026-05-15,
1871,5월_환영받는 집들이 선물,2026-05-15,2026-05-30,46,690832,고양이 프린트 방수 허리 앞치마 ????,마이 하비,앞치마/장갑,7000,2025-04-17,
1871,5월_환영받는 집들이 선물,2026-05-15,2026-05-30,47,745717,하이디 투톤 방수 앞치마,로뎀나무아래서,앞치마/장갑,12000,2025-07-31,
1871,5월_환영받는 집들이 선물,2026-05-15,2026-05-30,48,938017,린넨 이니셜 자수 포켓 앞치마,아름다운풍경,앞치마/장갑,27000,2026-04-09,
1871,5월_환영받는 집들이 선물,2026-05-15,2026-05-30,49,888482,"토마토 러그?? (인테리어소품, 발매트, 고퀄리티)",라유니크,카페트/러그/발매트,12000,2026-02-04,
1871,5월_환영받는 집들이 선물,2026-05-15,2026-05-30,50,957780,린넨라인하프앞치마,은.(하우스),앞치마/장갑,8000,2026-04-30,
1871,5월_환영받는 집들이 선물,2026-05-15,2026-05-30,51,738665,하이디 앞치마,남대문미화,앞치마/장갑,10000,2025-07-16,
1871,5월_환영받는 집들이 선물,2026-05-15,2026-05-30,52,830680,멍코미니러그,은.(하우스),카페트/러그/발매트,7000,2025-11-17,
1871,5월_환영받는 집들이 선물,2026-05-15,2026-05-30,53,430673,개당1300원(1세트8개)귀요미 고리 핸드타올,더상상,수건/타월,10400,2024-06-11,
1871,5월_환영받는 집들이 선물,2026-05-15,2026-05-30,54,916372,스트라이프 테리 타월 앞치마 5color,남대문미화,앞치마/장갑,10000,2026-03-16,
1871,5월_환영받는 집들이 선물,2026-05-15,2026-05-30,55,912379,작업용 앞치마 공방 미술 식당 카페 목공 학원 M50546,미소모아글로벌,앞치마/장갑,2600,2026-03-10,
1871,5월_환영받는 집들이 선물,2026-05-15,2026-05-30,56,801061,어항 핸드타올 1종,스르르,오브제/장식,3400,2025-10-13,
1871,5월_환영받는 집들이 선물,2026-05-15,2026-05-30,57,951121,프렌치 린넨 업스타일 앞치마,미가행복,앞치마/장갑,49900,2026-04-21,
1871,5월_환영받는 집들이 선물,2026-05-15,2026-05-30,58,951124,벨로즈 블랙 랩 앞치마,미가행복,앞치마/장갑,25900,2026-04-21,
1871,5월_환영받는 집들이 선물,2026-05-15,2026-05-30,59,916433,숏타입 방수 허리 앞치마 4color,남대문미화,앞치마/장갑,4000,2026-03-16,
1871,5월_환영받는 집들이 선물,2026-05-15,2026-05-30,60,875186,타월포켓 하프앞치마,은.(하우스),앞치마/장갑,6000,2026-01-23,
1871,5월_환영받는 집들이 선물,2026-05-15,2026-05-30,61,885954,썬데이러그,은.(하우스),카페트/러그/발매트,8000,2026-02-03,
1871,5월_환영받는 집들이 선물,2026-05-15,2026-05-30,62,910461,고양이 수염을 보관할 수 있는 마그넷 꽃병 화병,감성놀이,오브제/장식,1600,2026-03-07,
1871,5월_환영받는 집들이 선물,2026-05-15,2026-05-30,63,914307,토마토칼갈이 소품샵 잡화점 집꾸 집들이선물 주방용품 주방소품 샤프너 갈갈이 E1129,데이오프,주방잡화,2000,2026-03-12,
1871,5월_환영받는 집들이 선물,2026-05-15,2026-05-30,64,805481,포테토 클립 12P 밀봉집게 과자집게 선물 집들이 냉장고자석 C225,아띠젠,주방잡화,1500,2025-10-20,
1871,5월_환영받는 집들이 선물,2026-05-15,2026-05-30,65,828998,사각사각러그,은.(하우스),카페트/러그/발매트,9000,2025-11-14,
1871,5월_환영받는 집들이 선물,2026-05-15,2026-05-30,66,911173,하니앞치마 에이프론 엘레강스 쁘띠 모던 왕실 가벼운 방수 A292,아띠젠,앞치마/장갑,6000,2026-03-09,
1871,5월_환영받는 집들이 선물,2026-05-15,2026-05-30,67,717121,코코 핸드타올 수건 답례품 선물 소품샵 인테리어 손수건 T152,아띠젠,수건/타월,3500,2025-05-25,
1871,5월_환영받는 집들이 선물,2026-05-15,2026-05-30,68,949831,토마토 러그 ver.2,라온,오브제/장식,3600,2026-04-20,
1871,5월_환영받는 집들이 선물,2026-05-15,2026-05-30,69,875170,레드프룻 타원러그,은.(하우스),카페트/러그/발매트,10000,2026-01-23,
1871,5월_환영받는 집들이 선물,2026-05-15,2026-05-30,70,957642,[2026 신상] 도쿄 오트밀 베이지 반 앞치마 낱장가능,로브,앞치마/장갑,10000,2026-04-29,
1871,5월_환영받는 집들이 선물,2026-05-15,2026-05-30,71,865219,사각레트로바구니 철제바구니 소품바구니 바스켓 basket 인테리어 집들이 소품샵 E533,아이즈  Eyes,수납/바구니,5000,2026-01-14,
1871,5월_환영받는 집들이 선물,2026-05-15,2026-05-30,72,928250,스트로베리스타러그,제이래빗,카페트/러그/발매트,8000,2026-03-30,
1871,5월_환영받는 집들이 선물,2026-05-15,2026-05-30,73,943398,시트러스수저받침 집들이 선물 주방 소품샵 잡화점 세라믹 커트러리 수저받침대 키친 E1173,베이비블루 babyblue,커트러리,1500,2026-04-14,
1871,5월_환영받는 집들이 선물,2026-05-15,2026-05-30,74,717120,강아지 핸드타올 소품샵 답례 선물 주방 인테리어 수건 귀여운 T151,아띠젠,수건/타월,3000,2025-05-25,
1871,5월_환영받는 집들이 선물,2026-05-15,2026-05-30,75,910004,[2026년 신상] 심플한 무지 앞치마 낱장가능,로브,앞치마/장갑,11000,2026-03-06,
1871,5월_환영받는 집들이 선물,2026-05-15,2026-05-30,76,968226,반치마 체크 꽃 라벤더 블랙 브라운 봄 여름 패턴 기본 앞치마 모던 주방 카페 어린이집 신,위드삐삐마켓,앞치마/장갑,6000,2026-05-15,
1871,5월_환영받는 집들이 선물,2026-05-15,2026-05-30,77,893979,블랙 토끼 발매트 러그 ??,라유니크,카페트/러그/발매트,7500,2026-02-10,
1871,5월_환영받는 집들이 선물,2026-05-15,2026-05-30,78,922126,"(10종) 유럽사진 예쁜 수건 타월 *핸드타올, 집들이선물, 비치타월, 인테리어소품",사바이홈,욕실용품,4400,2026-03-24,
1871,5월_환영받는 집들이 선물,2026-05-15,2026-05-30,79,882556,[2026년 신상] 화이트 플로럴 반 앞치마 낱장가능,로브,앞치마/장갑,6000,2026-01-29,
1871,5월_환영받는 집들이 선물,2026-05-15,2026-05-30,80,860979,스마일 고양이 마그넷6p,플라이하우스,오브제/장식,2500,2026-01-08,
1871,5월_환영받는 집들이 선물,2026-05-15,2026-05-30,81,887750,더블루냉장고자석 메모홀더 8조각 1세트 마그넷 집들이 선물 인테리어 소품 E1094,데이오프,주방잡화,4000,2026-02-04,
1871,5월_환영받는 집들이 선물,2026-05-15,2026-05-30,82,759320,프렌치 숄더 프릴 뜨왈 앞치마,로뎀나무아래서,앞치마/장갑,18000,2025-08-20,
1871,5월_환영받는 집들이 선물,2026-05-15,2026-05-30,83,899664,프렌치 미니 십자수 앞치마,미가행복,앞치마/장갑,24500,2026-02-20,
1871,5월_환영받는 집들이 선물,2026-05-15,2026-05-30,84,891669,"도톰푹신 고양이 발매트 러그(인테리어 소품, 퀄리티 굿)",라유니크,카페트/러그/발매트,7500,2026-02-07,
1871,5월_환영받는 집들이 선물,2026-05-15,2026-05-30,85,882117,[2026년 신상] 파스텔 스트라이프 타올 앞치마 낱장가능,로브,앞치마/장갑,9000,2026-01-29,
1871,5월_환영받는 집들이 선물,2026-05-15,2026-05-30,86,644630,피그핸드타올 소품샵 답례품 선물 주방인테리어  수건 T120,아띠젠,수건/타월,3500,2025-02-28,
1871,5월_환영받는 집들이 선물,2026-05-15,2026-05-30,87,733758,스트라이프 앞치마 산뜻한 비비드 컬러 주방 패션 Apron A168,아띠젠,앞치마/장갑,5000,2025-06-30,
1871,5월_환영받는 집들이 선물,2026-05-15,2026-05-30,88,832748,하트마그넷 냉장고 자석 마그넷 인테리어 소품 주방잡화 집들이 선물 오브제 E963,베이비블루 babyblue,오브제/장식,2000,2025-11-18,
1871,5월_환영받는 집들이 선물,2026-05-15,2026-05-30,89,957772,핑크써클러그,은.(하우스),카페트/러그/발매트,10000,2026-04-30,
1871,5월_환영받는 집들이 선물,2026-05-15,2026-05-30,90,832743,하트마그넷 냉장고 자석 마그넷 인테리어 소품 주방잡화 집들이 선물 오브제 E963,데이오프,주방잡화,2000,2025-11-18,
1871,5월_환영받는 집들이 선물,2026-05-15,2026-05-30,91,960561,[2026 신상] 화이트 플로럴 앞치마 낱장가능,로브,앞치마/장갑,12000,2026-05-06,
1871,5월_환영받는 집들이 선물,2026-05-15,2026-05-30,92,875567,(제작) 멍멍 토스트 자석 마그넷,감성놀이,기타,750,2026-01-23,
1871,5월_환영받는 집들이 선물,2026-05-15,2026-05-30,93,917406,애플라인 러그,은.(하우스),카페트/러그/발매트,10000,2026-03-18,
1871,5월_환영받는 집들이 선물,2026-05-15,2026-05-30,94,917405,모노타일 러그,은.(하우스),카페트/러그/발매트,10000,2026-03-18,
1871,5월_환영받는 집들이 선물,2026-05-15,2026-05-30,95,957761,노랑마린러그,은.(하우스),카페트/러그/발매트,10000,2026-04-30,
1871,5월_환영받는 집들이 선물,2026-05-15,2026-05-30,96,968220,반치마 수건 타월 스트라이프 봄 여름 패턴 기본 앞치마 모던 주방 카페 어린이집 신혼부부,위드삐삐마켓,앞치마/장갑,5200,2026-05-15,
1871,5월_환영받는 집들이 선물,2026-05-15,2026-05-30,97,733761,마레 앞치마 엘레강스 쁘띠 예쁜 모던 원피스형 프릴 에이프런 A170,아띠젠,앞치마/장갑,8000,2025-06-30,
1871,5월_환영받는 집들이 선물,2026-05-15,2026-05-30,98,882540,[2026년 신상] 포그 플라워 앞치마 낱장가능,로브,앞치마/장갑,11000,2026-01-29,
1871,5월_환영받는 집들이 선물,2026-05-15,2026-05-30,99,945791,[2026 신상][주문폭주]퓨어 화이트 여리여리 앞치마 낱장가능,로브,앞치마/장갑,10000,2026-04-16,
1871,5월_환영받는 집들이 선물,2026-05-15,2026-05-30,100,826954,슈가베어마그넷 10개1set 냉장고 자석 곰돌이 베어 집들이선물 주방소품 소품샵 E944,데이오프,주방잡화,3300,2025-11-12,
1871,5월_환영받는 집들이 선물,2026-05-15,2026-05-30,101,916432,멀티 포켓 앞뒤 착용 방수 앞치마 5color,남대문미화,앞치마/장갑,9000,2026-03-16,
1878,5월_반팔에 어울리는 악세사리,2026-05-22,2026-06-09,0,880903,[파스텔] 캣츠아이 5색 천연석 매듭 써지컬스틸 슬라이드 팔찌,BROOKLYN nature,매듭/가죽,5500,2026-01-28,
1878,5월_반팔에 어울리는 악세사리,2026-05-22,2026-06-09,1,405450,바다 조개 불가사리 여름반지 호마이카링,달다,볼드링,1400,2024-05-10,
1878,5월_반팔에 어울리는 악세사리,2026-05-22,2026-06-09,2,735858,써지컬) 비즈 데이지 자개 목걸이 구슬 꽃,뉴얼리 newerly,펜던트(실버/써지컬),9000,2025-07-07,
1878,5월_반팔에 어울리는 악세사리,2026-05-22,2026-06-09,3,969402,[블링컷] 투명 클리어 비즈 별 써지컬 스틸 믹스 끈 목걸이,BROOKLYN nature,펜던트(비즈/에폭/아크릴),5000,2026-05-18,
1878,5월_반팔에 어울리는 악세사리,2026-05-22,2026-06-09,4,969400,[블링컷] 투명 클리어 비즈 별 써지컬 스틸 믹스 끈 팔찌,BROOKLYN nature,비즈,5000,2026-05-18,
1878,5월_반팔에 어울리는 악세사리,2026-05-22,2026-06-09,5,967237,[썸머잇] 파스텔 자개 비즈 고급스러운 데이트 목걸이,BROOKLYN nature,펜던트(비즈/에폭/아크릴),7000,2026-05-14,
1878,5월_반팔에 어울리는 악세사리,2026-05-22,2026-06-09,6,966273,[아우진] 영롱한 고급 자개 데일리 포인트 팔찌,BROOKLYN nature,비즈,4500,2026-05-13,
1878,5월_반팔에 어울리는 악세사리,2026-05-22,2026-06-09,7,958295,[스톤팝] 자개 원석 스톤 글라스 고무줄 팔찌 데일리 포인트,BROOKLYN nature,심플(논펜던트),4500,2026-04-30,
1878,5월_반팔에 어울리는 악세사리,2026-05-22,2026-06-09,8,954161,[비즈플라워] 상큼 비즈꽃 꽃팔찌 비비드 포인트 시드비즈 매듭 팔찌,BROOKLYN nature,비즈,8000,2026-04-24,
1878,5월_반팔에 어울리는 악세사리,2026-05-22,2026-06-09,9,968038,푸른별 조개 비즈팔찌 팔찌,감성놀이,비즈,1800,2026-05-15,
1878,5월_반팔에 어울리는 악세사리,2026-05-22,2026-06-09,10,970832,"여름유리구슬 목걸이,데일리,비즈,포인트,실버,비즈[투명구슬 플라워목걸이]",미미가,펜던트(비즈/에폭/아크릴),4000,2026-05-19,
1878,5월_반팔에 어울리는 악세사리,2026-05-22,2026-06-09,11,968993,"여름목걸이,글라스비즈,믹스비즈,써지컬,원석,유니크[하이믹스 비즈목걸이]",미미가,펜던트(비즈/에폭/아크릴),12000,2026-05-17,
1878,5월_반팔에 어울리는 악세사리,2026-05-22,2026-06-09,12,959104,우레탄 소라  비즈 유리 구슬 팔찌,뉴얼리 newerly,비즈,1400,2026-05-03,
1878,5월_반팔에 어울리는 악세사리,2026-05-22,2026-06-09,13,948049,영롱한 캣츠아이 네잎클로버 비즈 팔찌,감성놀이,비즈,2500,2026-04-18,
1878,5월_반팔에 어울리는 악세사리,2026-05-22,2026-06-09,14,959980,[플라워링] 꽃 비즈 원석 고무줄 링 팔찌 포인트 데일리,BROOKLYN nature,비즈,4500,2026-05-06,
1878,5월_반팔에 어울리는 악세사리,2026-05-22,2026-06-09,15,968995,"비즈팔찌,레이어드,핸드메이드,봄여름,국산,데일리,바배 [타이니체리 팔찌]",미미가,심플(논펜던트),3000,2026-05-17,
1878,5월_반팔에 어울리는 악세사리,2026-05-22,2026-06-09,16,949604,볼록 네잎클로버 목걸이 (써지컬스틸),감성놀이,펜던트(실버/써지컬),4000,2026-04-20,
1878,5월_반팔에 어울리는 악세사리,2026-05-22,2026-06-09,17,947972,러플호마이카목걸이,에그니 ,펜던트(비즈/에폭/아크릴),3800,2026-04-18,
1878,5월_반팔에 어울리는 악세사리,2026-05-22,2026-06-09,18,962147,써지컬스틸 데일리 럭셔리 핵진주 목걸이 4MM/ 6MM,뉴얼리 newerly,펜던트(실버/써지컬),5000,2026-05-08,
1878,5월_반팔에 어울리는 악세사리,2026-05-22,2026-06-09,19,947971,러플호마이카목걸이,에그니 ,펜던트(비즈/에폭/아크릴),3800,2026-04-18,
1878,5월_반팔에 어울리는 악세사리,2026-05-22,2026-06-09,20,952904,써지컬스틸 초코렛하트 비즈 체인 목걸이,뉴얼리 newerly,펜던트(실버/써지컬),6000,2026-04-23,
1878,5월_반팔에 어울리는 악세사리,2026-05-22,2026-06-09,21,953676,뱅뱅목걸이,에그니 ,롱,4800,2026-04-23,
1878,5월_반팔에 어울리는 악세사리,2026-05-22,2026-06-09,22,952231,실버925 동전 펜던트 목걸이 귀걸이 세트 은목걸이,바나다,실버925,20000,2026-04-22,
1878,5월_반팔에 어울리는 악세사리,2026-05-22,2026-06-09,23,968702,스무드오발링목걸이,에그니 ,롱,4500,2026-05-17,
1878,5월_반팔에 어울리는 악세사리,2026-05-22,2026-06-09,24,950150,파스텔비즈홀스슈목걸이 써지컬체인,에그니 ,롱,4000,2026-04-20,
1878,5월_반팔에 어울리는 악세사리,2026-05-22,2026-06-09,25,956497,실버925 각비즈 컬러 구슬 목걸이 여름 비즈목걸이 은목걸이,바나다,실버925,14000,2026-04-28,
1878,5월_반팔에 어울리는 악세사리,2026-05-22,2026-06-09,26,960192,실버925 각비즈 블랙 물고기 펜던트 비즈 목걸이 여름 은목걸이,바나다,실버925,10000,2026-05-06,
1878,5월_반팔에 어울리는 악세사리,2026-05-22,2026-06-09,27,958285,실버925 담수진주 타원 진주 실버볼 목걸이 은목걸이,바나다,실버925,30000,2026-04-30,
1878,5월_반팔에 어울리는 악세사리,2026-05-22,2026-06-09,28,958434,써지컬진주체인목걸이,에그니 ,롱,3500,2026-04-30,
1878,5월_반팔에 어울리는 악세사리,2026-05-22,2026-06-09,29,969460,실버925 은 목걸이 큐빅 스마일 바 스틱 펜던트 은목걸이,바나다,실버925,20000,2026-05-18,
1878,5월_반팔에 어울리는 악세사리,2026-05-22,2026-06-09,30,966251,실버925 라인 링 메달 펜던트 은목걸이 데일리 목걸이,바나다,실버925,22000,2026-05-13,
1878,5월_반팔에 어울리는 악세사리,2026-05-22,2026-06-09,31,958284,실버925 은 펜던트 진주 목걸이 스왈 진주 은목걸이,바나다,실버925,22000,2026-04-30,
1878,5월_반팔에 어울리는 악세사리,2026-05-22,2026-06-09,32,960199,실버925 블랙 비즈팔찌 여름 클로버 펜던트 은팔찌 목걸이 세트,바나다,실버925,14000,2026-05-06,
1878,5월_반팔에 어울리는 악세사리,2026-05-22,2026-06-09,33,952059,실버925 퀼팅 링 펜던트 목걸이 뱀줄 체인 은목걸이,바나다,실버925,30000,2026-04-22,
1878,5월_반팔에 어울리는 악세사리,2026-05-22,2026-06-09,34,958287,실버925 담수진주 타원 진주팔찌 실버볼 은팔찌 반지 세트,바나다,실버925,8000,2026-04-30,
1878,5월_반팔에 어울리는 악세사리,2026-05-22,2026-06-09,35,964517,멀티실버라운드반지,라팡,비즈,3000,2026-05-11,
1878,5월_반팔에 어울리는 악세사리,2026-05-22,2026-06-09,36,948376,문스톤펄드롭목걸이,버터플라이,펜던트(메탈/큐빅/스톤/진주),3500,2026-04-19,
1878,5월_반팔에 어울리는 악세사리,2026-05-22,2026-06-09,37,960200,실버925 크롬 십자가 팔찌 비즈 실버 펜던트 여름 은팔찌,바나다,실버925,20000,2026-05-06,
1878,5월_반팔에 어울리는 악세사리,2026-05-22,2026-06-09,38,968566,실버925 유사각 팬던트 매듭 목걸이,디엔젤,실버925,25000,2026-05-16,
1878,5월_반팔에 어울리는 악세사리,2026-05-22,2026-06-09,39,965454,멜팅 행잉 써지컬스틸 목걸이,스틸다이아,펜던트(실버/써지컬),3500,2026-05-13,
1878,5월_반팔에 어울리는 악세사리,2026-05-22,2026-06-09,40,965457,네모 큐빅 써지컬스틸 목걸이,스틸다이아,펜던트(실버/써지컬),3000,2026-05-13,
1878,5월_반팔에 어울리는 악세사리,2026-05-22,2026-06-09,41,960268,실버925 블루 비즈 팔찌 큐빅 펜던트 여름 은팔찌,바나다,실버925,10000,2026-05-06,
1878,5월_반팔에 어울리는 악세사리,2026-05-22,2026-06-09,42,959718,검정큐빅크로스목걸이,베니스톤,펜던트(실버/써지컬),4000,2026-05-05,
1878,5월_반팔에 어울리는 악세사리,2026-05-22,2026-06-09,43,960270,실버925 블루 비즈 크라운 펜던트 여름 각비즈 은팔찌,바나다,실버925,10000,2026-05-06,
1878,5월_반팔에 어울리는 악세사리,2026-05-22,2026-06-09,44,948522,스테인레스 우드 데이지 목걸이,더엠,펜던트(실버/써지컬),5000,2026-04-20,
1878,5월_반팔에 어울리는 악세사리,2026-05-22,2026-06-09,45,965449,거울 프레임 써지컬스틸 목걸이,스틸다이아,펜던트(실버/써지컬),4000,2026-05-13,
1878,5월_반팔에 어울리는 악세사리,2026-05-22,2026-06-09,46,965435,도나쓰 써지컬스틸 목걸이,스틸다이아,펜던트(실버/써지컬),3500,2026-05-13,
1878,5월_반팔에 어울리는 악세사리,2026-05-22,2026-06-09,47,960266,실버925 비즈 팔찌 블랙 별 스파크 반짝 펜던트 큐빅 은팔찌,바나다,실버925,10000,2026-05-06,
1878,5월_반팔에 어울리는 악세사리,2026-05-22,2026-06-09,48,946701,실버925 클로버 양면 참 펜던트 팔찌 여자 체인 은팔찌,바나다,실버925,34000,2026-04-16,
1878,5월_반팔에 어울리는 악세사리,2026-05-22,2026-06-09,49,965575,웨이브홀 목걸이 써지컬스틸,스틸다이아,펜던트(실버/써지컬),3500,2026-05-13,
1878,5월_반팔에 어울리는 악세사리,2026-05-22,2026-06-09,50,969783,방울리본 써지컬스틸 목걸이,스틸다이아,펜던트(실버/써지컬),3500,2026-05-19,
1878,5월_반팔에 어울리는 악세사리,2026-05-22,2026-06-09,51,955802,925실버 1mm 볼체인 팔찌,거울공주실버 ,실버925,9000,2026-04-27,
1878,5월_반팔에 어울리는 악세사리,2026-05-22,2026-06-09,52,958619,4미리원석 팔찌,베니스톤,비즈,4000,2026-05-01,
1878,5월_반팔에 어울리는 악세사리,2026-05-22,2026-06-09,53,969330,345미리큐빅팔찌,베니스톤,심플(논펜던트),6500,2026-05-18,
1878,5월_반팔에 어울리는 악세사리,2026-05-22,2026-06-09,54,965437,콩알 슬라이드 써지컬스틸 목걸이,스틸다이아,펜던트(실버/써지컬),4500,2026-05-13,
1878,5월_반팔에 어울리는 악세사리,2026-05-22,2026-06-09,55,947220,실버925라운드큐빅딸랑이팬던트목걸이,구구,실버925,22000,2026-04-17,
1878,5월_반팔에 어울리는 악세사리,2026-05-22,2026-06-09,56,969516,산호 레드 목걸이,고리,실버925,31000,2026-05-18,
1878,5월_반팔에 어울리는 악세사리,2026-05-22,2026-06-09,57,969785,하트 큐빅 십자가 써지컬스틸 목걸이,스틸다이아,펜던트(실버/써지컬),5000,2026-05-19,
1878,5월_반팔에 어울리는 악세사리,2026-05-22,2026-06-09,58,947222,실버925별스타큐빅팬던트데일리목걸이,구구,실버925,16000,2026-04-17,
1878,5월_반팔에 어울리는 악세사리,2026-05-22,2026-06-09,59,957773,실버925통통하트눈꽃체인팔찌,구구,실버925,22500,2026-04-30,
1878,5월_반팔에 어울리는 악세사리,2026-05-22,2026-06-09,60,969467,클립 써지컬스틸 목걸이,스틸다이아,펜던트(실버/써지컬),3500,2026-05-18,
1878,5월_반팔에 어울리는 악세사리,2026-05-22,2026-06-09,61,945548,실버925큐빅큐브팬던트심플목걸이,구구,실버925,17000,2026-04-16,
1878,5월_반팔에 어울리는 악세사리,2026-05-22,2026-06-09,62,969474,블랙데이지 써지컬스틸 목걸이,스틸다이아,펜던트(실버/써지컬),3500,2026-05-18,
1878,5월_반팔에 어울리는 악세사리,2026-05-22,2026-06-09,63,950855,실버925하트큐빅팬던트목걸이,구구,실버925,23000,2026-04-21,
1878,5월_반팔에 어울리는 악세사리,2026-05-22,2026-06-09,64,958480,실버925눈꽃체인두줄레이어드팔찌,구구,실버925,21000,2026-05-01,
1878,5월_반팔에 어울리는 악세사리,2026-05-22,2026-06-09,65,948763,실버925리본매듭팬던트심플데일리목걸이,구구,실버925,23000,2026-04-20,
1878,5월_반팔에 어울리는 악세사리,2026-05-22,2026-06-09,66,947428,실버925마름모다이아몬드형큐빅팬던트목걸이,구구,실버925,23500,2026-04-17,
1878,5월_반팔에 어울리는 악세사리,2026-05-22,2026-06-09,67,950895,[끌림#]네잎크로바큐빅 N,끌림  #,펜던트(메탈/큐빅/스톤/진주),2800,2026-04-21,
1878,5월_반팔에 어울리는 악세사리,2026-05-22,2026-06-09,68,967619,[끌림#]리본자물쇠큐빅 N,끌림  #,펜던트(메탈/큐빅/스톤/진주),2200,2026-05-15,
1878,5월_반팔에 어울리는 악세사리,2026-05-22,2026-06-09,69,950894,[끌림#]리본하트큐빅 N,끌림  #,펜던트(메탈/큐빅/스톤/진주),2500,2026-04-21,
1878,5월_반팔에 어울리는 악세사리,2026-05-22,2026-06-09,70,950896,[끌림#]하트큐빅 N,끌림  #,펜던트(메탈/큐빅/스톤/진주),3000,2026-04-21,
1878,5월_반팔에 어울리는 악세사리,2026-05-22,2026-06-09,71,967617,[끌림#]리본큐빅 N,끌림  #,펜던트(메탈/큐빅/스톤/진주),4000,2026-05-15,
1878,5월_반팔에 어울리는 악세사리,2026-05-22,2026-06-09,72,967618,[끌림#]체리큐빅진주 N,끌림  #,펜던트(메탈/큐빅/스톤/진주),2800,2026-05-15,
1878,5월_반팔에 어울리는 악세사리,2026-05-22,2026-06-09,73,965282,Silver925실버)c13n,씨스타,실버925,42000,2026-05-13,
1878,5월_반팔에 어울리는 악세사리,2026-05-22,2026-06-09,74,964401,Silver925 터키석 장식 반반체인 데일리 실버팔찌,실버 아우룸,실버925,27000,2026-05-11,
1878,5월_반팔에 어울리는 악세사리,2026-05-22,2026-06-09,75,950893,[끌림#]리본하트볼륨큐빅 N,끌림  #,펜던트(메탈/큐빅/스톤/진주),2500,2026-04-21,
1878,5월_반팔에 어울리는 악세사리,2026-05-22,2026-06-09,76,969392,페어 그린오닉스 목걸이,써니트리,실버925,35000,2026-05-18,
1878,5월_반팔에 어울리는 악세사리,2026-05-22,2026-06-09,77,957358,실버925눈꽃체인사각클립반반하트팔찌,구구,실버925,21000,2026-04-29,
1878,5월_반팔에 어울리는 악세사리,2026-05-22,2026-06-09,78,960202,실버925 핑크 비즈 스파크 펜던트 반짝 별 큐빅 여름 은팔찌,바나다,실버925,10000,2026-05-06,
1878,5월_반팔에 어울리는 악세사리,2026-05-22,2026-06-09,79,948491,스테인레스 진주 네잎클로바 체인 팔찌 목걸이,더엠,펜던트(실버/써지컬),5000,2026-04-20,
1878,5월_반팔에 어울리는 악세사리,2026-05-22,2026-06-09,80,950897,[끌림#]볼큐빅 N,끌림  #,펜던트(메탈/큐빅/스톤/진주),4000,2026-04-21,
1878,5월_반팔에 어울리는 악세사리,2026-05-22,2026-06-09,81,963379,목걸이 36cm 진주 큐빅 1 써지컬마감 여성 핸드메이드 구색,샤방,펜던트(메탈/큐빅/스톤/진주),7500,2026-05-09,
1878,5월_반팔에 어울리는 악세사리,2026-05-22,2026-06-09,82,948523,스테인레스 파이프 글래스 목걸이,더엠,펜던트(실버/써지컬),4000,2026-04-20,
1878,5월_반팔에 어울리는 악세사리,2026-05-22,2026-06-09,83,962706,크로스 십자가 레이어드 실버목걸이,베베,펜던트(실버/써지컬),15000,2026-05-08,
1878,5월_반팔에 어울리는 악세사리,2026-05-22,2026-06-09,84,955044,실버925 2미리 볼포인트 이태리체인과 샹달팬던트,디엔젤,실버925,31000,2026-04-26,
1878,5월_반팔에 어울리는 악세사리,2026-05-22,2026-06-09,85,968948,파스텔  진주 믹스 여름 비즈목걸이,베베,펜던트(비즈/에폭/아크릴),11000,2026-05-17,
1878,5월_반팔에 어울리는 악세사리,2026-05-22,2026-06-09,86,969125,그린 원석 비즈 진주 포인트 체인 팔찌,베베,비즈,4500,2026-05-17,
1878,5월_반팔에 어울리는 악세사리,2026-05-22,2026-06-09,87,959244,실버925눈꽃체인팔찌,구구,실버925,16000,2026-05-04,
1878,5월_반팔에 어울리는 악세사리,2026-05-22,2026-06-09,88,969309,써지컬스틸 천연석 진주 시드비즈 원석 레이어드 여름 팔찌,베베,레이어드,6000,2026-05-18,
1878,5월_반팔에 어울리는 악세사리,2026-05-22,2026-06-09,89,962586,유니크 크로스 레이어드 목걸이,베베,펜던트(실버/써지컬),15000,2026-05-08,
1878,5월_반팔에 어울리는 악세사리,2026-05-22,2026-06-09,90,951499,Silver925실버)G492n,씨스타,실버925,31000,2026-04-22,
1878,5월_반팔에 어울리는 악세사리,2026-05-22,2026-06-09,91,960195,실버925 각비즈 블랙 비즈목걸이 여름 클로바 펜던트 은목걸이,바나다,실버925,14000,2026-05-06,
1878,5월_반팔에 어울리는 악세사리,2026-05-22,2026-06-09,92,960933,26SS) 두줄 체인 큐빅 볼체인 뱀줄 써지컬스틸 레이어드 팔찌,브루클린,레이어드,4000,2026-05-07,
1878,5월_반팔에 어울리는 악세사리,2026-05-22,2026-06-09,93,969739,써지컬스틸 블랙 비즈 진주 포인트 팔찌,베베,비즈,4000,2026-05-19,
1878,5월_반팔에 어울리는 악세사리,2026-05-22,2026-06-09,94,963380,목걸이 36cm 진주 큐빅 2 써지컬마감 여성 핸드메이드 구색,샤방,펜던트(메탈/큐빅/스톤/진주),9000,2026-05-09,
1878,5월_반팔에 어울리는 악세사리,2026-05-22,2026-06-09,95,962699,데일리 십자가 레이어드 목걸이,베베,펜던트(실버/써지컬),9000,2026-05-08,
1878,5월_반팔에 어울리는 악세사리,2026-05-22,2026-06-09,96,948510,스테인레스 플라워 체인 목걸이 팔찌,더엠,펜던트(실버/써지컬),4000,2026-04-20,
1878,5월_반팔에 어울리는 악세사리,2026-05-22,2026-06-09,97,965306,Silver925실버)g501n,씨스타,실버925,35000,2026-05-13,
1878,5월_반팔에 어울리는 악세사리,2026-05-22,2026-06-09,98,951498,Silver925실버)g160n,씨스타,실버925,18000,2026-04-22,
1878,5월_반팔에 어울리는 악세사리,2026-05-22,2026-06-09,99,961850,스와로브스키 진주비즈팔찌,뷰탬스,비즈,8300,2026-05-07,
1878,5월_반팔에 어울리는 악세사리,2026-05-22,2026-06-09,100,962359,유리크 애플 은버니쉬 목걸이,베베,펜던트(실버/써지컬),19000,2026-05-08,
1878,5월_반팔에 어울리는 악세사리,2026-05-22,2026-06-09,101,958620,실버톤 큐빅 크로스 펜던트 목걸이,베니스톤,펜던트(메탈/큐빅/스톤/진주),4000,2026-05-01,
1878,5월_반팔에 어울리는 악세사리,2026-05-22,2026-06-09,102,953484,실버925 비즈 목걸이 여름 구슬 파스텔 은목걸이,바나다,실버925,10000,2026-04-23,
1878,5월_반팔에 어울리는 악세사리,2026-05-22,2026-06-09,103,962726,초커 십자가 레이어드 목걸이,베베,펜던트(실버/써지컬),15000,2026-05-08,
1878,5월_반팔에 어울리는 악세사리,2026-05-22,2026-06-09,104,965499,[레이디]0513-12,레이디,비즈,3000,2026-05-13,
1878,5월_반팔에 어울리는 악세사리,2026-05-22,2026-06-09,105,968952,컬러 비즈 진주 포인트 초커 여름목걸이,베베,펜던트(비즈/에폭/아크릴),9000,2026-05-17,
1878,5월_반팔에 어울리는 악세사리,2026-05-22,2026-06-09,106,966240,매장best) 플라워 볼 패턴 체인 실버 블랙 2color 써지컬스틸 목걸이,브루클린,펜던트(실버/써지컬),4500,2026-05-13,
1878,5월_반팔에 어울리는 악세사리,2026-05-22,2026-06-09,107,950346,N실버925 납작 유화 꽈베기 꼬임 목걸이,어썸,실버925,40000,2026-04-21,
1878,5월_반팔에 어울리는 악세사리,2026-05-22,2026-06-09,108,962463,빅크로스 레이어드 롱목걸이,베베,펜던트(실버/써지컬),13000,2026-05-08,
1878,5월_반팔에 어울리는 악세사리,2026-05-22,2026-06-09,109,951663,담수진주 원석 하트참 비즈 팔찌,샤방,펜던트/참,9000,2026-04-22,
1878,5월_반팔에 어울리는 악세사리,2026-05-22,2026-06-09,110,962362,볼써지컬 초커 스트링 목걸이,베베,펜던트(실버/써지컬),4000,2026-05-08,
1878,5월_반팔에 어울리는 악세사리,2026-05-22,2026-06-09,111,966271,크로스 데일리 엔틱 크롬st 레이어드 남녀팔찌,베베,펜던트/참,9000,2026-05-13,
1878,5월_반팔에 어울리는 악세사리,2026-05-22,2026-06-09,112,963368,목걸이 42cm 여성 천연 원석 크리스탈 써지컬비즈 써지컬마감 핸드메이드 구색,샤방,펜던트(메탈/큐빅/스톤/진주),9000,2026-05-09,
1878,5월_반팔에 어울리는 악세사리,2026-05-22,2026-06-09,113,963085,써지컬스틸 빅진주 포인트 목걸이,수앤스틸,펜던트(실버/써지컬),4500,2026-05-08,
1878,5월_반팔에 어울리는 악세사리,2026-05-22,2026-06-09,114,968933,핑크 러블리 로델 원석  담수진주 비즈 목걸이,베베,펜던트(비즈/에폭/아크릴),11000,2026-05-17,
1878,5월_반팔에 어울리는 악세사리,2026-05-22,2026-06-09,115,970812,써지컬스틸 합성석 믹스 스톤 팔찌,수앤스틸,펜던트/참,5000,2026-05-19,
1878,5월_반팔에 어울리는 악세사리,2026-05-22,2026-06-09,116,950403,N실버925 링 라운드 큐빅 팬던트 목걸이,어썸,실버925,26000,2026-04-21,
1878,5월_반팔에 어울리는 악세사리,2026-05-22,2026-06-09,117,950901,N실버925 별 스타 큐빅 목걸이,어썸,실버925,21000,2026-04-21,
1878,5월_반팔에 어울리는 악세사리,2026-05-22,2026-06-09,118,959386,N실버925 병 별 큐빅 목걸이,어썸,실버925,21000,2026-05-04,
1878,5월_반팔에 어울리는 악세사리,2026-05-22,2026-06-09,119,953480,N실버925 열쇠 육각 큐빅 팬던트 목걸이,어썸,실버925,18000,2026-04-23,
1878,5월_반팔에 어울리는 악세사리,2026-05-22,2026-06-09,120,970917,N실버925 유화 박스 체인 목걸이,어썸,실버925,14000,2026-05-19,
1878,5월_반팔에 어울리는 악세사리,2026-05-22,2026-06-09,121,964994,B실버925 두줄 원형 사각 큐빅 팔찌,어썸,실버925,19000,2026-05-12,
1878,5월_반팔에 어울리는 악세사리,2026-05-22,2026-06-09,122,950496,B실버925 블랙오닉스 물고기 유화 행운 남여 커플 팔찌,어썸,실버925,13000,2026-04-21,
1878,5월_반팔에 어울리는 악세사리,2026-05-22,2026-06-09,123,959283,B실버925 웨이브 물결 볼볼볼 팔찌,어썸,실버925,27000,2026-05-04,
1878,5월_반팔에 어울리는 악세사리,2026-05-22,2026-06-09,124,967226,B실버925 천연 터키석 찌그리 팬던트 남여 커플 팔찌,어썸,실버925,24000,2026-05-14,
1878,5월_반팔에 어울리는 악세사리,2026-05-22,2026-06-09,125,956317,B실버925 컷팅 볼 육각 데일리 팔찌,어썸,실버925,23000,2026-04-28,
1878,5월_반팔에 어울리는 악세사리,2026-05-22,2026-06-09,126,970949,[N1620] 아크릴반지팬던트목걸이,엔유이,롱,5000,2026-05-19,
1878,5월_반팔에 어울리는 악세사리,2026-05-22,2026-06-09,127,970839,101793 모던 슬라이딩 체인 부드러운 곡선 목걸이,연서,펜던트(메탈/큐빅/스톤/진주),7000,2026-05-19,
1878,5월_반팔에 어울리는 악세사리,2026-05-22,2026-06-09,128,970826,101792 물방울 드롭 슬라이더 롱 와이형 목걸이,연서,펜던트(비즈/에폭/아크릴),7000,2026-05-19,
1878,5월_반팔에 어울리는 악세사리,2026-05-22,2026-06-09,129,964242,1M1831 시크 모던 슬림 청량 블루비즈 레이어드 비즈 목걸이,연서,펜던트(비즈/에폭/아크릴),9000,2026-05-11,
1878,5월_반팔에 어울리는 악세사리,2026-05-22,2026-06-09,130,962029,1M1830 보헤미안 감성 블루스톤 휴양지룩 유니크 원석 비즈 목걸이,연서,펜던트(메탈/큐빅/스톤/진주),10000,2026-05-07,
1878,5월_반팔에 어울리는 악세사리,2026-05-22,2026-06-09,131,963086,1M1832 멀티 컬러 레인보우 비즈 펄 포인트 목걸이,연서,펜던트(비즈/에폭/아크릴),12000,2026-05-08,
1878,5월_반팔에 어울리는 악세사리,2026-05-22,2026-06-09,132,966211,유니크 애플 레이어드 남녀팔찌,베베,펜던트/참,13000,2026-05-13,
1878,5월_반팔에 어울리는 악세사리,2026-05-22,2026-06-09,133,963541,플라워 하트 펜던트 비즈 목걸이,세컨룩,펜던트(비즈/에폭/아크릴),3000,2026-05-10,
1878,5월_반팔에 어울리는 악세사리,2026-05-22,2026-06-09,134,963329,진주 포인트 실버 비즈 플라워 목걸이,세컨룩,펜던트(메탈/큐빅/스톤/진주),3500,2026-05-09,
1878,5월_반팔에 어울리는 악세사리,2026-05-22,2026-06-09,135,951651,담수진주 실버톤 포인트 밴딩 팔찌 17.5cm 국산 핸드메이드 구색,샤방,펜던트/참,9000,2026-04-22,
1878,5월_반팔에 어울리는 악세사리,2026-05-22,2026-06-09,136,963331,플라워 펜던트 진주 실버 체인 목걸이,세컨룩,펜던트(메탈/큐빅/스톤/진주),4000,2026-05-09,
1878,5월_반팔에 어울리는 악세사리,2026-05-22,2026-06-09,137,962991,써지컬스틸 하트 링커 목걸이,수앤스틸,펜던트(실버/써지컬),4000,2026-05-08,
1878,5월_반팔에 어울리는 악세사리,2026-05-22,2026-06-09,138,962907,써지컬스틸 와일드로프 팔찌,수앤스틸,펜던트/참,4000,2026-05-08,
1878,5월_반팔에 어울리는 악세사리,2026-05-22,2026-06-09,139,954146,26SS) 작은 별 써지컬스틸 스타 사각 비즈 목걸이,브루클린,펜던트(실버/써지컬),6000,2026-04-24,
1878,5월_반팔에 어울리는 악세사리,2026-05-22,2026-06-09,140,951662,삼색 담수진주 스톤 포인트 밴딩 팔찌,샤방,펜던트/참,9000,2026-04-22,
1878,5월_반팔에 어울리는 악세사리,2026-05-22,2026-06-09,141,970821,써지컬스틸 기본 크롬십자가 목걸이,수앤스틸,펜던트(실버/써지컬),4500,2026-05-19,
1878,5월_반팔에 어울리는 악세사리,2026-05-22,2026-06-09,142,947608,모이사나이트 다이아몬드 줄란 팔찌 써지컬스틸,성하스틸,심플(논펜던트),45000,2026-04-17,
1878,5월_반팔에 어울리는 악세사리,2026-05-22,2026-06-09,143,963537,핑크 비즈 하트참 스마일 펜던트 목걸이,세컨룩,펜던트(비즈/에폭/아크릴),3000,2026-05-10,
1878,5월_반팔에 어울리는 악세사리,2026-05-22,2026-06-09,144,963381,목걸이 36cm 진주 자개 3 써지컬마감 여성 핸드메이드 구색,샤방,펜던트(메탈/큐빅/스톤/진주),10000,2026-05-09,
1878,5월_반팔에 어울리는 악세사리,2026-05-22,2026-06-09,145,963546,하트 펜던트 비즈 목걸이,세컨룩,펜던트(메탈/큐빅/스톤/진주),3000,2026-05-10,
1878,5월_반팔에 어울리는 악세사리,2026-05-22,2026-06-09,146,959888,퓨어뱅글팔찌 리본 참 장식 실버 뱅글 팔찌 여성 주얼리,애니원,뱅글,2000,2026-05-06,
1878,5월_반팔에 어울리는 악세사리,2026-05-22,2026-06-09,147,966267,슬림  레이어드 남녀공용 팔찌,베베,레이어드,9000,2026-05-13,
1878,5월_반팔에 어울리는 악세사리,2026-05-22,2026-06-09,148,959425,N실버925 달 물방울 큐빅 목걸이,어썸,실버925,17000,2026-05-04,
1878,5월_반팔에 어울리는 악세사리,2026-05-22,2026-06-09,149,962079,버튼 원석 비즈목걸이 (2컬러),소소공방,펜던트(비즈/에폭/아크릴),7500,2026-05-07,
1878,5월_반팔에 어울리는 악세사리,2026-05-22,2026-06-09,150,963332,블루 비즈 불가사리 레이어드 목걸이,세컨룩,펜던트(메탈/큐빅/스톤/진주),4000,2026-05-09,
1878,5월_반팔에 어울리는 악세사리,2026-05-22,2026-06-09,151,970758,1M1833 유니크 그라데이션 비즈 펄 와이어 초커,연서,펜던트(비즈/에폭/아크릴),9000,2026-05-19,
1878,5월_반팔에 어울리는 악세사리,2026-05-22,2026-06-09,152,969987,1M1834 파스텔 컬러 비즈 레이어드 목걸이,연서,펜던트(비즈/에폭/아크릴),9000,2026-05-19,
1878,5월_반팔에 어울리는 악세사리,2026-05-22,2026-06-09,153,969786,큐빅 인피니티 써지컬스틸 목걸이,스틸다이아,펜던트(실버/써지컬),6000,2026-05-19,
1878,5월_반팔에 어울리는 악세사리,2026-05-22,2026-06-09,154,969470,스윗 클로버 목걸이 써지컬스틸,스틸다이아,펜던트(실버/써지컬),3500,2026-05-18,
1878,5월_반팔에 어울리는 악세사리,2026-05-22,2026-06-09,155,967384,1M1835 비비드 컬러 비즈와 담수 진주 포인트 네크리스,연서,펜던트(비즈/에폭/아크릴),9000,2026-05-14,
1878,5월_반팔에 어울리는 악세사리,2026-05-22,2026-06-09,156,965143,1M1837 여름 데일리 파스텔 휴양지룩 무지개 컬러 비즈 목걸이,연서,펜던트(비즈/에폭/아크릴),9000,2026-05-12,
1878,5월_반팔에 어울리는 악세사리,2026-05-22,2026-06-09,157,965096,1M1838 썸버 바다컬러 휴양지룩 블루 비즈 목걸이,연서,펜던트(비즈/에폭/아크릴),9000,2026-05-12,
1878,5월_반팔에 어울리는 악세사리,2026-05-22,2026-06-09,158,965066,1M1839 유니크 키치 컬러포인트 레드 블루 비즈 목걸이,연서,펜던트(비즈/에폭/아크릴),9000,2026-05-12,
1878,5월_반팔에 어울리는 악세사리,2026-05-22,2026-06-09,159,961652,1M1840 청량블루 빈티지올리브 썸머오렌지 레이어드 비즈목걸이,연서,펜던트(비즈/에폭/아크릴),9000,2026-05-07,
1878,5월_반팔에 어울리는 악세사리,2026-05-22,2026-06-09,160,947682,2C0394 유니크한 트위스트 웨이브 라인 큐빅 뱅글 오픈 팔찌,연서,심플(논펜던트),10000,2026-04-17,
1878,5월_반팔에 어울리는 악세사리,2026-05-22,2026-06-09,161,947637,2C0395 교차하는 곡선라인 유니크한 열리는 큐빅 뱅글 팔찌,연서,심플(논펜던트),10000,2026-04-17,
1878,5월_반팔에 어울리는 악세사리,2026-05-22,2026-06-09,162,969770,토글 뱀줄 써지컬스틸 목걸이,스틸다이아,펜던트(실버/써지컬),4500,2026-05-19,
1878,5월_반팔에 어울리는 악세사리,2026-05-22,2026-06-09,163,965451,골드바 각인 써지컬스틸 목걸이,스틸다이아,펜던트(실버/써지컬),5000,2026-05-13,
1878,5월_반팔에 어울리는 악세사리,2026-05-22,2026-06-09,164,965456,포커스 각인 써지컬스틸 목걸이,스틸다이아,펜던트(실버/써지컬),3500,2026-05-13,
1878,5월_반팔에 어울리는 악세사리,2026-05-22,2026-06-09,165,963550,써지컬 블랙조약돌원석 팔찌 목걸이,스틸오,펜던트(실버/써지컬),3000,2026-05-10,
1878,5월_반팔에 어울리는 악세사리,2026-05-22,2026-06-09,166,969462,사랑 행성 써지컬스틸 하트 목걸이,스틸다이아,펜던트(실버/써지컬),3500,2026-05-18,
1878,5월_반팔에 어울리는 악세사리,2026-05-22,2026-06-09,167,955907,2M0903 컬러 포인트 매듭 조절 팔찌,연서,비즈,4000,2026-04-27,
1878,5월_반팔에 어울리는 악세사리,2026-05-22,2026-06-09,168,948405,써지컬 직사각체인 목걸이,스틸오,펜던트(실버/써지컬),4500,2026-04-19,
1878,5월_반팔에 어울리는 악세사리,2026-05-22,2026-06-09,169,963552,써지컬 드래곤십자 목걸이,스틸오,펜던트(실버/써지컬),6000,2026-05-10,
1878,5월_반팔에 어울리는 악세사리,2026-05-22,2026-06-09,170,955964,2M0904 섬세한 커팅 비즈와 조절 가능한 유니크 매듭 브레이슬릿,연서,비즈,4500,2026-04-27,
1878,5월_반팔에 어울리는 악세사리,2026-05-22,2026-06-09,171,963553,써지컬 스파이더 목걸이,스틸오,펜던트(실버/써지컬),5500,2026-05-10,
1878,5월_반팔에 어울리는 악세사리,2026-05-22,2026-06-09,172,964391,Silver925 원석 엮음 조개펜던트 데일리 실버체인팔찌,실버 아우룸,실버925,28000,2026-05-11,
1878,5월_반팔에 어울리는 악세사리,2026-05-22,2026-06-09,173,964903,Silver925 원석 엮음 불가사리 펜던트 데일리 실버목걸이,실버 아우룸,실버925,40000,2026-05-12,
1878,5월_반팔에 어울리는 악세사리,2026-05-22,2026-06-09,174,964331,2M0911 청순무드 블루비즈 진주 레이어드 팔찌,연서,비즈,5000,2026-05-11,
1878,5월_반팔에 어울리는 악세사리,2026-05-22,2026-06-09,175,960519,Silver925 2mm 3mm 실버볼 엮음 데일리 실버밴딩팔찌,실버 아우룸,실버925,33000,2026-05-06,
1878,5월_반팔에 어울리는 악세사리,2026-05-22,2026-06-09,176,967385,2M0915 세련된 실루엣의 멀티 컬러 담수 진주 레이어링 팔찌,연서,비즈,5000,2026-05-14,
1878,5월_반팔에 어울리는 악세사리,2026-05-22,2026-06-09,177,957502,실버체인팔찌,실버스탈라,실버925,10000,2026-04-29,
1878,5월_반팔에 어울리는 악세사리,2026-05-22,2026-06-09,178,969395,멀티스톤 비드 목걸이,써니트리,실버925,30000,2026-05-18,
1878,5월_반팔에 어울리는 악세사리,2026-05-22,2026-06-09,179,969397,천연 자수정 3.5mm 목걸이,써니트리,실버925,25000,2026-05-18,
1878,5월_반팔에 어울리는 악세사리,2026-05-22,2026-06-09,180,956745,성모마리아 팬던트,쓰리에스,펜던트(실버/써지컬),42000,2026-04-28,
1878,5월_반팔에 어울리는 악세사리,2026-05-22,2026-06-09,181,956751,코끼리 팬던트,쓰리에스,펜던트(실버/써지컬),29000,2026-04-28,
1878,5월_반팔에 어울리는 악세사리,2026-05-22,2026-06-09,182,968278,8mm그린오닉스 밴딩팔찌(성모마리아),쓰리에스,실버925,31000,2026-05-15,
1878,5월_반팔에 어울리는 악세사리,2026-05-22,2026-06-09,183,968031,8mm아쿠아마린 밴딩팔찌(나비십자가),쓰리에스,실버925,20000,2026-05-15,
1878,5월_반팔에 어울리는 악세사리,2026-05-22,2026-06-09,184,964402,2M0916 여리여리 파스텔 레인보우 담수진주 팔찌,연서,비즈,5000,2026-05-11,
1878,5월_반팔에 어울리는 악세사리,2026-05-22,2026-06-09,185,964414,2M0917 보헤미안 빈티지무드 천연 라피스 원석 데일리 비즈 팔찌,연서,비즈,5000,2026-05-11,
1878,5월_반팔에 어울리는 악세사리,2026-05-22,2026-06-09,186,965279,Silver925실버)F70n,씨스타,실버925,22000,2026-05-13,
1878,5월_반팔에 어울리는 악세사리,2026-05-22,2026-06-09,187,959973,2M0921 모노 비즈 슬림 체인 레이어드 팔찌,연서,비즈,3500,2026-05-06,
1878,5월_반팔에 어울리는 악세사리,2026-05-22,2026-06-09,188,954507,2M0924 세련된 스트라이프 패턴 오픈형 커프,연서,뱅글,10000,2026-04-24,
1878,5월_반팔에 어울리는 악세사리,2026-05-22,2026-06-09,189,960547,스왈 오스트리아 크리스탈 빅 코팅 플라워 드롭 목걸이,온세계,펜던트(메탈/큐빅/스톤/진주),3500,2026-05-06,
1878,5월_반팔에 어울리는 악세사리,2026-05-22,2026-06-09,190,965498,[레이디]0513-11,레이디,비즈,7000,2026-05-13,
1878,5월_반팔에 어울리는 악세사리,2026-05-22,2026-06-09,191,965495,[레이디]0513-8,레이디,비즈,1500,2026-05-13,
1878,5월_반팔에 어울리는 악세사리,2026-05-22,2026-06-09,192,965319,Silver925실버)G504n,씨스타,실버925,26000,2026-05-13,
1878,5월_반팔에 어울리는 악세사리,2026-05-22,2026-06-09,193,969340,Silver925실버)G512n,씨스타,실버925,19000,2026-05-18,
1878,5월_반팔에 어울리는 악세사리,2026-05-22,2026-06-09,194,967645,"[G4R4800], [G4B4800] 14K 골드볼 파스텔 컬러 천연석 프리사이즈 Set",베델주얼리,실버925,10000,2026-05-15,
1878,5월_반팔에 어울리는 악세사리,2026-05-22,2026-06-09,195,969350,Silver925실버)g514n,씨스타,실버925,39000,2026-05-18,
1878,5월_반팔에 어울리는 악세사리,2026-05-22,2026-06-09,196,947423,[SN6405] 실버 925 라운드 앤 큐빅 클로버 목걸이,베델주얼리,실버925,26000,2026-04-17,
1878,5월_반팔에 어울리는 악세사리,2026-05-22,2026-06-09,197,965233,2가지 스타일  양면  레이어드 크롬st 남녀 목걸이,베베,펜던트(실버/써지컬),9500,2026-05-12,
1878,5월_반팔에 어울리는 악세사리,2026-05-22,2026-06-09,198,968946,담수진주 컬러 비즈  목걸이,베베,펜던트(비즈/에폭/아크릴),9000,2026-05-17,
1878,5월_반팔에 어울리는 악세사리,2026-05-22,2026-06-09,199,962493,Y자형 레이어드 드롭 목벌이,베베,펜던트(실버/써지컬),10000,2026-05-08,
1878,5월_반팔에 어울리는 악세사리,2026-05-22,2026-06-09,200,957496,[SB6401] 실버 925 실버 볼 커넥트 팔찌,베델주얼리,실버925,42000,2026-04-29,
1878,5월_반팔에 어울리는 악세사리,2026-05-22,2026-06-09,201,950837,[SN6411] 실버 925 퓨어 다이아몬드 형태 큐빅 목걸이,베델주얼리,실버925,14000,2026-04-21,
1878,5월_반팔에 어울리는 악세사리,2026-05-22,2026-06-09,202,966379,N-1172 여름 시리즈 써지컬목걸이,릴리브,펜던트(실버/써지컬),4500,2026-05-13,
1878,5월_반팔에 어울리는 악세사리,2026-05-22,2026-06-09,203,964675,실버925 세줄 볼뱀줄 레이어드팔찌 B051,르메이,레이어드,28000,2026-05-12,
1878,5월_반팔에 어울리는 악세사리,2026-05-22,2026-06-09,204,967565,유리진주 목걸이 2미리 N234,르메이,실버925,17000,2026-05-15,
1878,5월_반팔에 어울리는 악세사리,2026-05-22,2026-06-09,205,950835,실버 925 드롭 스틱 앤 체인 목걸이 시리즈,베델주얼리,실버925,15000,2026-04-21,
1878,5월_반팔에 어울리는 악세사리,2026-05-22,2026-06-09,206,967561,샤이닝 무광 볼 목걸이 N240,르메이,실버925,24000,2026-05-15,
1878,5월_반팔에 어울리는 악세사리,2026-05-22,2026-06-09,207,964949,#B101 써지컬스틸팔찌-팬던트선택,루멧 LUMET,심플(논펜던트),4500,2026-05-12,
1878,5월_반팔에 어울리는 악세사리,2026-05-22,2026-06-09,208,964676,실버925 80센치 롱 실버볼 목걸이 N239,르메이,실버925,39000,2026-05-12,
1878,5월_반팔에 어울리는 악세사리,2026-05-22,2026-06-09,209,947726,진주팔찌,메이듀,비즈,20000,2026-04-17,
1878,5월_반팔에 어울리는 악세사리,2026-05-22,2026-06-09,210,961313,플로랄넥,메이듀,초커,25000,2026-05-07,
1878,5월_반팔에 어울리는 악세사리,2026-05-22,2026-06-09,211,955176,Silver925실버)m55b,씨스타,실버925,35000,2026-04-27,
1878,5월_반팔에 어울리는 악세사리,2026-05-22,2026-06-09,212,951500,Silver925실버)z29b,씨스타,실버925,48000,2026-04-22,
1878,5월_반팔에 어울리는 악세사리,2026-05-22,2026-06-09,213,969790,더블스퀘어목걸이 실버 레이어드 두줄 체인 목걸이 초커 네크리스 길이조절가능,애니원,펜던트(메탈/큐빅/스톤/진주),6000,2026-05-19,
1878,5월_반팔에 어울리는 악세사리,2026-05-22,2026-06-09,214,967259,B66 자개 하트볼 써지컬스틸 팔찌(거래처사진 펌X),제이유 스틸(JU STEEL),펜던트/참,5000,2026-05-14,
1878,5월_반팔에 어울리는 악세사리,2026-05-22,2026-06-09,215,962296,B71 2사이즈 큐빅 테니스 써지컬스틸 팔찌(거래처사진 펌X),제이유 스틸(JU STEEL),심플(논펜던트),6000,2026-05-08,
1878,5월_반팔에 어울리는 악세사리,2026-05-22,2026-06-09,216,965020,B72 타원라운드 큐빅 테니스 써지컬스틸 팔찌,제이유 스틸(JU STEEL),심플(논펜던트),6000,2026-05-12,
1878,5월_반팔에 어울리는 악세사리,2026-05-22,2026-06-09,217,966092,B74 납작스퀘어 큐빅 테니스 팔찌,제이유 스틸(JU STEEL),심플(논펜던트),7000,2026-05-13,
1878,5월_반팔에 어울리는 악세사리,2026-05-22,2026-06-09,218,959308,HB18 탄생석 써지컬스틸 팔찌(거래처사진 펌X),제이유 스틸(JU STEEL),펜던트/참,2500,2026-05-04,
1878,5월_반팔에 어울리는 악세사리,2026-05-22,2026-06-09,219,954410,HB20 베니치아 글라스 써지컬스틸 팔찌,제이유 스틸(JU STEEL),비즈,4000,2026-04-24,
1878,5월_반팔에 어울리는 악세사리,2026-05-22,2026-06-09,220,956044,단추 로프 써지컬스틸 목걸이 2type,젠젠,펜던트(실버/써지컬),5000,2026-04-27,
1878,5월_반팔에 어울리는 악세사리,2026-05-22,2026-06-09,221,948323,무드스톤 써지컬스틸 목걸이 2color,젠젠,펜던트(실버/써지컬),5000,2026-04-19,
1878,5월_반팔에 어울리는 악세사리,2026-05-22,2026-06-09,222,962164,여름여름해 조개 불가사리 팔찌 _ 조가비 구슬 팔찌,샤빌,펜던트/참,1200,2026-05-08,
1878,5월_반팔에 어울리는 악세사리,2026-05-22,2026-06-09,223,963573,시크 큐빅 써지컬스틸 비즈 초커 목걸이 3type,젠젠,초커,5000,2026-05-10,
1878,5월_반팔에 어울리는 악세사리,2026-05-22,2026-06-09,224,948330,웨스턴 빅 부츠 써지컬스틸 목걸이,젠젠,펜던트(실버/써지컬),4000,2026-04-19,
1878,5월_반팔에 어울리는 악세사리,2026-05-22,2026-06-09,225,956046,단추 오티 써지컬스틸 팔찌 2type,젠젠,펜던트/참,4000,2026-04-27,
1878,5월_반팔에 어울리는 악세사리,2026-05-22,2026-06-09,226,969086,하와 바다 써지컬스틸 목걸이 2type,젠젠,펜던트(비즈/에폭/아크릴),4500,2026-05-17,
1878,5월_반팔에 어울리는 악세사리,2026-05-22,2026-06-09,227,959054,루프 써지컬스틸 팔찌,젠젠,펜던트/참,3500,2026-05-03,
1878,5월_반팔에 어울리는 악세사리,2026-05-22,2026-06-09,228,959056,리본 써지컬스틸 팔찌,젠젠,펜던트/참,3500,2026-05-03,
1878,5월_반팔에 어울리는 악세사리,2026-05-22,2026-06-09,229,970911,N실버925 토끼 큐빅 목걸이,어썸,실버925,15000,2026-05-19,
1878,5월_반팔에 어울리는 악세사리,2026-05-22,2026-06-09,230,956353,B실버925 납작 꼬임 실버 유화 팔찌,어썸,실버925,22000,2026-04-28,
1878,5월_반팔에 어울리는 악세사리,2026-05-22,2026-06-09,231,959401,B실버925 긴 타원형 투 오링 O T 팔찌,어썸,실버925,47000,2026-05-04,
1878,5월_반팔에 어울리는 악세사리,2026-05-22,2026-06-09,232,970936,B실버925 장미 팬던트 체인 팔찌,어썸,실버925,18000,2026-05-19,
1878,5월_반팔에 어울리는 악세사리,2026-05-22,2026-06-09,233,963578,사슬 써지컬스틸 팔찌,젠젠,펜던트/참,5000,2026-05-10,
1878,5월_반팔에 어울리는 악세사리,2026-05-22,2026-06-09,234,969084,블링 포인트 써지컬스틸 팔찌,젠젠,펜던트/참,4500,2026-05-17,
1878,5월_반팔에 어울리는 악세사리,2026-05-22,2026-06-09,235,965158,N실버925 통통 마른모 사각 큐빅 목걸이,어썸,실버925,21000,2026-05-12,
1878,5월_반팔에 어울리는 악세사리,2026-05-22,2026-06-09,236,959910,B실버925 오닉스 헤머링 도트 큐브 팬던트 남여 커플 팔찌,어썸,실버925,17000,2026-05-06,
1878,5월_반팔에 어울리는 악세사리,2026-05-22,2026-06-09,237,970926,B실버925 원형 큐빅 기본체인 팔찌,어썸,실버925,14000,2026-05-19,
1878,5월_반팔에 어울리는 악세사리,2026-05-22,2026-06-09,238,959334,B실버925 사각 박스 체인 팔찌,어썸,실버925,40000,2026-05-04,
1878,5월_반팔에 어울리는 악세사리,2026-05-22,2026-06-09,239,969083,진주 포인트 써지컬스틸 팔찌,젠젠,펜던트/참,5000,2026-05-17,
1878,5월_반팔에 어울리는 악세사리,2026-05-22,2026-06-09,240,963574,히피 라운드 써지컬스틸 팔찌,젠젠,펜던트/참,5000,2026-05-10,
1878,5월_반팔에 어울리는 악세사리,2026-05-22,2026-06-09,241,959182,실버925 10mm 실버볼 60cm 목걸이 N241195636,졸리,실버925,28000,2026-05-04,
1878,5월_반팔에 어울리는 악세사리,2026-05-22,2026-06-09,242,965067,실버925 두 줄 밸줄 볼 체인 팔찌,어썸,실버925,17000,2026-05-12,
1878,5월_반팔에 어울리는 악세사리,2026-05-22,2026-06-09,243,948718,스텐 원석 목걸이 비즈1,에피,펜던트(실버/써지컬),7000,2026-04-20,
1878,5월_반팔에 어울리는 악세사리,2026-05-22,2026-06-09,244,962136,[N1607] 원석구슬조절목걸이,엔유이,롱,4500,2026-05-07,
1878,5월_반팔에 어울리는 악세사리,2026-05-22,2026-06-09,245,966473,실버925 6-8-10mm 진주 목걸이 N230768289,졸리,실버925,16000,2026-05-14,
1878,5월_반팔에 어울리는 악세사리,2026-05-22,2026-06-09,246,951534,실버925 가넷 원석 핸드메이드 목걸이 N260478180,졸리,실버925,30000,2026-04-22,
1878,5월_반팔에 어울리는 악세사리,2026-05-22,2026-06-09,247,959820,실버925 그린큐빅 담수진주 플라워 목걸이 N260533742,졸리,실버925,16000,2026-05-06,
1878,5월_반팔에 어울리는 악세사리,2026-05-22,2026-06-09,248,959199,실버925 담수진주 오닉스 핸드메이드 목걸이 N260527808,졸리,실버925,18000,2026-05-04,
1878,5월_반팔에 어울리는 악세사리,2026-05-22,2026-06-09,249,966340,실버925 담수진주 핸드메이드 목걸이 N220785075,졸리,실버925,18000,2026-05-13,
1878,5월_반팔에 어울리는 악세사리,2026-05-22,2026-06-09,250,966475,실버925 담수진주 체인 목걸이 N230435396,졸리,실버925,28000,2026-05-14,
1878,5월_반팔에 어울리는 악세사리,2026-05-22,2026-06-09,251,969304,실버925 더블 하트 큐빅 목걸이 N230734413,졸리,실버925,18000,2026-05-18,
1878,5월_반팔에 어울리는 악세사리,2026-05-22,2026-06-09,252,959439,실버925 레드-블랙 스피넬 큐빅 목걸이 N260558078,졸리,실버925,14000,2026-05-04,
1878,5월_반팔에 어울리는 악세사리,2026-05-22,2026-06-09,253,959810,실버925 도자기 큐빅 핸드메이드 목걸이 N260562222,졸리,실버925,15000,2026-05-06,
1878,5월_반팔에 어울리는 악세사리,2026-05-22,2026-06-09,254,949977,실버925 두줄 체인 실버볼 목걸이 N260456476,졸리,실버925,31000,2026-04-20,
1878,5월_반팔에 어울리는 악세사리,2026-05-22,2026-06-09,255,952423,실버925 러프 빅체인 목걸이 N260485227,졸리,실버925,32000,2026-04-22,
1878,5월_반팔에 어울리는 악세사리,2026-05-22,2026-06-09,256,950284,실버925 무광 서클 체인 목걸이 N260466252,졸리,실버925,23000,2026-04-21,
1878,5월_반팔에 어울리는 악세사리,2026-05-22,2026-06-09,257,951527,실버925 무광 실버볼 큐빅 목걸이 N260481314,졸리,실버925,18000,2026-04-22,
1878,5월_반팔에 어울리는 악세사리,2026-05-22,2026-06-09,258,964627,실버925 빅 물방울 40-70cm 목걸이 N260534774,졸리,실버925,36000,2026-05-12,
1878,5월_반팔에 어울리는 악세사리,2026-05-22,2026-06-09,259,952432,실버925 빅 포도송이 40-70cm 목걸이 N260427493,졸리,실버925,34000,2026-04-22,
1878,5월_반팔에 어울리는 악세사리,2026-05-22,2026-06-09,260,967522,실버925 스마일 서클 40-70cm 목걸이 N260535907,졸리,실버925,27000,2026-05-15,
1878,5월_반팔에 어울리는 악세사리,2026-05-22,2026-06-09,261,952421,실버925 스몰 포도송이 40-70cm 목걸이 N260415278,졸리,실버925,38000,2026-04-22,
1878,5월_반팔에 어울리는 악세사리,2026-05-22,2026-06-09,262,969301,실버925 서클 큐빅 박스 체인 목걸이 N260577418,졸리,실버925,23000,2026-05-18,
1878,5월_반팔에 어울리는 악세사리,2026-05-22,2026-06-09,263,969300,실버925 스몰-빅 스마일 체인 목걸이 N260520417,졸리,실버925,29000,2026-05-18,
1878,5월_반팔에 어울리는 악세사리,2026-05-22,2026-06-09,264,959181,실버925 스왈로브스키 큐빅 목걸이 N250220488,졸리,실버925,24000,2026-05-04,
1878,5월_반팔에 어울리는 악세사리,2026-05-22,2026-06-09,265,969303,실버925 스퀘어 하트 큐빅 목걸이 N260506737,졸리,실버925,24000,2026-05-18,
1878,5월_반팔에 어울리는 악세사리,2026-05-22,2026-06-09,266,950286,실버925 실버볼 트위스트 뱀줄 목걸이 N260455372,졸리,실버925,24000,2026-04-21,
1878,5월_반팔에 어울리는 악세사리,2026-05-22,2026-06-09,267,969306,실버925 원석 트레이 체인 목걸이 N260579535,졸리,실버925,49000,2026-05-18,
1878,5월_반팔에 어울리는 악세사리,2026-05-22,2026-06-09,268,959198,실버925 커팅줄 담수진주 목걸이 N221206390,졸리,실버925,12000,2026-05-04,
1878,5월_반팔에 어울리는 악세사리,2026-05-22,2026-06-09,269,951529,실버925 큐빅 실버볼 목걸이 N240759216,졸리,실버925,32000,2026-04-22,
1878,5월_반팔에 어울리는 악세사리,2026-05-22,2026-06-09,270,958371,실버925 클래식 큐빅 목걸이 N230275920,졸리,실버925,27000,2026-04-30,
1878,5월_반팔에 어울리는 악세사리,2026-05-22,2026-06-09,271,958611,실버925 클로버 50-70cm 목걸이 N260514994,졸리,실버925,34000,2026-05-01,
1878,5월_반팔에 어울리는 악세사리,2026-05-22,2026-06-09,272,949978,실버925 클래식 블랙 오닉스 50cm 목걸이 N230948045,졸리,실버925,18000,2026-04-20,
1878,5월_반팔에 어울리는 악세사리,2026-05-22,2026-06-09,273,951538,실버925 크리스탈 원석 믹스 핸드메이드 목걸이 N260409345,졸리,실버925,22000,2026-04-22,
1878,5월_반팔에 어울리는 악세사리,2026-05-22,2026-06-09,274,969549,실버925 하트 빅체인 40-70cm 목걸이 N260550932,졸리,실버925,39000,2026-05-18,
1878,5월_반팔에 어울리는 악세사리,2026-05-22,2026-06-09,275,964608,실버925 하트 슬라이드 뱀줄 목걸이 N260549294,졸리,실버925,31000,2026-05-12,
1878,5월_반팔에 어울리는 악세사리,2026-05-22,2026-06-09,276,949748,실버925 하트자물쇠 리본 목걸이 N240525058,졸리,실버925,33000,2026-04-20,
1878,5월_반팔에 어울리는 악세사리,2026-05-22,2026-06-09,277,960671,실버925 2.5-4mm 와이드 뱀줄 팔찌 B260479805,졸리,실버925,19000,2026-05-07,
1878,5월_반팔에 어울리는 악세사리,2026-05-22,2026-06-09,278,950275,실버925 2mm 뱀줄 심플 팔찌 B260413025,졸리,실버925,28000,2026-04-21,
1878,5월_반팔에 어울리는 악세사리,2026-05-22,2026-06-09,279,959821,실버925 그린큐빅 담수진주 플라워 팔찌 B260581178,졸리,실버925,12000,2026-05-06,
1878,5월_반팔에 어울리는 악세사리,2026-05-22,2026-06-09,280,966353,실버925 2-4mm 다이아몬드 커팅 실버볼 팔찌 B260520816,졸리,실버925,17000,2026-05-13,
1878,5월_반팔에 어울리는 악세사리,2026-05-22,2026-06-09,281,966478,베르팔찌 비즈 팔찌 캣아이 원석 팔찌 참장식 팔찌 여성 팔찌,애니원,비즈,2000,2026-05-14,
1878,5월_반팔에 어울리는 악세사리,2026-05-22,2026-06-09,282,969793,피아목걸이 비즈목걸이 레이어드목걸이 나비펜던트 컬러비즈 초커목걸이 롱목걸이 여성목걸이,애니원,펜던트(비즈/에폭/아크릴),4000,2026-05-19,
1878,5월_반팔에 어울리는 악세사리,2026-05-22,2026-06-09,283,951532,실버925 가넷 원석 핸드메이드 팔찌 B260496213,졸리,실버925,16000,2026-04-22,
1878,5월_반팔에 어울리는 악세사리,2026-05-22,2026-06-09,284,959882,신상 스타레이어드팔찌 실버 체인 레이어드 팔찌 별 큐빅 참 볼체인 길이조절 체인팔찌,애니원,레이어드,3000,2026-05-06,
1878,5월_반팔에 어울리는 악세사리,2026-05-22,2026-06-09,285,959880,투벨레이어드팔찌 실버 레이어드 체인 팔찌 볼 펜던트 심플 팔찌 여성 팔찌,애니원,레이어드,3000,2026-05-06,
1878,5월_반팔에 어울리는 악세사리,2026-05-22,2026-06-09,286,966348,실버925 스왈로브스키 큐빅 팔찌 B260512454,졸리,실버925,16000,2026-05-13,
1878,5월_반팔에 어울리는 악세사리,2026-05-22,2026-06-09,287,960670,실버925 실버볼 슬라이드 팔찌 B231081571,졸리,실버925,17000,2026-05-07,
1878,5월_반팔에 어울리는 악세사리,2026-05-22,2026-06-09,288,959814,실버925 심플 체인 팔찌 B260544912,졸리,실버925,13000,2026-05-06,
1878,5월_반팔에 어울리는 악세사리,2026-05-22,2026-06-09,289,959204,실버925 아쿠아마린 자개 핸드메이드 팔찌 B260541113,졸리,실버925,10000,2026-05-04,
1878,5월_반팔에 어울리는 악세사리,2026-05-22,2026-06-09,290,959192,실버925 와이드 체인 팔찌 B260452336,졸리,실버925,21000,2026-05-04,
1878,5월_반팔에 어울리는 악세사리,2026-05-22,2026-06-09,291,950276,실버925 커팅 담수진주 팔찌 B220644836,졸리,실버925,10000,2026-04-21,
1878,5월_반팔에 어울리는 악세사리,2026-05-22,2026-06-09,292,950277,실버925 클래식 하트 체인 팔찌 B230240887,졸리,실버925,36000,2026-04-21,
1878,5월_반팔에 어울리는 악세사리,2026-05-22,2026-06-09,293,950278,실버925 하트 오로라 체인 실버볼 팔찌 B221220258,졸리,실버925,24000,2026-04-21,
1878,5월_반팔에 어울리는 악세사리,2026-05-22,2026-06-09,294,950281,실버925 핸드메이드 원석 팔찌 B260470520,졸리,실버925,13000,2026-04-21,
1878,5월_반팔에 어울리는 악세사리,2026-05-22,2026-06-09,295,970788,12진주40목걸이,카라(kara),펜던트(메탈/큐빅/스톤/진주),5000,2026-05-19,
1878,5월_반팔에 어울리는 악세사리,2026-05-22,2026-06-09,296,970795,마리아3 set목걸이,카라(kara),펜던트(비즈/에폭/아크릴),12000,2026-05-19,
1878,5월_반팔에 어울리는 악세사리,2026-05-22,2026-06-09,297,967375,6진주링고리목걸이,카라(kara),펜던트(메탈/큐빅/스톤/진주),4000,2026-05-14,
1878,5월_반팔에 어울리는 악세사리,2026-05-22,2026-06-09,298,969100,도넛스타 써지컬스틸 목걸이 2color,클로버,펜던트(실버/써지컬),5000,2026-05-17,
1878,5월_반팔에 어울리는 악세사리,2026-05-22,2026-06-09,299,959040,무광 심플 별 써지컬스틸 목걸이,클로버,펜던트(실버/써지컬),4000,2026-05-03,
1878,5월_반팔에 어울리는 악세사리,2026-05-22,2026-06-09,300,969098,드롭나비 써지컬스틸 목걸이,클로버,펜던트(실버/써지컬),6000,2026-05-17,
1878,5월_반팔에 어울리는 악세사리,2026-05-22,2026-06-09,301,948334,블링 십자가 써지컬스틸 목걸이,클로버,펜던트(실버/써지컬),5500,2026-04-19,
1878,5월_반팔에 어울리는 악세사리,2026-05-22,2026-06-09,302,948340,스타돌핀 써지컬스틸 목걸이,클로버,펜던트(실버/써지컬),5000,2026-04-19,
1878,5월_반팔에 어울리는 악세사리,2026-05-22,2026-06-09,303,959037,반투명 사각 비즈 초커 목걸이 2color,클로버,초커,4500,2026-05-03,
1878,5월_반팔에 어울리는 악세사리,2026-05-22,2026-06-09,304,948338,따개큐빅 써지컬스틸 목걸이 2type,클로버,펜던트(실버/써지컬),5000,2026-04-19,
1878,5월_반팔에 어울리는 악세사리,2026-05-22,2026-06-09,305,950964,"썸머 비즈 불가사리 목걸이,레이어드 비즈 목걸이 세트",티제이,펜던트(비즈/에폭/아크릴),2000,2026-04-21,
1878,5월_반팔에 어울리는 악세사리,2026-05-22,2026-06-09,306,950999,"썸머 비즈 거북이 목걸이 세트,레이어드 거북이 세트",티제이,펜던트(비즈/에폭/아크릴),3000,2026-04-21,
1878,5월_반팔에 어울리는 악세사리,2026-05-22,2026-06-09,307,969104,클로버꽃 써지컬스틸 목걸이,클로버,롱,6500,2026-05-17,
1878,5월_반팔에 어울리는 악세사리,2026-05-22,2026-06-09,308,969102,클로버꽃 써지컬스틸 팔찌,클로버,심플(논펜던트),4500,2026-05-17,
1878,5월_반팔에 어울리는 악세사리,2026-05-22,2026-06-09,309,965139,실버925 7mm클로버 자개 오닉스 펜던트 목걸이,파피용,실버925,16000,2026-05-12,
1878,5월_반팔에 어울리는 악세사리,2026-05-22,2026-06-09,310,967096,실버925 4mm 원석 목걸이,파피용,실버925,14000,2026-05-14,
1878,5월_반팔에 어울리는 악세사리,2026-05-22,2026-06-09,311,944366,스왈 오스트리아 크리스탈 컬러 로프 목걸이,온세계,펜던트(메탈/큐빅/스톤/진주),5500,2026-04-15,
1878,5월_반팔에 어울리는 악세사리,2026-05-22,2026-06-09,312,951566,리본 큐빅  프린세스 러블리포인트 체인 목걸이,핑크펄,펜던트(메탈/큐빅/스톤/진주),11000,2026-04-22,
1878,5월_반팔에 어울리는 악세사리,2026-05-22,2026-06-09,313,949411,글라스써지컬목걸이,와우,초커,1500,2026-04-20,
1878,5월_반팔에 어울리는 악세사리,2026-05-22,2026-06-09,314,949408,글라스써지컬목걸이,와우,초커,1500,2026-04-20,
1878,5월_반팔에 어울리는 악세사리,2026-05-22,2026-06-09,315,952960,실버925 사각라인목걸이,파피용,실버925,21000,2026-04-23,
1878,5월_반팔에 어울리는 악세사리,2026-05-22,2026-06-09,316,955528,올써지컬 데이지꽃 스마일 하트 크리스탈 블랙 비즈 레이어드 팔찌,홀릭,펜던트/참,3000,2026-04-27,
1878,5월_반팔에 어울리는 악세사리,2026-05-22,2026-06-09,317,963146,2M0912 썸머 휴양지룩 여름감성 레인보우 레이어드 팔찌,연서,비즈,6000,2026-05-08,
1878,5월_반팔에 어울리는 악세사리,2026-05-22,2026-06-09,318,949406,글라스써지컬목걸이,와우,초커,1500,2026-04-20,
1878,5월_반팔에 어울리는 악세사리,2026-05-22,2026-06-09,319,949554,써지컬 장식목걸이,와우,초커,8000,2026-04-20,
1878,5월_반팔에 어울리는 악세사리,2026-05-22,2026-06-09,320,964851,2M0919 키치 컬러배색 힙한 골드포인트 레이어드 비즈 팔찌,연서,비즈,5000,2026-05-12,
1878,5월_반팔에 어울리는 악세사리,2026-05-22,2026-06-09,321,964708,2M0918 감성무드 레이어드 그라데이션 컬러 자수정 비즈 팔찌,연서,비즈,5000,2026-05-12,
1878,5월_반팔에 어울리는 악세사리,2026-05-22,2026-06-09,322,949548,써지컬 장식목걸이,와우,초커,8000,2026-04-20,
1878,5월_반팔에 어울리는 악세사리,2026-05-22,2026-06-09,323,963873,2M0920 몽환무드 라벤더 별포인트 비즈팔찌,연서,비즈,9000,2026-05-11,
1878,5월_반팔에 어울리는 악세사리,2026-05-22,2026-06-09,324,949546,써지컬 장식목걸이,와우,초커,8000,2026-04-20,
1878,5월_반팔에 어울리는 악세사리,2026-05-22,2026-06-09,325,949536,써지컬 장식목걸이,와우,펜던트(실버/써지컬),6000,2026-04-20,
1878,5월_반팔에 어울리는 악세사리,2026-05-22,2026-06-09,326,949552,써지컬장식 목걸이,와우,초커,8000,2026-04-20,
1878,5월_반팔에 어울리는 악세사리,2026-05-22,2026-06-09,327,955909,B51 물고기 큐빅 써지컬스틸 팔찌(거래처사진 펌X),제이유 스틸(JU STEEL),펜던트/참,4000,2026-04-27,
1878,5월_반팔에 어울리는 악세사리,2026-05-22,2026-06-09,328,949534,써지컬 장식목걸이,와우,펜던트(실버/써지컬),6000,2026-04-20,
1878,5월_반팔에 어울리는 악세사리,2026-05-22,2026-06-09,329,949466,원석 써지컬장식 목걸이,와우,펜던트(실버/써지컬),6000,2026-04-20,
1878,5월_반팔에 어울리는 악세사리,2026-05-22,2026-06-09,330,952227,B52 골드 리프 큐빅 써지컬스틸 팔찌(거래처사진 펌X),제이유 스틸(JU STEEL),펜던트/참,6000,2026-04-22,
1878,5월_반팔에 어울리는 악세사리,2026-05-22,2026-06-09,331,949542,써지컬 장식목걸이,와우,펜던트(비즈/에폭/아크릴),8000,2026-04-20,
1878,5월_반팔에 어울리는 악세사리,2026-05-22,2026-06-09,332,945542,네프 세트 팔찌,웁스,심플(논펜던트),3000,2026-04-16,
1878,5월_반팔에 어울리는 악세사리,2026-05-22,2026-06-09,333,959205,실버925 두줄링 하프 체인 팔찌 B220739481,졸리,실버925,43000,2026-05-04,
1878,5월_반팔에 어울리는 악세사리,2026-05-22,2026-06-09,334,969763,HN25 큐빅 써지컬스틸 목걸이(거래처사진 펌X),제이유 스틸(JU STEEL),펜던트(실버/써지컬),3500,2026-05-19,
1878,5월_반팔에 어울리는 악세사리,2026-05-22,2026-06-09,335,950279,실버925 빅체인 러프 하트 팔찌 B260440325,졸리,실버925,35000,2026-04-21,
1878,5월_반팔에 어울리는 악세사리,2026-05-22,2026-06-09,336,956882,Silver925실버)m92n,씨스타,실버925,24000,2026-04-29,
1878,5월_반팔에 어울리는 악세사리,2026-05-22,2026-06-09,337,955178,Silver925실버)g493b,씨스타,실버925,29000,2026-04-27,
1878,5월_반팔에 어울리는 악세사리,2026-05-22,2026-06-09,338,969352,Silver925실버)k232n,씨스타,실버925,27000,2026-05-18,
1878,5월_반팔에 어울리는 악세사리,2026-05-22,2026-06-09,339,958618,실버925 담수진주 자개 핸드메이드 팔찌 B260550810,졸리,실버925,19000,2026-05-01,
1878,5월_반팔에 어울리는 악세사리,2026-05-22,2026-06-09,340,955177,Silver925실버)k89b,씨스타,실버925,23000,2026-04-27,
1878,5월_반팔에 어울리는 악세사리,2026-05-22,2026-06-09,341,969314,실버925 두줄 실버볼 체인 팔찌 B260571338,졸리,실버925,18000,2026-05-18,
1878,5월_반팔에 어울리는 악세사리,2026-05-22,2026-06-09,342,966338,실버925 담수진주 핸드메이드 팔찌 B220733357,졸리,실버925,14000,2026-05-13,
1878,5월_반팔에 어울리는 악세사리,2026-05-22,2026-06-09,343,965276,Silver925실버)g507b,씨스타,실버925,35000,2026-05-13,
1878,5월_반팔에 어울리는 악세사리,2026-05-22,2026-06-09,344,969342,Silver925실버)G511b,씨스타,실버925,33000,2026-05-18,
1878,5월_반팔에 어울리는 악세사리,2026-05-22,2026-06-09,345,948329,빈티지 원통 써지컬스틸 목걸이 3type,젠젠,펜던트(실버/써지컬),4000,2026-04-19,
1878,5월_반팔에 어울리는 악세사리,2026-05-22,2026-06-09,346,963570,썸머파스텔 써지컬스틸 비즈 초커 목걸이 4color,젠젠,초커,5500,2026-05-10,
1878,5월_반팔에 어울리는 악세사리,2026-05-22,2026-06-09,347,948327,에스닉 타원 써지컬스틸 목걸이,젠젠,펜던트(실버/써지컬),4000,2026-04-19,
1878,5월_반팔에 어울리는 악세사리,2026-05-22,2026-06-09,348,948325,큐빅 스톤 써지컬스틸 목걸이 2type,젠젠,펜던트(실버/써지컬),5000,2026-04-19,
1878,5월_반팔에 어울리는 악세사리,2026-05-22,2026-06-09,349,963577,베이직 라운드 써지컬스틸 팔찌,젠젠,펜던트/참,2500,2026-05-10,
1878,5월_반팔에 어울리는 악세사리,2026-05-22,2026-06-09,350,963576,우주 라운드 써지컬스틸 팔찌,젠젠,펜던트/참,3500,2026-05-10,
1878,5월_반팔에 어울리는 악세사리,2026-05-22,2026-06-09,351,959055,와이드 사슬 써지컬스틸 팔찌,젠젠,펜던트/참,2500,2026-05-03,
1878,5월_반팔에 어울리는 악세사리,2026-05-22,2026-06-09,352,959053,웨이브 사슬 써지컬스틸 팔찌,젠젠,펜던트/참,3000,2026-05-03,
1878,5월_반팔에 어울리는 악세사리,2026-05-22,2026-06-09,353,969291,실버925 2-6 실버볼 목걸이 N260550915,졸리,실버925,25000,2026-05-18,
1878,5월_반팔에 어울리는 악세사리,2026-05-22,2026-06-09,354,955229,실버925 부엉이목걸이,파피용,실버925,34000,2026-04-27,
1878,5월_반팔에 어울리는 악세사리,2026-05-22,2026-06-09,355,950804,[SN6411] 실버 925 퓨어 다이아몬드 형태 큐빅 목걸이,헤세드 925,실버925,14000,2026-04-21,
1878,5월_반팔에 어울리는 악세사리,2026-05-22,2026-06-09,356,950803,실버 925 드롭 스틱 앤 체인 목걸이 시리즈,헤세드 925,실버925,15000,2026-04-21,
1878,5월_반팔에 어울리는 악세사리,2026-05-22,2026-06-09,357,967641,"[G4R4800], [G4B4800] 14K 골드볼 파스텔 컬러 천연석 프리사이즈 Set",헤세드 925,실버925,10000,2026-05-15,
1878,5월_반팔에 어울리는 악세사리,2026-05-22,2026-06-09,358,957432,[SB6400] 실버 925 블랙 오닉스 앤 화이트 큐빅 플라워 팔찌,헤세드 925,실버925,33000,2026-04-29,
1878,5월_반팔에 어울리는 악세사리,2026-05-22,2026-06-09,359,957434,[SB6401] 실버 925 실버 볼 커넥트 팔찌,헤세드 925,실버925,42000,2026-04-29,
1878,5월_반팔에 어울리는 악세사리,2026-05-22,2026-06-09,360,962452,2M0910 내추럴 딥블루 라피스 루틸무드 원석 비즈 팔찌,연서,레이어드,5000,2026-05-08,
1878,5월_반팔에 어울리는 악세사리,2026-05-22,2026-06-09,361,955537,올써지컬 태양바 하트 리본 별빛 에폭 화이트 레이어드 체인 목걸이,홀릭,펜던트(실버/써지컬),3000,2026-04-27,
1878,5월_반팔에 어울리는 악세사리,2026-05-22,2026-06-09,362,955538,올써지컬 태양바 하트 리본 별빛 에폭 블랙 레이어드 체인 목걸이,홀릭,펜던트(실버/써지컬),3000,2026-04-27,
1878,5월_반팔에 어울리는 악세사리,2026-05-22,2026-06-09,363,970805,2M0913 리드미컬 레인보우 펄 포인트 브레이슬릿,연서,비즈,5000,2026-05-19,
1878,5월_반팔에 어울리는 악세사리,2026-05-22,2026-06-09,364,970608,2M0914 델리케이트 컬러풀 펄 포인트 브레이슬릿,연서,비즈,5000,2026-05-19,
1878,5월_반팔에 어울리는 악세사리,2026-05-22,2026-06-09,365,949488,원석 써지컬장식 목걸이,와우,펜던트(실버/써지컬),6000,2026-04-20,
1878,5월_반팔에 어울리는 악세사리,2026-05-22,2026-06-09,366,951294,HN5 라운드 회전 써지컬스틸 목걸이(거래처사진 펌X),제이유 스틸(JU STEEL),펜던트(실버/써지컬),4500,2026-04-21,
1878,5월_반팔에 어울리는 악세사리,2026-05-22,2026-06-09,367,961547,B73 사각큐빅 테니스 써지컬스틸 팔찌,제이유 스틸(JU STEEL),심플(논펜던트),6000,2026-05-07,
1878,5월_반팔에 어울리는 악세사리,2026-05-22,2026-06-09,368,966474,실버925 담수진주 체인 팔찌 B230415384,졸리,실버925,15000,2026-05-14,
1878,5월_반팔에 어울리는 악세사리,2026-05-22,2026-06-09,369,959441,실버925 레드-블랙 스피넬 큐빅 팔찌 B260540907,졸리,실버925,12000,2026-05-04,
1878,5월_반팔에 어울리는 악세사리,2026-05-22,2026-06-09,370,959811,실버925 도자기 큐빅 핸드메이드 팔찌 B260545081,졸리,실버925,13000,2026-05-06,
1879,5월_아동 신상 여름 의류,2026-05-22,2026-06-09,0,964274,26여름)[이니키즈]레이브펭귄티셔츠,비다이어리,티셔츠,12000,2026-05-11,
1879,5월_아동 신상 여름 의류,2026-05-22,2026-06-09,1,962608,26여름)[이니키즈]디니삼삼티셔츠,비다이어리,티셔츠,16000,2026-05-08,
1879,5월_아동 신상 여름 의류,2026-05-22,2026-06-09,2,967898,26여름)[이니키즈]서킷체크롱원피스,비다이어리,원피스,21000,2026-05-15,
1879,5월_아동 신상 여름 의류,2026-05-22,2026-06-09,3,967831,26여름)[이니키즈]트릴단가라티셔츠,비다이어리,티셔츠,16000,2026-05-15,
1879,5월_아동 신상 여름 의류,2026-05-22,2026-06-09,4,962588,26여름)[이니키즈]슈이캣츠티셔츠,비다이어리,티셔츠,12000,2026-05-08,
1879,5월_아동 신상 여름 의류,2026-05-22,2026-06-09,5,967871,26여름)[이니키즈]넥타이프린팅단가라셔츠남방,비다이어리,셔츠/남방,21000,2026-05-15,
1879,5월_아동 신상 여름 의류,2026-05-22,2026-06-09,6,967850,26여름)[이니키즈]드롭단가라카라티셔츠,비다이어리,티셔츠,18000,2026-05-15,
1879,5월_아동 신상 여름 의류,2026-05-22,2026-06-09,7,967852,26여름)[이니키즈]메인티셔츠,비다이어리,티셔츠,16000,2026-05-15,
1879,5월_아동 신상 여름 의류,2026-05-22,2026-06-09,8,967911,26여름)[이니키즈]네크프린트티셔츠,비다이어리,티셔츠,15000,2026-05-15,
1879,5월_아동 신상 여름 의류,2026-05-22,2026-06-09,9,967344,26여름)[이니키즈]듀드닥스훈트티셔츠,비다이어리,티셔츠,14000,2026-05-14,
1879,5월_아동 신상 여름 의류,2026-05-22,2026-06-09,10,962613,26여름)[이니키즈]프림시스루나시,비다이어리,기타,13000,2026-05-08,
1879,5월_아동 신상 여름 의류,2026-05-22,2026-06-09,11,967856,26여름)[이니키즈]듀오단가라나시티셔츠,비다이어리,기타,13000,2026-05-15,
1879,5월_아동 신상 여름 의류,2026-05-22,2026-06-09,12,964279,26여름)[이니키즈]클레이스트릿나시티셔츠,비다이어리,기타,11000,2026-05-11,
1879,5월_아동 신상 여름 의류,2026-05-22,2026-06-09,13,964281,26여름)[이니키즈]솔리드라벨나시티셔츠,비다이어리,기타,11000,2026-05-11,
1879,5월_아동 신상 여름 의류,2026-05-22,2026-06-09,14,964280,26여름)[이니키즈]러스틱레터링뷔스티에,비다이어리,기타,13000,2026-05-11,
1879,5월_아동 신상 여름 의류,2026-05-22,2026-06-09,15,968198,26여름)[모란]슈가도트티,아이앤숲,티셔츠,8500,2026-05-15,
1879,5월_아동 신상 여름 의류,2026-05-22,2026-06-09,16,967341,26여름)[이니키즈]더블유티셔츠,비다이어리,티셔츠,14000,2026-05-14,
1879,5월_아동 신상 여름 의류,2026-05-22,2026-06-09,17,967910,26여름)[이니키즈]러브포니티셔츠,비다이어리,티셔츠,14000,2026-05-15,
1879,5월_아동 신상 여름 의류,2026-05-22,2026-06-09,18,962603,26여름)[이니키즈]페이크멜빵키링맨투맨,비다이어리,맨투맨/후드,20000,2026-05-08,
1879,5월_아동 신상 여름 의류,2026-05-22,2026-06-09,19,964278,26여름)[이니키즈]위어론나시티셔츠,비다이어리,기타,15000,2026-05-11,
1879,5월_아동 신상 여름 의류,2026-05-22,2026-06-09,20,967947,26여름)[이니키즈]튜브나시티셔츠,비다이어리,기타,14000,2026-05-15,
1879,5월_아동 신상 여름 의류,2026-05-22,2026-06-09,21,967913,26여름)[이니키즈]레이마우쓰티셔츠,비다이어리,티셔츠,15000,2026-05-15,
1879,5월_아동 신상 여름 의류,2026-05-22,2026-06-09,22,967348,26여름)[이니키즈]로보트티셔츠,비다이어리,티셔츠,17000,2026-05-14,
1879,5월_아동 신상 여름 의류,2026-05-22,2026-06-09,23,962611,26여름)[이니키즈]다이레이스티셔츠,비다이어리,티셔츠,13000,2026-05-08,
1879,5월_아동 신상 여름 의류,2026-05-22,2026-06-09,24,967855,26여름)[이니키즈]바질티셔츠,비다이어리,티셔츠,16000,2026-05-15,
1879,5월_아동 신상 여름 의류,2026-05-22,2026-06-09,25,964282,26여름)[이니키즈]리턴나시티셔츠,비다이어리,기타,12000,2026-05-11,
1879,5월_아동 신상 여름 의류,2026-05-22,2026-06-09,26,962591,26여름)[이니키즈]로미체크레이스스커트,비다이어리,스커트,18000,2026-05-08,
1879,5월_아동 신상 여름 의류,2026-05-22,2026-06-09,27,967337,26여름)[이니키즈]코널티셔츠,비다이어리,티셔츠,17000,2026-05-14,
1879,5월_아동 신상 여름 의류,2026-05-22,2026-06-09,28,967830,26여름)[이니키즈]피크티셔츠,비다이어리,티셔츠,16000,2026-05-15,
1879,5월_아동 신상 여름 의류,2026-05-22,2026-06-09,29,967825,26여름)[이니키즈]호피마우쓰원피스,비다이어리,원피스,20000,2026-05-15,
1879,5월_아동 신상 여름 의류,2026-05-22,2026-06-09,30,962283,26여름)[조이엘로]원피스set,조이엘로,원피스,17000,2026-05-08,
1879,5월_아동 신상 여름 의류,2026-05-22,2026-06-09,31,962287,26여름)[조이엘로]쿨쿨set,조이엘로,상하복,15000,2026-05-08,
1879,5월_아동 신상 여름 의류,2026-05-22,2026-06-09,32,962293,26여름)[조이엘로]조이set,조이엘로,상하복,14000,2026-05-08,
1879,5월_아동 신상 여름 의류,2026-05-22,2026-06-09,33,962291,26여름)[조이엘로]체크프릴set,조이엘로,상하복,15000,2026-05-08,
1879,5월_아동 신상 여름 의류,2026-05-22,2026-06-09,34,962288,26여름)[조이엘로]통통set,조이엘로,상하복,14000,2026-05-08,
1879,5월_아동 신상 여름 의류,2026-05-22,2026-06-09,35,962253,26여름)[조이엘로]리본나비ops,조이엘로,원피스,25000,2026-05-08,
1879,5월_아동 신상 여름 의류,2026-05-22,2026-06-09,36,962260,26여름)[조이엘로]캉캉나시ops,조이엘로,원피스,13000,2026-05-08,
1879,5월_아동 신상 여름 의류,2026-05-22,2026-06-09,37,962274,26여름)[조이엘로]냥이치랭set,조이엘로,투피스,20000,2026-05-08,
1879,5월_아동 신상 여름 의류,2026-05-22,2026-06-09,38,962251,26여름)[조이엘로]체크하트치랭스,조이엘로,스커트,15000,2026-05-08,
1879,5월_아동 신상 여름 의류,2026-05-22,2026-06-09,39,962262,26여름)[조이엘로]샤리본치랭스,조이엘로,스커트,15000,2026-05-08,
1879,5월_아동 신상 여름 의류,2026-05-22,2026-06-09,40,962290,26여름)[조이엘로]토끼타올ops,조이엘로,원피스,12000,2026-05-08,
1879,5월_아동 신상 여름 의류,2026-05-22,2026-06-09,41,962261,26여름)[조이엘로]체리치랭스,조이엘로,스커트,14000,2026-05-08,
1879,5월_아동 신상 여름 의류,2026-05-22,2026-06-09,42,962256,26여름)[조이엘로]플라워치랭스,조이엘로,스커트,14000,2026-05-08,
1879,5월_아동 신상 여름 의류,2026-05-22,2026-06-09,43,962266,26여름)[조이엘로]하투캉치랭스,조이엘로,스커트,16000,2026-05-08,
1879,5월_아동 신상 여름 의류,2026-05-22,2026-06-09,44,966261,26여름)[폼]골지티셔츠,폼 P.O.M,티셔츠,7000,2026-05-13,
1879,5월_아동 신상 여름 의류,2026-05-22,2026-06-09,45,966258,26여름)[폼]숏팬츠,폼 P.O.M,바지,10000,2026-05-13,
1879,5월_아동 신상 여름 의류,2026-05-22,2026-06-09,46,966255,26여름)[폼]벌룬원피스,폼 P.O.M,원피스,20000,2026-05-13,
1879,5월_아동 신상 여름 의류,2026-05-22,2026-06-09,47,966220,26여름)[푸이푸이]뮤직stT,푸이푸이,티셔츠,9000,2026-05-13,
1879,5월_아동 신상 여름 의류,2026-05-22,2026-06-09,48,966231,26여름)[푸이푸이]치치T,푸이푸이,티셔츠,10000,2026-05-13,
1879,5월_아동 신상 여름 의류,2026-05-22,2026-06-09,49,966214,26여름)[푸이푸이]나리아T,푸이푸이,티셔츠,12000,2026-05-13,
1879,5월_아동 신상 여름 의류,2026-05-22,2026-06-09,50,966227,26여름)[푸이푸이]어스T,푸이푸이,티셔츠,11000,2026-05-13,
1879,5월_아동 신상 여름 의류,2026-05-22,2026-06-09,51,966226,26여름)[푸이푸이]썸머러브T,푸이푸이,티셔츠,10000,2026-05-13,
1879,5월_아동 신상 여름 의류,2026-05-22,2026-06-09,52,966222,26여름)[푸이푸이]블루밍set,푸이푸이,상하복,23000,2026-05-13,
1879,5월_아동 신상 여름 의류,2026-05-22,2026-06-09,53,966228,26여름)[푸이푸이]와플set,푸이푸이,상하복,17000,2026-05-13,
1879,5월_아동 신상 여름 의류,2026-05-22,2026-06-09,54,966230,26여름)[푸이푸이]제이디OPS,푸이푸이,원피스,22000,2026-05-13,
1879,5월_아동 신상 여름 의류,2026-05-22,2026-06-09,55,966219,26여름)[푸이푸이]말랑T,푸이푸이,티셔츠,11000,2026-05-13,
1879,5월_아동 신상 여름 의류,2026-05-22,2026-06-09,56,966216,26여름)[푸이푸이]동백OPS,푸이푸이,원피스,28000,2026-05-13,
1879,5월_아동 신상 여름 의류,2026-05-22,2026-06-09,57,966229,26여름)[푸이푸이]이브T,푸이푸이,티셔츠,10000,2026-05-13,
1879,5월_아동 신상 여름 의류,2026-05-22,2026-06-09,58,966217,26여름)[푸이푸이]라인st팬츠,푸이푸이,바지,15000,2026-05-13,
1879,5월_아동 신상 여름 의류,2026-05-22,2026-06-09,59,966215,26여름)[푸이푸이]단추PA,푸이푸이,바지,14000,2026-05-13,
1879,5월_아동 신상 여름 의류,2026-05-22,2026-06-09,60,966236,26여름)[푸이푸이]하와이OPS,푸이푸이,원피스,22000,2026-05-13,
1879,5월_아동 신상 여름 의류,2026-05-22,2026-06-09,61,966218,26여름)[푸이푸이]레이오버롤,푸이푸이,바지,19000,2026-05-13,
1879,5월_아동 신상 여름 의류,2026-05-22,2026-06-09,62,966223,26여름)[푸이푸이]비엔나PA,푸이푸이,바지,17000,2026-05-13,
1879,5월_아동 신상 여름 의류,2026-05-22,2026-06-09,63,966224,26여름)[푸이푸이]뽀빠이오버롤,푸이푸이,바지,22000,2026-05-13,
1879,5월_아동 신상 여름 의류,2026-05-22,2026-06-09,64,966221,26여름)[푸이푸이]브로디PA,푸이푸이,바지,15000,2026-05-13,
1879,5월_아동 신상 여름 의류,2026-05-22,2026-06-09,65,966234,26여름)[푸이푸이]코튼PA,푸이푸이,바지,16000,2026-05-13,
1879,5월_아동 신상 여름 의류,2026-05-22,2026-06-09,66,966235,26여름)[푸이푸이]튜튜sk,푸이푸이,스커트,19000,2026-05-13,
1879,5월_아동 신상 여름 의류,2026-05-22,2026-06-09,67,966237,26여름)[푸이푸이]하프PA,푸이푸이,바지,11000,2026-05-13,
1879,5월_아동 신상 여름 의류,2026-05-22,2026-06-09,68,962202,26 여름 릴리부스 젠틀티,허클베리,티셔츠,8000,2026-05-08,
1879,5월_아동 신상 여름 의류,2026-05-22,2026-06-09,69,962199,26 여름 릴리부스 플랫티,허클베리,티셔츠,7000,2026-05-08,
1879,5월_아동 신상 여름 의류,2026-05-22,2026-06-09,70,962208,26 여름 릴리부스 프로젝티,허클베리,티셔츠,8000,2026-05-08,
1879,5월_아동 신상 여름 의류,2026-05-22,2026-06-09,71,962209,26 여름 릴리부스 포텐셜티,허클베리,티셔츠,8000,2026-05-08,
1879,5월_아동 신상 여름 의류,2026-05-22,2026-06-09,72,962211,26 여름 릴리부스 텐카라티,허클베리,티셔츠,12000,2026-05-08,
1879,5월_아동 신상 여름 의류,2026-05-22,2026-06-09,73,963669,헤이 쁘띠팬츠26여름,미즐,바지,11000,2026-05-10,
1879,5월_아동 신상 여름 의류,2026-05-22,2026-06-09,74,965758,26여름)[디세인트]치카체크티,리앤봉봉,티셔츠,7000,2026-05-13,
1879,5월_아동 신상 여름 의류,2026-05-22,2026-06-09,75,962420,26여름)[돌핀]스트라이프프릴티,베이비옷장,티셔츠,8000,2026-05-08,
1879,5월_아동 신상 여름 의류,2026-05-22,2026-06-09,76,965598,26여름)[어썸베베]바이시클보이상하세트,어썸베베,상하복,16000,2026-05-13,
1879,5월_아동 신상 여름 의류,2026-05-22,2026-06-09,77,962213,26 여름  릴리부스 마가렛반바지,허클베리,바지,10000,2026-05-08,
1879,5월_아동 신상 여름 의류,2026-05-22,2026-06-09,78,962412,26여름)[돌핀]미니레깅스속바지,베이비옷장,기타,4500,2026-05-08,
1879,5월_아동 신상 여름 의류,2026-05-22,2026-06-09,79,962409,26여름)[돌핀]딸기고쟁이팬츠,베이비옷장,바지,8000,2026-05-08,
1879,5월_아동 신상 여름 의류,2026-05-22,2026-06-09,80,966305,2026 SUMMER 러브런 테리셋업,블랙핑크,상하복,15000,2026-05-13,
1879,5월_아동 신상 여름 의류,2026-05-22,2026-06-09,81,962410,26여름)[돌핀]딸기뷔스티에세트,베이비옷장,상하복,17000,2026-05-08,
1879,5월_아동 신상 여름 의류,2026-05-22,2026-06-09,82,970521,26여름)[엘리몰리]셀럽프릴pt,엘리몰리,바지,22000,2026-05-19,
1879,5월_아동 신상 여름 의류,2026-05-22,2026-06-09,83,970534,26여름)[엘리몰리]젤리웨이브쇼츠,엘리몰리,바지,12000,2026-05-19,
1879,5월_아동 신상 여름 의류,2026-05-22,2026-06-09,84,970537,26여름)[엘리몰리]킥st수트,엘리몰리,바지,23000,2026-05-19,
1879,5월_아동 신상 여름 의류,2026-05-22,2026-06-09,85,970525,26여름)[엘리몰리]스카이프릴SK,엘리몰리,스커트,15000,2026-05-19,
1879,5월_아동 신상 여름 의류,2026-05-22,2026-06-09,86,970540,26여름)[엘리몰리]페탈티어쇼츠,엘리몰리,바지,18000,2026-05-19,
1879,5월_아동 신상 여름 의류,2026-05-22,2026-06-09,87,970535,26여름)[엘리몰리]컬러팝쇼츠,엘리몰리,바지,12000,2026-05-19,
1879,5월_아동 신상 여름 의류,2026-05-22,2026-06-09,88,961143,26여름)[오뜨베베]하트데님카브라팬츠,오뜨베베,바지,16000,2026-05-07,
1879,5월_아동 신상 여름 의류,2026-05-22,2026-06-09,89,970510,26여름)[엘리몰리]리나라인sk,엘리몰리,스커트,20000,2026-05-19,
1879,5월_아동 신상 여름 의류,2026-05-22,2026-06-09,90,962286,26여름)[조이엘로]나나set,조이엘로,상하복,16000,2026-05-08,
1879,5월_아동 신상 여름 의류,2026-05-22,2026-06-09,91,961144,26여름)[오뜨베베]하트뷔스티에,오뜨베베,기타,16000,2026-05-07,
1879,5월_아동 신상 여름 의류,2026-05-22,2026-06-09,92,961136,26여름)[오뜨베베]오로라썸머나시상하복,오뜨베베,상하복,18000,2026-05-07,
1879,5월_아동 신상 여름 의류,2026-05-22,2026-06-09,93,970542,26여름)[엘리몰리]플랩포켓pt,엘리몰리,바지,20000,2026-05-19,
1879,5월_아동 신상 여름 의류,2026-05-22,2026-06-09,94,965187,2026 SUMMER 7days반팔티,블랙핑크,티셔츠,7000,2026-05-12,
1879,5월_아동 신상 여름 의류,2026-05-22,2026-06-09,95,964309,26여름)[이니키즈]구사배색티셔츠,비다이어리,티셔츠,13000,2026-05-11,
1879,5월_아동 신상 여름 의류,2026-05-22,2026-06-09,96,967944,26여름)[이니키즈]나나민소매니트조끼,비다이어리,니트/스웨터,18000,2026-05-15,
1879,5월_아동 신상 여름 의류,2026-05-22,2026-06-09,97,967357,26여름)[이니키즈]루틴카라티셔츠,비다이어리,티셔츠,17000,2026-05-14,
1879,5월_아동 신상 여름 의류,2026-05-22,2026-06-09,98,964273,26여름)[이니키즈]보보티셔츠,비다이어리,티셔츠,13000,2026-05-11,
1879,5월_아동 신상 여름 의류,2026-05-22,2026-06-09,99,967901,26여름)[이니키즈]옐로트로피컬상하세트,비다이어리,상하복,22000,2026-05-15,
1879,5월_아동 신상 여름 의류,2026-05-22,2026-06-09,100,967339,26여름)[이니키즈]쥬니웨일티셔츠,비다이어리,티셔츠,14000,2026-05-14,
1879,5월_아동 신상 여름 의류,2026-05-22,2026-06-09,101,968758,모란 여름 아일리블루머SET,클릭,상하복,16000,2026-05-17,
1879,5월_아동 신상 여름 의류,2026-05-22,2026-06-09,102,967881,26여름)[이니키즈]파스텔도트체크상하세트,비다이어리,상하복,21000,2026-05-15,
1879,5월_아동 신상 여름 의류,2026-05-22,2026-06-09,103,962643,26여름)[이니키즈]동그라미스커트,비다이어리,스커트,14000,2026-05-08,
1879,5월_아동 신상 여름 의류,2026-05-22,2026-06-09,104,967954,26여름)[이니키즈]루나골지나시티셔츠,비다이어리,기타,12000,2026-05-15,
1879,5월_아동 신상 여름 의류,2026-05-22,2026-06-09,105,967851,26여름)[이니키즈]캐쉬티셔츠,비다이어리,티셔츠,16000,2026-05-15,
1879,5월_아동 신상 여름 의류,2026-05-22,2026-06-09,106,962596,26여름)[이니키즈]클라반팔니트,비다이어리,니트/스웨터,16000,2026-05-08,
1879,5월_아동 신상 여름 의류,2026-05-22,2026-06-09,107,967845,26여름)[이니키즈]유니티셔츠,비다이어리,티셔츠,16000,2026-05-15,
1879,5월_아동 신상 여름 의류,2026-05-22,2026-06-09,108,968775,모란 여름 첵남방반바지SET,클릭,상하복,20000,2026-05-17,
1879,5월_아동 신상 여름 의류,2026-05-22,2026-06-09,109,967349,26여름)[이니키즈]바이브티셔츠,비다이어리,티셔츠,15000,2026-05-14,
1879,5월_아동 신상 여름 의류,2026-05-22,2026-06-09,110,968713,모란 여름 풍선미키SET,클릭,상하복,13000,2026-05-17,
1879,5월_아동 신상 여름 의류,2026-05-22,2026-06-09,111,967332,26여름)[이니키즈]언더더씨티셔츠,비다이어리,티셔츠,16000,2026-05-14,
1879,5월_아동 신상 여름 의류,2026-05-22,2026-06-09,112,967897,26여름)[이니키즈]오빗단가라상하세트,비다이어리,상하복,22000,2026-05-15,
1879,5월_아동 신상 여름 의류,2026-05-22,2026-06-09,113,967835,26여름)[이니키즈]해피머시룸티셔츠,비다이어리,티셔츠,16000,2026-05-15,
1879,5월_아동 신상 여름 의류,2026-05-22,2026-06-09,114,967880,26여름)[이니키즈]엔진남방팬츠가방상하세트,비다이어리,상하복,34000,2026-05-15,
1879,5월_아동 신상 여름 의류,2026-05-22,2026-06-09,115,967836,26여름)[이니키즈]칠오버티셔츠,비다이어리,티셔츠,16000,2026-05-15,
1879,5월_아동 신상 여름 의류,2026-05-22,2026-06-09,116,967827,26여름)[이니키즈]페이크단가라레이어드티셔츠,비다이어리,티셔츠,18000,2026-05-15,
1879,5월_아동 신상 여름 의류,2026-05-22,2026-06-09,117,964307,26여름)[이니키즈]페이블티셔츠,비다이어리,티셔츠,12000,2026-05-11,
1879,5월_아동 신상 여름 의류,2026-05-22,2026-06-09,118,967890,26여름)[이니키즈]쉬드도트상하세트,비다이어리,상하복,22000,2026-05-15,
1879,5월_아동 신상 여름 의류,2026-05-22,2026-06-09,119,967823,26여름)[이니키즈]무비타임티셔츠,비다이어리,티셔츠,16000,2026-05-15,
1879,5월_아동 신상 여름 의류,2026-05-22,2026-06-09,120,962601,26여름)[이니키즈]위니핑크나시티셔츠,비다이어리,티셔츠,15000,2026-05-08,
1879,5월_아동 신상 여름 의류,2026-05-22,2026-06-09,121,968750,모란 여름 캔디팝SET,클릭,상하복,12000,2026-05-17,
1879,5월_아동 신상 여름 의류,2026-05-22,2026-06-09,122,968714,모란 여름 레트로디즈니SET,클릭,상하복,13000,2026-05-17,
1879,5월_아동 신상 여름 의류,2026-05-22,2026-06-09,123,967891,26여름)[이니키즈]블루밍캉캉롱원피스,비다이어리,원피스,22000,2026-05-15,
1879,5월_아동 신상 여름 의류,2026-05-22,2026-06-09,124,962615,26여름)[이니키즈]체크홀터넥원피스,비다이어리,원피스,19000,2026-05-08,
1879,5월_아동 신상 여름 의류,2026-05-22,2026-06-09,125,962647,26여름)[이니키즈]옐로레이스캉캉원피스,비다이어리,원피스,20000,2026-05-08,
1879,5월_아동 신상 여름 의류,2026-05-22,2026-06-09,126,968746,모란 여름 래빗SET,클릭,상하복,13000,2026-05-17,
1879,5월_아동 신상 여름 의류,2026-05-22,2026-06-09,127,967328,26여름)[이니키즈]카쿠퍼피티셔츠,비다이어리,티셔츠,15000,2026-05-14,
1879,5월_아동 신상 여름 의류,2026-05-22,2026-06-09,128,967909,26여름)[이니키즈]프루티레터링티셔츠,비다이어리,티셔츠,16000,2026-05-15,
1879,5월_아동 신상 여름 의류,2026-05-22,2026-06-09,129,968786,모란 여름 짝꿍SET,클릭,상하복,13000,2026-05-17,
1879,5월_아동 신상 여름 의류,2026-05-22,2026-06-09,130,964283,26여름)[이니키즈]두파롱원피스,비다이어리,원피스,19000,2026-05-11,
1879,5월_아동 신상 여름 의류,2026-05-22,2026-06-09,131,967324,26여름)[이니키즈]팝포티셔츠,비다이어리,티셔츠,18000,2026-05-14,
1879,5월_아동 신상 여름 의류,2026-05-22,2026-06-09,132,967840,26여름)[이니키즈]올빼미티셔츠,비다이어리,티셔츠,16000,2026-05-15,
1879,5월_아동 신상 여름 의류,2026-05-22,2026-06-09,133,967936,26여름)[이니키즈]로엔체크원피스,비다이어리,원피스,22000,2026-05-15,
1879,5월_아동 신상 여름 의류,2026-05-22,2026-06-09,134,967358,26여름)[이니키즈]믹스캣츠티셔츠,비다이어리,티셔츠,18000,2026-05-14,
1879,5월_아동 신상 여름 의류,2026-05-22,2026-06-09,135,964308,26여름)[이니키즈]모니러플티셔츠,비다이어리,티셔츠,13000,2026-05-11,
1879,5월_아동 신상 여름 의류,2026-05-22,2026-06-09,136,967928,26여름)[이니키즈]연두그린체크나시원피스,비다이어리,원피스,23000,2026-05-15,
1879,5월_아동 신상 여름 의류,2026-05-22,2026-06-09,137,964286,26여름)[이니키즈]하우스팬츠반바지,비다이어리,바지,14000,2026-05-11,
1879,5월_아동 신상 여름 의류,2026-05-22,2026-06-09,138,967916,26여름)[이니키즈]도트옐로우캉캉스커트,비다이어리,스커트,18000,2026-05-15,
1879,5월_아동 신상 여름 의류,2026-05-22,2026-06-09,139,964302,26여름)[이니키즈]브링티셔츠,비다이어리,티셔츠,14000,2026-05-11,
1879,5월_아동 신상 여름 의류,2026-05-22,2026-06-09,140,962636,26여름)[이니키즈]솔라블루단가라원피스,비다이어리,원피스,20000,2026-05-08,
1879,5월_아동 신상 여름 의류,2026-05-22,2026-06-09,141,968773,모란 여름 첵세라SET,클릭,상하복,18000,2026-05-17,
1879,5월_아동 신상 여름 의류,2026-05-22,2026-06-09,142,964300,26여름)[이니키즈]서퍼나시팬츠상하세트,비다이어리,상하복,17000,2026-05-11,
1879,5월_아동 신상 여름 의류,2026-05-22,2026-06-09,143,967878,26여름)[이니키즈]밐덕믹스상하세트,비다이어리,상하복,21000,2026-05-15,
1879,5월_아동 신상 여름 의류,2026-05-22,2026-06-09,144,968724,모란 여름 리본곰SET,클릭,상하복,13000,2026-05-17,
1879,5월_아동 신상 여름 의류,2026-05-22,2026-06-09,145,964301,26여름)[이니키즈]미니멀레터링티셔츠,비다이어리,티셔츠,13000,2026-05-11,
1879,5월_아동 신상 여름 의류,2026-05-22,2026-06-09,146,967887,26여름)[이니키즈]아머플라워스커트상하세트,비다이어리,상하복,23000,2026-05-15,
1879,5월_아동 신상 여름 의류,2026-05-22,2026-06-09,147,967347,26여름)[이니키즈]조이펀티셔츠,비다이어리,티셔츠,16000,2026-05-14,
1879,5월_아동 신상 여름 의류,2026-05-22,2026-06-09,148,967884,26여름)[이니키즈]쿼드마우쓰상하세트,비다이어리,상하복,20000,2026-05-15,
1879,5월_아동 신상 여름 의류,2026-05-22,2026-06-09,149,968778,모란 여름 레오SET,클릭,상하복,12000,2026-05-17,
1879,5월_아동 신상 여름 의류,2026-05-22,2026-06-09,150,967837,26여름)[이니키즈]레터아이스크림티셔츠,비다이어리,티셔츠,16000,2026-05-15,
1879,5월_아동 신상 여름 의류,2026-05-22,2026-06-09,151,967875,26여름)[이니키즈]테이킷맨투맨팬츠상하세트,비다이어리,상하복,28000,2026-05-15,
1879,5월_아동 신상 여름 의류,2026-05-22,2026-06-09,152,968766,모란 여름 태리스마일SET,클릭,상하복,13000,2026-05-17,
1879,5월_아동 신상 여름 의류,2026-05-22,2026-06-09,153,967937,26여름)[이니키즈]미코펀칭레이스홀터넥원피스,비다이어리,원피스,34000,2026-05-15,
1879,5월_아동 신상 여름 의류,2026-05-22,2026-06-09,154,967843,26여름)[이니키즈]베어패밀리티셔츠,비다이어리,티셔츠,16000,2026-05-15,
1879,5월_아동 신상 여름 의류,2026-05-22,2026-06-09,155,967951,26여름)[이니키즈]소피단가라원피스팬츠상하세트,비다이어리,상하복,26000,2026-05-15,
1879,5월_아동 신상 여름 의류,2026-05-22,2026-06-09,156,968723,모란 여름 모자곰SET,클릭,상하복,14000,2026-05-17,
1879,5월_아동 신상 여름 의류,2026-05-22,2026-06-09,157,962646,26여름)[이니키즈]백설공주레이스원피스,비다이어리,원피스,22000,2026-05-08,
1879,5월_아동 신상 여름 의류,2026-05-22,2026-06-09,158,967892,26여름)[이니키즈]블루밍플라워상하세트,비다이어리,상하복,29000,2026-05-15,
1879,5월_아동 신상 여름 의류,2026-05-22,2026-06-09,159,967883,26여름)[이니키즈]쿼드마우쓰롱원피스,비다이어리,원피스,21000,2026-05-15,
1879,5월_아동 신상 여름 의류,2026-05-22,2026-06-09,160,968722,모란 여름 까꿍SET,클릭,상하복,13000,2026-05-17,
1879,5월_아동 신상 여름 의류,2026-05-22,2026-06-09,161,968806,모란 여름 구름꽃고쟁이7부팬츠,클릭,바지,8000,2026-05-17,
1879,5월_아동 신상 여름 의류,2026-05-22,2026-06-09,162,962637,26여름)[이니키즈]모네도트원피스,비다이어리,원피스,22000,2026-05-08,
1879,5월_아동 신상 여름 의류,2026-05-22,2026-06-09,163,967327,26여름)[이니키즈]서프단가라티셔츠,비다이어리,티셔츠,14000,2026-05-14,
1879,5월_아동 신상 여름 의류,2026-05-22,2026-06-09,164,968810,모란 여름 도트펌킨SET,클릭,상하복,14000,2026-05-17,
1879,5월_아동 신상 여름 의류,2026-05-22,2026-06-09,165,968765,모란 여름 샐리3종SET,클릭,상하복,14000,2026-05-17,
1879,5월_아동 신상 여름 의류,2026-05-22,2026-06-09,166,962632,26여름)[이니키즈]셀라캣츠티셔츠,비다이어리,티셔츠,13000,2026-05-08,
1879,5월_아동 신상 여름 의류,2026-05-22,2026-06-09,167,967832,26여름)[이니키즈]트레디스윗티티셔츠,비다이어리,티셔츠,16000,2026-05-15,
1879,5월_아동 신상 여름 의류,2026-05-22,2026-06-09,168,967953,26여름)[이니키즈]블루도트블라우스팬츠상하세트,비다이어리,상하복,23000,2026-05-15,
1879,5월_아동 신상 여름 의류,2026-05-22,2026-06-09,169,964299,26여름)[이니키즈]스톰나시팬츠상하세트,비다이어리,상하복,19000,2026-05-11,
1879,5월_아동 신상 여름 의류,2026-05-22,2026-06-09,170,967350,26여름)[이니키즈]치케카라티셔츠,비다이어리,티셔츠,17000,2026-05-14,
1879,5월_아동 신상 여름 의류,2026-05-22,2026-06-09,171,967930,26여름)[이니키즈]플라워단가라원피스,비다이어리,원피스,20000,2026-05-15,
1879,5월_아동 신상 여름 의류,2026-05-22,2026-06-09,172,962624,26여름)[이니키즈]니아원피스가방세트,비다이어리,원피스,21000,2026-05-08,
1879,5월_아동 신상 여름 의류,2026-05-22,2026-06-09,173,967886,26여름)[이니키즈]이비마우쓰상하세트,비다이어리,상하복,21000,2026-05-15,
1879,5월_아동 신상 여름 의류,2026-05-22,2026-06-09,174,967354,26여름)[이니키즈]웨일샤크티셔츠,비다이어리,티셔츠,16000,2026-05-14,
1879,5월_아동 신상 여름 의류,2026-05-22,2026-06-09,175,968745,모란 여름 망고단추SET,클릭,상하복,13000,2026-05-17,
1879,5월_아동 신상 여름 의류,2026-05-22,2026-06-09,176,962641,26여름)[이니키즈]도나스커트블라우스상하세트,비다이어리,투피스,27000,2026-05-08,
1879,5월_아동 신상 여름 의류,2026-05-22,2026-06-09,177,967938,26여름)[이니키즈]다미블루체크원피스,비다이어리,원피스,24000,2026-05-15,
1879,5월_아동 신상 여름 의류,2026-05-22,2026-06-09,178,962614,26여름)[이니키즈]달링플라워원피스,비다이어리,원피스,22000,2026-05-08,
1879,5월_아동 신상 여름 의류,2026-05-22,2026-06-09,179,967943,26여름)[이니키즈]레니블루홀터넥원피스,비다이어리,원피스,26000,2026-05-15,
1879,5월_아동 신상 여름 의류,2026-05-22,2026-06-09,180,967879,26여름)[이니키즈]옐로플라워상하세트,비다이어리,상하복,21000,2026-05-15,
1879,5월_아동 신상 여름 의류,2026-05-22,2026-06-09,181,962627,26여름)[이니키즈]페탈체크스커트블라우스상하세트,비다이어리,투피스,31000,2026-05-08,
1879,5월_아동 신상 여름 의류,2026-05-22,2026-06-09,182,967933,26여름)[이니키즈]화이트시스루프릴원피스,비다이어리,원피스,26000,2026-05-15,
1879,5월_아동 신상 여름 의류,2026-05-22,2026-06-09,183,968779,모란 여름 링클SET,클릭,상하복,10000,2026-05-17,
1879,5월_아동 신상 여름 의류,2026-05-22,2026-06-09,184,967828,26여름)[이니키즈]헐리우드티셔츠,비다이어리,티셔츠,16000,2026-05-15,
1879,5월_아동 신상 여름 의류,2026-05-22,2026-06-09,185,967874,26여름)[이니키즈]오렌지체크롱원피스,비다이어리,원피스,21000,2026-05-15,
1879,5월_아동 신상 여름 의류,2026-05-22,2026-06-09,186,967849,26여름)[이니키즈]메트로티셔츠,비다이어리,티셔츠,16000,2026-05-15,
1879,5월_아동 신상 여름 의류,2026-05-22,2026-06-09,187,964311,26여름)[이니키즈]파스텔티셔츠팬츠상하세트,비다이어리,상하복,22000,2026-05-11,
1879,5월_아동 신상 여름 의류,2026-05-22,2026-06-09,188,968737,모란 여름 라온플리츠SET,클릭,상하복,10000,2026-05-17,
1879,5월_아동 신상 여름 의류,2026-05-22,2026-06-09,189,968812,모란 여름 뉴욕시티SET,클릭,상하복,14000,2026-05-17,
1879,5월_아동 신상 여름 의류,2026-05-22,2026-06-09,190,962645,26여름)[이니키즈]베나플라워원피스,비다이어리,원피스,20000,2026-05-08,
1879,5월_아동 신상 여름 의류,2026-05-22,2026-06-09,191,967952,26여름)[이니키즈]사선체크블라우스팬츠상하세트,비다이어리,상하복,25000,2026-05-15,
1879,5월_아동 신상 여름 의류,2026-05-22,2026-06-09,192,967340,26여름)[이니키즈]마이라이프티셔츠,비다이어리,티셔츠,16000,2026-05-14,
1879,5월_아동 신상 여름 의류,2026-05-22,2026-06-09,193,967839,26여름)[이니키즈]펀치마우쓰티셔츠,비다이어리,티셔츠,16000,2026-05-15,
1879,5월_아동 신상 여름 의류,2026-05-22,2026-06-09,194,967333,26여름)[이니키즈]브로팬츠반바지,비다이어리,바지,18000,2026-05-14,
1879,5월_아동 신상 여름 의류,2026-05-22,2026-06-09,195,968742,모란 여름 레이고쟁이팬츠,클릭,바지,8000,2026-05-17,
1879,5월_아동 신상 여름 의류,2026-05-22,2026-06-09,196,968725,모란 여름 모노하트베베SET,클릭,상하복,10000,2026-05-17,
1879,5월_아동 신상 여름 의류,2026-05-22,2026-06-09,197,967848,26여름)[이니키즈]마크래빗티셔츠,비다이어리,티셔츠,16000,2026-05-15,
1879,5월_아동 신상 여름 의류,2026-05-22,2026-06-09,198,967330,26여름)[이니키즈]이지마운틴티셔츠,비다이어리,티셔츠,15000,2026-05-14,
1879,5월_아동 신상 여름 의류,2026-05-22,2026-06-09,199,967345,26여름)[이니키즈]네컷티셔츠,비다이어리,티셔츠,14000,2026-05-14,
1879,5월_아동 신상 여름 의류,2026-05-22,2026-06-09,200,968770,모란 여름 체리리본플리츠SET,클릭,상하복,13000,2026-05-17,
1879,5월_아동 신상 여름 의류,2026-05-22,2026-06-09,201,962605,26여름)[이니키즈]에나단가라티셔츠,비다이어리,티셔츠,15000,2026-05-08,
1879,5월_아동 신상 여름 의류,2026-05-22,2026-06-09,202,964304,26여름)[이니키즈]도아단가라나시점프수트,비다이어리,바지,21000,2026-05-11,
1879,5월_아동 신상 여름 의류,2026-05-22,2026-06-09,203,967915,26여름)[이니키즈]블루크라운마우쓰티셔츠,비다이어리,티셔츠,14000,2026-05-15,
1879,5월_아동 신상 여름 의류,2026-05-22,2026-06-09,204,962616,26여름)[이니키즈]루시화이트원피스,비다이어리,원피스,20000,2026-05-08,
1879,5월_아동 신상 여름 의류,2026-05-22,2026-06-09,205,967861,26여름)[이니키즈]포즈와이드팬츠,비다이어리,바지,22000,2026-05-15,
1879,5월_아동 신상 여름 의류,2026-05-22,2026-06-09,206,964295,26여름)[이니키즈]루엣블루머팬츠치마바지,비다이어리,바지,16000,2026-05-11,
1879,5월_아동 신상 여름 의류,2026-05-22,2026-06-09,207,967896,26여름)[이니키즈]오빗단가라롱원피스,비다이어리,원피스,20000,2026-05-15,
1879,5월_아동 신상 여름 의류,2026-05-22,2026-06-09,208,967829,26여름)[이니키즈]위드단가라티셔츠,비다이어리,티셔츠,16000,2026-05-15,
1879,5월_아동 신상 여름 의류,2026-05-22,2026-06-09,209,967858,26여름)[이니키즈]맥스포켓와이드팬츠,비다이어리,바지,20000,2026-05-15,
1879,5월_아동 신상 여름 의류,2026-05-22,2026-06-09,210,967895,26여름)[이니키즈]젠스체크스커트상하세트,비다이어리,상하복,23000,2026-05-15,
1879,5월_아동 신상 여름 의류,2026-05-22,2026-06-09,211,967888,26여름)[이니키즈]아머플라워팬츠상하세트,비다이어리,상하복,22000,2026-05-15,
1879,5월_아동 신상 여름 의류,2026-05-22,2026-06-09,212,967932,26여름)[이니키즈]쥬디원피스,비다이어리,원피스,23000,2026-05-15,
1879,5월_아동 신상 여름 의류,2026-05-22,2026-06-09,213,967854,26여름)[이니키즈]베지테리안티셔츠,비다이어리,티셔츠,18000,2026-05-15,
1879,5월_아동 신상 여름 의류,2026-05-22,2026-06-09,214,967941,26여름)[이니키즈]로지네이비민소매원피스,비다이어리,원피스,21000,2026-05-15,
1879,5월_아동 신상 여름 의류,2026-05-22,2026-06-09,215,968719,모란 여름 심플하트SET,클릭,상하복,13000,2026-05-17,
1879,5월_아동 신상 여름 의류,2026-05-22,2026-06-09,216,967935,26여름)[이니키즈]베이에스닉홀터넥원피스,비다이어리,원피스,23000,2026-05-15,
1879,5월_아동 신상 여름 의류,2026-05-22,2026-06-09,217,962619,26여름)[이니키즈]엘린블루원피스,비다이어리,원피스,20000,2026-05-08,
1879,5월_아동 신상 여름 의류,2026-05-22,2026-06-09,218,968787,모란 여름 스마일팝SET,클릭,상하복,15000,2026-05-17,
1879,5월_아동 신상 여름 의류,2026-05-22,2026-06-09,219,968733,모란 여름 데이지플리츠SET,클릭,상하복,12000,2026-05-17,
1879,5월_아동 신상 여름 의류,2026-05-22,2026-06-09,220,967866,26여름)[이니키즈]모브나일론와이드팬츠,비다이어리,바지,20000,2026-05-15,
1879,5월_아동 신상 여름 의류,2026-05-22,2026-06-09,221,962642,26여름)[이니키즈]지안민소매티셔츠,비다이어리,티셔츠,12000,2026-05-08,
1879,5월_아동 신상 여름 의류,2026-05-22,2026-06-09,222,967894,26여름)[이니키즈]젠스체크남방팬츠상하세트,비다이어리,상하복,23000,2026-05-15,
1879,5월_아동 신상 여름 의류,2026-05-22,2026-06-09,223,967859,26여름)[이니키즈]피트와이드팬츠,비다이어리,바지,21000,2026-05-15,
1879,5월_아동 신상 여름 의류,2026-05-22,2026-06-09,224,967846,26여름)[이니키즈]피클티셔츠,비다이어리,티셔츠,16000,2026-05-15,
1879,5월_아동 신상 여름 의류,2026-05-22,2026-06-09,225,967353,26여름)[이니키즈]메이크카라티셔츠,비다이어리,티셔츠,19000,2026-05-14,
1879,5월_아동 신상 여름 의류,2026-05-22,2026-06-09,226,962592,26여름)[이니키즈]리스프릴단가라티셔츠,비다이어리,티셔츠,17000,2026-05-08,
1879,5월_아동 신상 여름 의류,2026-05-22,2026-06-09,227,967833,26여름)[이니키즈]스핀쿠키티셔츠,비다이어리,티셔츠,16000,2026-05-15,
1879,5월_아동 신상 여름 의류,2026-05-22,2026-06-09,228,967834,26여름)[이니키즈]틴쿠티셔츠,비다이어리,티셔츠,18000,2026-05-15,
1879,5월_아동 신상 여름 의류,2026-05-22,2026-06-09,229,967342,26여름)[이니키즈]마이티셔츠,비다이어리,티셔츠,13000,2026-05-14,
1879,5월_아동 신상 여름 의류,2026-05-22,2026-06-09,230,964305,26여름)[이니키즈]코지나시점프수트,비다이어리,바지,20000,2026-05-11,
1879,5월_아동 신상 여름 의류,2026-05-22,2026-06-09,231,967918,26여름)[이니키즈]리본플라워티셔츠,비다이어리,티셔츠,16000,2026-05-15,
1879,5월_아동 신상 여름 의류,2026-05-22,2026-06-09,232,964306,26여름)[이니키즈]페어세로단가라점프수트,비다이어리,바지,22000,2026-05-11,
1879,5월_아동 신상 여름 의류,2026-05-22,2026-06-09,233,968732,모란 여름굿스마일SET,클릭,상하복,13000,2026-05-17,
1879,5월_아동 신상 여름 의류,2026-05-22,2026-06-09,234,968734,모란 여름 쿨플리츠SET,클릭,상하복,9000,2026-05-17,
1879,5월_아동 신상 여름 의류,2026-05-22,2026-06-09,235,967939,26여름)[이니키즈]루디블루체크원피스,비다이어리,원피스,23000,2026-05-15,
1879,5월_아동 신상 여름 의류,2026-05-22,2026-06-09,236,967882,26여름)[이니키즈]부스트단가라상하세트,비다이어리,상하복,21000,2026-05-15,
1879,5월_아동 신상 여름 의류,2026-05-22,2026-06-09,237,959310,오뜨베베 26여름 해피썸머바디슈트(수영복),클릭,상하복,15000,2026-05-04,
1879,5월_아동 신상 여름 의류,2026-05-22,2026-06-09,238,959309,오뜨베베 26여름 해피썸머수영복,클릭,상하복,22000,2026-05-04,
1879,5월_아동 신상 여름 의류,2026-05-22,2026-06-09,239,962606,26여름)[이니키즈]론다스팽글깃털팬츠,비다이어리,바지,16000,2026-05-08,
1879,5월_아동 신상 여름 의류,2026-05-22,2026-06-09,240,967824,26여름)[이니키즈]호수블루팬츠,비다이어리,바지,22000,2026-05-15,
1879,5월_아동 신상 여름 의류,2026-05-22,2026-06-09,241,967934,26여름)[이니키즈]수아체크홀터넥원피스,비다이어리,원피스,26000,2026-05-15,
1879,5월_아동 신상 여름 의류,2026-05-22,2026-06-09,242,967865,26여름)[이니키즈]리드핀턱5부팬츠,비다이어리,바지,21000,2026-05-15,
1879,5월_아동 신상 여름 의류,2026-05-22,2026-06-09,243,967355,26여름)[이니키즈]리밋카고바지팬츠,비다이어리,바지,23000,2026-05-14,
1879,5월_아동 신상 여름 의류,2026-05-22,2026-06-09,244,967841,26여름)[이니키즈]후프티셔츠,비다이어리,티셔츠,16000,2026-05-15,
1879,5월_아동 신상 여름 의류,2026-05-22,2026-06-09,245,962602,26여름)[이니키즈]베키도트와이드팬츠,비다이어리,바지,17000,2026-05-08,
1879,5월_아동 신상 여름 의류,2026-05-22,2026-06-09,246,968756,모란 여름 스마일티,클릭,티셔츠,7000,2026-05-17,
1879,5월_아동 신상 여름 의류,2026-05-22,2026-06-09,247,967929,26여름)[이니키즈]패치워크홀터넥원피스,비다이어리,원피스,22000,2026-05-15,
1879,5월_아동 신상 여름 의류,2026-05-22,2026-06-09,248,968735,모란 여름 사랑해SET,클릭,상하복,10000,2026-05-17,
1879,5월_아동 신상 여름 의류,2026-05-22,2026-06-09,249,964026,26여름)[조이엘로]체크프릴세트,리앤봉봉,상하복,15000,2026-05-11,
1879,5월_아동 신상 여름 의류,2026-05-22,2026-06-09,250,968827,모란 여름 멜번아이스조거팬츠,클릭,바지,7000,2026-05-17,
1879,5월_아동 신상 여름 의류,2026-05-22,2026-06-09,251,968795,모란 여름 캣티,클릭,티셔츠,9000,2026-05-17,
1879,5월_아동 신상 여름 의류,2026-05-22,2026-06-09,252,964080,26여름)[하트베이비](정품)몬스터얼굴반팔상하,리앤봉봉,상하복,13000,2026-05-11,
1879,5월_아동 신상 여름 의류,2026-05-22,2026-06-09,253,964212,26여름)[레브]워싱스트라이프카라티,리앤봉봉,티셔츠,12000,2026-05-11,
1879,5월_아동 신상 여름 의류,2026-05-22,2026-06-09,254,968811,모란 여름 해리티지SET,클릭,상하복,15000,2026-05-17,
1879,5월_아동 신상 여름 의류,2026-05-22,2026-06-09,255,968736,모란 여름 튤립프릴SET,클릭,상하복,13000,2026-05-17,
1879,5월_아동 신상 여름 의류,2026-05-22,2026-06-09,256,962610,26여름)[이니키즈]클로드미니스커트,비다이어리,스커트,13000,2026-05-08,
1879,5월_아동 신상 여름 의류,2026-05-22,2026-06-09,257,968800,모란 여름 썸띵베어티,클릭,티셔츠,9000,2026-05-17,
1879,5월_아동 신상 여름 의류,2026-05-22,2026-06-09,258,968807,모란 여름 단단티,클릭,티셔츠,8000,2026-05-17,
1879,5월_아동 신상 여름 의류,2026-05-22,2026-06-09,259,967889,26여름)[이니키즈]쉬드도트홀터넥롱원피스,비다이어리,원피스,21000,2026-05-15,
1879,5월_아동 신상 여름 의류,2026-05-22,2026-06-09,260,964029,26여름)[조이엘로]캉캉웨이브세트,리앤봉봉,상하복,22000,2026-05-11,
1879,5월_아동 신상 여름 의류,2026-05-22,2026-06-09,261,967335,26여름)[이니키즈]피포카고바지팬츠,비다이어리,바지,21000,2026-05-14,
1879,5월_아동 신상 여름 의류,2026-05-22,2026-06-09,262,968825,모란 여름 슈가도트티,클릭,티셔츠,8500,2026-05-17,
1879,5월_아동 신상 여름 의류,2026-05-22,2026-06-09,263,967331,26여름)[이니키즈]어반카티셔츠,비다이어리,티셔츠,16000,2026-05-14,
1879,5월_아동 신상 여름 의류,2026-05-22,2026-06-09,264,967838,26여름)[이니키즈]피자캣티셔츠,비다이어리,티셔츠,16000,2026-05-15,
1879,5월_아동 신상 여름 의류,2026-05-22,2026-06-09,265,964020,26여름)[조이엘로]엠보3종세트,리앤봉봉,상하복,17000,2026-05-11,
1879,5월_아동 신상 여름 의류,2026-05-22,2026-06-09,266,968792,모란 여름 베베스푼티,클릭,티셔츠,9000,2026-05-17,
1879,5월_아동 신상 여름 의류,2026-05-22,2026-06-09,267,964288,26여름)[이니키즈]베이블루머팬츠반바지,비다이어리,바지,14000,2026-05-11,
1879,5월_아동 신상 여름 의류,2026-05-22,2026-06-09,268,967844,26여름)[이니키즈]통통이티셔츠,비다이어리,티셔츠,16000,2026-05-15,
1879,5월_아동 신상 여름 의류,2026-05-22,2026-06-09,269,964023,26여름)[조이엘로]자스민세트,리앤봉봉,상하복,17000,2026-05-11,
1879,5월_아동 신상 여름 의류,2026-05-22,2026-06-09,270,967917,26여름)[이니키즈]호이단가라티셔츠,비다이어리,티셔츠,16000,2026-05-15,
1879,5월_아동 신상 여름 의류,2026-05-22,2026-06-09,271,967921,26여름)[이니키즈]그린체크와이드팬츠,비다이어리,바지,18000,2026-05-15,
1879,5월_아동 신상 여름 의류,2026-05-22,2026-06-09,272,967931,26여름)[이니키즈]로미라이트블루원피스,비다이어리,원피스,23000,2026-05-15,
1879,5월_아동 신상 여름 의류,2026-05-22,2026-06-09,273,959328,오뜨베베 26여름 피치플라워나시set,클릭,상하복,22000,2026-05-04,
1879,5월_아동 신상 여름 의류,2026-05-22,2026-06-09,274,964310,26여름)[이니키즈]브라보와펜팬츠반바지,비다이어리,바지,17000,2026-05-11,
1879,5월_아동 신상 여름 의류,2026-05-22,2026-06-09,275,964312,26여름)[이니키즈]딥스벌룬핏9부팬츠,비다이어리,바지,17000,2026-05-11,
1879,5월_아동 신상 여름 의류,2026-05-22,2026-06-09,276,964303,26여름)[이니키즈]블러나시점프수트,비다이어리,바지,20000,2026-05-11,
1879,5월_아동 신상 여름 의류,2026-05-22,2026-06-09,277,967899,26여름)[이니키즈]서킷체크상하세트,비다이어리,상하복,22000,2026-05-15,
1879,5월_아동 신상 여름 의류,2026-05-22,2026-06-09,278,967877,26여름)[이니키즈]여름별상하세트,비다이어리,상하복,21000,2026-05-15,
1879,5월_아동 신상 여름 의류,2026-05-22,2026-06-09,279,969857,26여름)[어반래빗]버블ST원피스,리앤봉봉,원피스,13000,2026-05-19,
1879,5월_아동 신상 여름 의류,2026-05-22,2026-06-09,280,964038,26여름)[조이엘로]하트타올세트,리앤봉봉,상하복,20000,2026-05-11,
1879,5월_아동 신상 여름 의류,2026-05-22,2026-06-09,281,964014,26여름)[조이엘로]스판세트,리앤봉봉,상하복,14000,2026-05-11,
1879,5월_아동 신상 여름 의류,2026-05-22,2026-06-09,282,964030,26여름)[조이엘로]쿨쿨세트,리앤봉봉,상하복,15000,2026-05-11,
1879,5월_아동 신상 여름 의류,2026-05-22,2026-06-09,283,968809,모란 여름 하트뿅뿅부츠컷SET,클릭,상하복,15000,2026-05-17,
1879,5월_아동 신상 여름 의류,2026-05-22,2026-06-09,284,967325,26여름)[이니키즈]비쿠티셔츠,비다이어리,티셔츠,16000,2026-05-14,
1879,5월_아동 신상 여름 의류,2026-05-22,2026-06-09,285,959322,오뜨베베 26여름 오띠데님크롭멜빵,클릭,티셔츠,21000,2026-05-04,
1879,5월_아동 신상 여름 의류,2026-05-22,2026-06-09,286,967946,26여름)[이니키즈]엘라화이트팬츠,비다이어리,바지,16000,2026-05-15,
1879,5월_아동 신상 여름 의류,2026-05-22,2026-06-09,287,968726,모란 여름 소풍SET,클릭,상하복,13000,2026-05-17,
1879,5월_아동 신상 여름 의류,2026-05-22,2026-06-09,288,962604,26여름)[이니키즈]글리부츠컷팬츠,비다이어리,바지,13000,2026-05-08,
1879,5월_아동 신상 여름 의류,2026-05-22,2026-06-09,289,962600,26여름)[이니키즈]쥬아도트벌룬원피스,비다이어리,원피스,23000,2026-05-08,
1879,5월_아동 신상 여름 의류,2026-05-22,2026-06-09,290,964075,26여름)[하트베이비](정품)MM미키반팔상하,리앤봉봉,상하복,13000,2026-05-11,
1879,5월_아동 신상 여름 의류,2026-05-22,2026-06-09,291,967853,26여름)[이니키즈]에너지단가라티셔츠,비다이어리,티셔츠,16000,2026-05-15,
1879,5월_아동 신상 여름 의류,2026-05-22,2026-06-09,292,964083,26여름)[하트베이비](정품)미키반팔상하,리앤봉봉,상하복,13000,2026-05-11,
1879,5월_아동 신상 여름 의류,2026-05-22,2026-06-09,293,968814,모란 여름 비비드부츠컷SET,클릭,상하복,11000,2026-05-17,
1879,5월_아동 신상 여름 의류,2026-05-22,2026-06-09,294,968816,모란 여름 파스타치오SET,클릭,상하복,13000,2026-05-17,
1879,5월_아동 신상 여름 의류,2026-05-22,2026-06-09,295,968790,모란 여름 페퍼보이티,클릭,티셔츠,9000,2026-05-17,
1879,5월_아동 신상 여름 의류,2026-05-22,2026-06-09,296,964087,26여름)[하트베이비](정품)미키와친구들반팔상하,리앤봉봉,상하복,13000,2026-05-11,
1879,5월_아동 신상 여름 의류,2026-05-22,2026-06-09,297,962433,26여름)[꿈베비]도버체크셔츠,꿈베비,셔츠/남방,14000,2026-05-08,
1879,5월_아동 신상 여름 의류,2026-05-22,2026-06-09,298,967864,26여름)[이니키즈]벨트핀턱7부팬츠,비다이어리,바지,18000,2026-05-15,
1879,5월_아동 신상 여름 의류,2026-05-22,2026-06-09,299,965763,26여름)[디세인트]크레파스4부팬츠,리앤봉봉,바지,9000,2026-05-13,
1879,5월_아동 신상 여름 의류,2026-05-22,2026-06-09,300,962437,26여름)[꿈베비]모달마요티,꿈베비,티셔츠,10000,2026-05-08,
1879,5월_아동 신상 여름 의류,2026-05-22,2026-06-09,301,968718,모란 여름 에브리블루머SET(베베사이즈),클릭,상하복,11000,2026-05-17,
1879,5월_아동 신상 여름 의류,2026-05-22,2026-06-09,302,964088,26여름)[하트베이비](정품)미키패턴반팔상하,리앤봉봉,상하복,15000,2026-05-11,
1879,5월_아동 신상 여름 의류,2026-05-22,2026-06-09,303,964028,26여름)[조이엘로]캉캉나시원피스,리앤봉봉,원피스,13000,2026-05-11,
1879,5월_아동 신상 여름 의류,2026-05-22,2026-06-09,304,964189,26여름)[레브]더블포켓바지,리앤봉봉,바지,16000,2026-05-11,
1879,5월_아동 신상 여름 의류,2026-05-22,2026-06-09,305,964017,26여름)[조이엘로]애플세트,리앤봉봉,상하복,17000,2026-05-11,
1879,5월_아동 신상 여름 의류,2026-05-22,2026-06-09,306,964082,26여름)[하트베이비](정품)미키롱트임반팔원피스,리앤봉봉,원피스,11000,2026-05-11,
1879,5월_아동 신상 여름 의류,2026-05-22,2026-06-09,307,963149,26여름)[릴리부스]기획/에센셜반팔티,릴리부스,티셔츠,6000,2026-05-08,
1879,5월_아동 신상 여름 의류,2026-05-22,2026-06-09,308,964218,26여름)[레브]코튼카고5부숏,리앤봉봉,바지,15000,2026-05-11,
1879,5월_아동 신상 여름 의류,2026-05-22,2026-06-09,309,965000,26여름)[버니파우더](기획)바스락팬츠,리앤봉봉,바지,11000,2026-05-12,
1879,5월_아동 신상 여름 의류,2026-05-22,2026-06-09,310,964032,26여름)[조이엘로]토끼타올원피스,리앤봉봉,원피스,12000,2026-05-11,
1879,5월_아동 신상 여름 의류,2026-05-22,2026-06-09,311,967885,26여름)[이니키즈]이비마우쓰롱원피스,비다이어리,원피스,20000,2026-05-15,
1879,5월_아동 신상 여름 의류,2026-05-22,2026-06-09,312,962607,26여름)[이니키즈]체링블루레이스원피스,비다이어리,원피스,24000,2026-05-08,
1879,5월_아동 신상 여름 의류,2026-05-22,2026-06-09,313,965761,26여름)[디세인트]퀄리티5부스판진,리앤봉봉,바지,12000,2026-05-13,
1879,5월_아동 신상 여름 의류,2026-05-22,2026-06-09,314,969853,26여름)[어반래빗]롤리팝ST통바지,리앤봉봉,바지,20000,2026-05-19,
1879,5월_아동 신상 여름 의류,2026-05-22,2026-06-09,315,964215,26여름)[레브]카모포켓팬츠,리앤봉봉,바지,16000,2026-05-11,
1879,5월_아동 신상 여름 의류,2026-05-22,2026-06-09,316,969852,26여름)[어반래빗]레이스반바지,리앤봉봉,바지,12000,2026-05-19,
1879,5월_아동 신상 여름 의류,2026-05-22,2026-06-09,317,964214,26여름)[레브]치노숏츠,리앤봉봉,바지,11000,2026-05-11,
1879,5월_아동 신상 여름 의류,2026-05-22,2026-06-09,318,967346,26여름)[이니키즈]위켄팬츠반바지,비다이어리,바지,17000,2026-05-14,
1879,5월_아동 신상 여름 의류,2026-05-22,2026-06-09,319,967942,26여름)[이니키즈]노니화이트와이드팬츠,비다이어리,바지,17000,2026-05-15,
1879,5월_아동 신상 여름 의류,2026-05-22,2026-06-09,320,962438,26여름)[꿈베비]모달포켓반팔티,꿈베비,티셔츠,8000,2026-05-08,
1879,5월_아동 신상 여름 의류,2026-05-22,2026-06-09,321,962435,26여름)[꿈베비]모달러브티,꿈베비,티셔츠,9000,2026-05-08,
1879,5월_아동 신상 여름 의류,2026-05-22,2026-06-09,322,962631,26여름)[이니키즈]온다스팽글킷털팬츠,비다이어리,바지,16000,2026-05-08,
1879,5월_아동 신상 여름 의류,2026-05-22,2026-06-09,323,967876,26여름)[이니키즈]여름별점프수트,비다이어리,바지,20000,2026-05-15,
1879,5월_아동 신상 여름 의류,2026-05-22,2026-06-09,324,962626,26여름)[이니키즈]이링블루체크팬츠스커트세트,비다이어리,바지,25000,2026-05-08,
1879,5월_아동 신상 여름 의류,2026-05-22,2026-06-09,325,965558,26여름)[마이베베]쿨링프릴나시,마이베베,기타,6000,2026-05-13,
1879,5월_아동 신상 여름 의류,2026-05-22,2026-06-09,326,964272,26여름)[이니키즈]단가라밴딩반바지팬츠,비다이어리,바지,14000,2026-05-11,
1879,5월_아동 신상 여름 의류,2026-05-22,2026-06-09,327,962432,26여름)[꿈베비]dr핀턱7부,꿈베비,바지,12000,2026-05-08,
1879,5월_아동 신상 여름 의류,2026-05-22,2026-06-09,328,964285,26여름)[이니키즈]노드단가라팬츠반바지,비다이어리,바지,12000,2026-05-11,
1879,5월_아동 신상 여름 의류,2026-05-22,2026-06-09,329,965551,26여름)[마이베베]와펜바람막이세트,마이베베,상하복,25000,2026-05-13,
1879,5월_아동 신상 여름 의류,2026-05-22,2026-06-09,330,959317,오뜨베베 26여름 오로라썸머나시set,클릭,상하복,18000,2026-05-04,
1879,5월_아동 신상 여름 의류,2026-05-22,2026-06-09,331,964313,26여름)[이니키즈]뉴트플라워레이스9부팬츠,비다이어리,바지,17000,2026-05-11,
1879,5월_아동 신상 여름 의류,2026-05-22,2026-06-09,332,965546,26여름)[마이베베]엘리골지티,마이베베,티셔츠,13000,2026-05-13,
1879,5월_아동 신상 여름 의류,2026-05-22,2026-06-09,333,962441,26여름)[꿈베비]썸머스판6부팬츠,꿈베비,바지,11000,2026-05-08,
1879,5월_아동 신상 여름 의류,2026-05-22,2026-06-09,334,962428,26여름)[꿈베비]dr레트로라인티,꿈베비,티셔츠,11000,2026-05-08,
1879,5월_아동 신상 여름 의류,2026-05-22,2026-06-09,335,967912,26여름)[이니키즈]토션블루체크팬츠,비다이어리,바지,19000,2026-05-15,
1879,5월_아동 신상 여름 의류,2026-05-22,2026-06-09,336,959320,오뜨베베 26여름 동물요루나시set,클릭,상하복,24000,2026-05-04,
1879,5월_아동 신상 여름 의류,2026-05-22,2026-06-09,337,965541,26여름)[마이베베]와플레이스세트,마이베베,상하복,18000,2026-05-13,
1879,5월_아동 신상 여름 의류,2026-05-22,2026-06-09,338,962623,26여름)[이니키즈]테라나일론팬츠,비다이어리,바지,16000,2026-05-08,
1879,5월_아동 신상 여름 의류,2026-05-22,2026-06-09,339,965554,26여름)[마이베베]프릴반바지,마이베베,바지,10000,2026-05-13,
1879,5월_아동 신상 여름 의류,2026-05-22,2026-06-09,340,967863,26여름)[이니키즈]체크절개단가라벌룬팬츠,비다이어리,바지,19000,2026-05-15,
1879,5월_아동 신상 여름 의류,2026-05-22,2026-06-09,341,964380,26여름)[미니레시피]백설summer드레스,미니레시피,원피스,36000,2026-05-11,
1879,5월_아동 신상 여름 의류,2026-05-22,2026-06-09,342,962589,26여름)[이니키즈]아토핀턱와이드팬츠벨트세트,비다이어리,바지,17000,2026-05-08,
1879,5월_아동 신상 여름 의류,2026-05-22,2026-06-09,343,964384,26여름)[미니레시피]스텔라드레스,미니레시피,원피스,33000,2026-05-11,
1879,5월_아동 신상 여름 의류,2026-05-22,2026-06-09,344,964379,26여름)[미니레시피]26anna드레스,미니레시피,원피스,39000,2026-05-11,
1879,5월_아동 신상 여름 의류,2026-05-22,2026-06-09,345,964386,26여름)[미니레시피]초록바다공주드레스,미니레시피,원피스,36000,2026-05-11,
1879,5월_아동 신상 여름 의류,2026-05-22,2026-06-09,346,963674,헤이 츄잉나시26여름,미즐,티셔츠,9000,2026-05-10,
1879,5월_아동 신상 여름 의류,2026-05-22,2026-06-09,347,962445,26여름)[꿈베비]쿨스판팬츠,꿈베비,바지,11000,2026-05-08,
1879,5월_아동 신상 여름 의류,2026-05-22,2026-06-09,348,967867,26여름)[이니키즈]페이스밀리터리카고팬츠,비다이어리,바지,22000,2026-05-15,
1879,5월_아동 신상 여름 의류,2026-05-22,2026-06-09,349,963673,헤이 짝꿍나시26여름,미즐,티셔츠,10000,2026-05-10,
1879,5월_아동 신상 여름 의류,2026-05-22,2026-06-09,350,963653,헤이 컬러티셔츠26여름,미즐,티셔츠,10000,2026-05-10,
1879,5월_아동 신상 여름 의류,2026-05-22,2026-06-09,351,968973,아오유 웨이세트26여름,미즐,상하복,16000,2026-05-17,
1879,5월_아동 신상 여름 의류,2026-05-22,2026-06-09,352,962446,26여름)[꿈베비]타이다이워싱팬츠,꿈베비,바지,16000,2026-05-08,
1879,5월_아동 신상 여름 의류,2026-05-22,2026-06-09,353,963660,헤이 도트고쟁이26여름,미즐,바지,12000,2026-05-10,
1879,5월_아동 신상 여름 의류,2026-05-22,2026-06-09,354,968970,아오유 써니팬츠26여름,미즐,바지,14000,2026-05-17,
1879,5월_아동 신상 여름 의류,2026-05-22,2026-06-09,355,963664,헤이 동그리팬츠26여름,미즐,바지,13000,2026-05-10,
1879,5월_아동 신상 여름 의류,2026-05-22,2026-06-09,356,967669,26여름)[레모네이드]캔디티,레모네이드,티셔츠,7000,2026-05-15,
1879,5월_아동 신상 여름 의류,2026-05-22,2026-06-09,357,965766,26여름)[디세인트]타이거티,리앤봉봉,티셔츠,7000,2026-05-13,
1879,5월_아동 신상 여름 의류,2026-05-22,2026-06-09,358,964086,26여름)[하트베이비](정품)미키앤미니얼굴반팔상하,리앤봉봉,상하복,13000,2026-05-11,
1879,5월_아동 신상 여름 의류,2026-05-22,2026-06-09,359,967922,26여름)[이니키즈]네이비레이스스커트팬츠,비다이어리,바지,18000,2026-05-15,
1879,5월_아동 신상 여름 의류,2026-05-22,2026-06-09,360,962440,26여름)[꿈베비]썬더단가라티,꿈베비,티셔츠,11000,2026-05-08,
1879,5월_아동 신상 여름 의류,2026-05-22,2026-06-09,361,962448,26여름)[꿈베비]텐셀여름이티,꿈베비,티셔츠,8000,2026-05-08,
1879,5월_아동 신상 여름 의류,2026-05-22,2026-06-09,362,962429,26여름)[꿈베비]dr무브팬츠,꿈베비,바지,9000,2026-05-08,
1879,5월_아동 신상 여름 의류,2026-05-22,2026-06-09,363,962442,26여름)[꿈베비]오스카팬츠,꿈베비,바지,16000,2026-05-08,
1879,5월_아동 신상 여름 의류,2026-05-22,2026-06-09,364,962597,26여름)[이니키즈]모모데님청바지스커트세트,비다이어리,바지,28000,2026-05-08,
1879,5월_아동 신상 여름 의류,2026-05-22,2026-06-09,365,964297,26여름)[이니키즈]리킷러플팬츠반바지,비다이어리,바지,14000,2026-05-11,
1879,5월_아동 신상 여름 의류,2026-05-22,2026-06-09,366,967914,26여름)[이니키즈]웨이스트브라운스커트,비다이어리,스커트,19000,2026-05-15,
1879,5월_아동 신상 여름 의류,2026-05-22,2026-06-09,367,965765,26여름)[디세인트]크릿티브띵스티,리앤봉봉,티셔츠,8000,2026-05-13,
1879,5월_아동 신상 여름 의류,2026-05-22,2026-06-09,368,964084,26여름)[하트베이비](정품)미키앤미니기본반팔티,리앤봉봉,티셔츠,5500,2026-05-11,
1879,5월_아동 신상 여름 의류,2026-05-22,2026-06-09,369,967900,26여름)[이니키즈]옐로트로피컬롱원피스,비다이어리,원피스,21000,2026-05-15,
1879,5월_아동 신상 여름 의류,2026-05-22,2026-06-09,370,968712,모란 여름 캐서린원피스,클릭,원피스,16000,2026-05-17,
1879,5월_아동 신상 여름 의류,2026-05-22,2026-06-09,371,968820,모란 여름 퍼피SET(컬러 바지기준),클릭,상하복,13000,2026-05-17,
1879,5월_아동 신상 여름 의류,2026-05-22,2026-06-09,372,965764,26여름)[디세인트]크루저캠프티,리앤봉봉,티셔츠,9000,2026-05-13,
1879,5월_아동 신상 여름 의류,2026-05-22,2026-06-09,373,962612,26여름)[이니키즈]멜로디캉캉스커트,비다이어리,스커트,19000,2026-05-08,
1879,5월_아동 신상 여름 의류,2026-05-22,2026-06-09,374,965770,26여름)[디세인트]플레이어티,리앤봉봉,티셔츠,7000,2026-05-13,
1879,5월_아동 신상 여름 의류,2026-05-22,2026-06-09,375,968784,모란 여름 멜로우티,클릭,티셔츠,7000,2026-05-17,
1879,5월_아동 신상 여름 의류,2026-05-22,2026-06-09,376,967826,26여름)[이니키즈]호피마우쓰상하세트,비다이어리,상하복,21000,2026-05-15,
1879,5월_아동 신상 여름 의류,2026-05-22,2026-06-09,377,962638,26여름)[이니키즈]이안단가라원피스가방세트,비다이어리,원피스,21000,2026-05-08,
1879,5월_아동 신상 여름 의류,2026-05-22,2026-06-09,378,964298,26여름)[이니키즈]홈래빗포켓카라티셔츠,비다이어리,티셔츠,16000,2026-05-11,
1879,5월_아동 신상 여름 의류,2026-05-22,2026-06-09,379,970519,26여름)[엘리몰리]블러쉬포니T(맘커플룩),엘리몰리,티셔츠,13000,2026-05-19,
1879,5월_아동 신상 여름 의류,2026-05-22,2026-06-09,380,965550,26여름)[마이베베]통통이세트,마이베베,상하복,18000,2026-05-13,
1879,5월_아동 신상 여름 의류,2026-05-22,2026-06-09,381,965540,26여름)[마이베베]리치프릴세트,마이베베,상하복,16000,2026-05-13,
1879,5월_아동 신상 여름 의류,2026-05-22,2026-06-09,382,962593,26여름)[이니키즈]비니부츠컷팬츠,비다이어리,바지,15000,2026-05-08,
1879,5월_아동 신상 여름 의류,2026-05-22,2026-06-09,383,965552,26여름)[마이베베]아일렛상하세트,마이베베,상하복,15000,2026-05-13,
1879,5월_아동 신상 여름 의류,2026-05-22,2026-06-09,384,968802,모란 여름 러브가든원피스,클릭,원피스,17000,2026-05-17,
1879,5월_아동 신상 여름 의류,2026-05-22,2026-06-09,385,963168,26여름)[릴리부스]오브젝티,릴리부스,티셔츠,8000,2026-05-08,
1879,5월_아동 신상 여름 의류,2026-05-22,2026-06-09,386,965549,26여름)[마이베베]비비원피스,마이베베,원피스,17000,2026-05-13,
1879,5월_아동 신상 여름 의류,2026-05-22,2026-06-09,387,970539,26여름)[엘리몰리]팝콘와이드pt,엘리몰리,바지,16000,2026-05-19,
1879,5월_아동 신상 여름 의류,2026-05-22,2026-06-09,388,961141,26여름)[오뜨베베]피치플라워나시상하복,오뜨베베,상하복,22000,2026-05-07,
1879,5월_아동 신상 여름 의류,2026-05-22,2026-06-09,389,970533,26여름)[엘리몰리]이지단추레이스pt,엘리몰리,바지,18000,2026-05-19,
1879,5월_아동 신상 여름 의류,2026-05-22,2026-06-09,390,962292,26여름)[조이엘로]깨발랄set,조이엘로,상하복,17000,2026-05-08,
1879,5월_아동 신상 여름 의류,2026-05-22,2026-06-09,391,961133,26여름)[오뜨베베]리본레이스오버롤,오뜨베베,바지,16000,2026-05-07,
1879,5월_아동 신상 여름 의류,2026-05-22,2026-06-09,392,962282,26여름)[조이엘로]뉴뉴set,조이엘로,상하복,16000,2026-05-08,
1879,5월_아동 신상 여름 의류,2026-05-22,2026-06-09,393,962272,26여름)[조이엘로]미니체리set,조이엘로,상하복,18000,2026-05-08,
1879,5월_아동 신상 여름 의류,2026-05-22,2026-06-09,394,962289,26여름)[조이엘로]단가라스트링set,조이엘로,상하복,15000,2026-05-08,
1879,5월_아동 신상 여름 의류,2026-05-22,2026-06-09,395,962276,26여름)[조이엘로]뷔스티에set,조이엘로,상하복,20000,2026-05-08,
1879,5월_아동 신상 여름 의류,2026-05-22,2026-06-09,396,962277,26여름)[조이엘로]레이스set,조이엘로,상하복,24000,2026-05-08,
1879,5월_아동 신상 여름 의류,2026-05-22,2026-06-09,397,969850,26여름)[어반래빗]레이스니트나시,리앤봉봉,기타,16000,2026-05-19,
1879,5월_아동 신상 여름 의류,2026-05-22,2026-06-09,398,962279,26여름)[조이엘로]로코3종set,조이엘로,상하복,18000,2026-05-08,
1879,5월_아동 신상 여름 의류,2026-05-22,2026-06-09,399,962285,26여름)[조이엘로]부츠컷3종set,조이엘로,상하복,20000,2026-05-08,
1879,5월_아동 신상 여름 의류,2026-05-22,2026-06-09,400,962280,26여름)[조이엘로]엠보3종set,조이엘로,상하복,17000,2026-05-08,
1879,5월_아동 신상 여름 의류,2026-05-22,2026-06-09,401,962278,26여름)[조이엘로]캉캉웨이브set,조이엘로,상하복,22000,2026-05-08,
1879,5월_아동 신상 여름 의류,2026-05-22,2026-06-09,402,962273,26여름)[조이엘로]하트타올set,조이엘로,상하복,20000,2026-05-08,
1879,5월_아동 신상 여름 의류,2026-05-22,2026-06-09,403,962599,26여름)[이니키즈]마샤레이스블랙스커트,비다이어리,스커트,17000,2026-05-08,
1879,5월_아동 신상 여름 의류,2026-05-22,2026-06-09,404,965769,26여름)[디세인트]프리플로워티,리앤봉봉,티셔츠,8000,2026-05-13,
1879,5월_아동 신상 여름 의류,2026-05-22,2026-06-09,405,966363,2026 SUMMER 베어 반팔맨투맨,블랙핑크,티셔츠,9000,2026-05-13,
1879,5월_아동 신상 여름 의류,2026-05-22,2026-06-09,406,962644,26여름)[이니키즈]마카스커트,비다이어리,스커트,14000,2026-05-08,
1879,5월_아동 신상 여름 의류,2026-05-22,2026-06-09,407,966314,2026 SUMMER 쉬폰 퍼프티,블랙핑크,티셔츠,10000,2026-05-13,
1879,5월_아동 신상 여름 의류,2026-05-22,2026-06-09,408,963677,헤이 젤리나시26여름,미즐,티셔츠,10000,2026-05-10,
1880,5월_시선을 사로잡는 여름 신상 반팔&나시,2026-05-22,2026-06-09,0,921126,(주문많은)(유행없이) 르마레 나염 티셔츠 여름 반팔 기본핏 코튼 면티,브리밍,반소매,8000,2026-03-24,
1880,5월_시선을 사로잡는 여름 신상 반팔&나시,2026-05-22,2026-06-09,1,893740,26SS-홀터넥나시 (홀터나시 민소매 슬리브리스 피서휴가룩 유니크데일리 단가라 스트라이프),샷건,민소매/나시,12000,2026-02-10,
1880,5월_시선을 사로잡는 여름 신상 반팔&나시,2026-05-22,2026-06-09,2,727491,아메리카반팔,프릴몬드,반소매,6000,2025-06-16,
1880,5월_시선을 사로잡는 여름 신상 반팔&나시,2026-05-22,2026-06-09,3,893739,26SS-슬리브셔츠 (카라 골지 나시셔츠 X스트랩 허리끈 리본 섹시글램 유니크 스트릿),샷건,민소매/나시,14000,2026-02-10,
1880,5월_시선을 사로잡는 여름 신상 반팔&나시,2026-05-22,2026-06-09,4,910607,로프뷔스티에 (페이즐 프릴 수술 생지끈 나무벨 끈조절가능 신상 피서룩 휴가 에스닉),샷건,민소매/나시,15000,2026-03-08,
1880,5월_시선을 사로잡는 여름 신상 반팔&나시,2026-05-22,2026-06-09,5,928890,데니쉬나시 (단가라 홀터넥 나시 민소매 휴가 피서 베스트 니트 레이어드),샷건,민소매/나시,12000,2026-03-31,
1880,5월_시선을 사로잡는 여름 신상 반팔&나시,2026-05-22,2026-06-09,6,928876,머스크나시 (셔링 스판 주름 배색 민소매 휴가 피서 드레이프 레이어드),샷건,민소매/나시,12000,2026-03-31,
1880,5월_시선을 사로잡는 여름 신상 반팔&나시,2026-05-22,2026-06-09,7,910612,롤리나시 (스판나시 단가라 배색 스트라이프 반오픈 단추 부유방커버 슬리브리스 트임),샷건,민소매/나시,14000,2026-03-08,
1880,5월_시선을 사로잡는 여름 신상 반팔&나시,2026-05-22,2026-06-09,8,917654,델타나시 (홀터넥 카울 민소매 휴가 피서 드레이프 레이어드 섹시글램 긱시크),샷건,민소매/나시,12000,2026-03-18,
1880,5월_시선을 사로잡는 여름 신상 반팔&나시,2026-05-22,2026-06-09,9,910637,26SS-파커나시 (투웨이 기본 데일리나시 부유방커버 라벨 무지 스판쫀쫀),샷건,민소매/나시,7000,2026-03-08,
1880,5월_시선을 사로잡는 여름 신상 반팔&나시,2026-05-22,2026-06-09,10,914092,팔레트나시 (히피보헤미안 끈나시 배색 랍빠 레이어드미니원피스 스판 단가라 신상),샷건,민소매/나시,12000,2026-03-12,
1880,5월_시선을 사로잡는 여름 신상 반팔&나시,2026-05-22,2026-06-09,11,960267,(주문폭주)잔줄나시(가슴패드내장),사이다,민소매/나시,9000,2026-05-06,
1880,5월_시선을 사로잡는 여름 신상 반팔&나시,2026-05-22,2026-06-09,12,966424,메드T ( 또또 패드내장 끈나시 란제리 ),럭키,민소매/나시,7000,2026-05-14,
1880,5월_시선을 사로잡는 여름 신상 반팔&나시,2026-05-22,2026-06-09,13,969531,(주문폭주)지퍼나시,사이다,민소매/나시,13000,2026-05-18,
1880,5월_시선을 사로잡는 여름 신상 반팔&나시,2026-05-22,2026-06-09,14,727471,멜바반팔,프릴몬드,반소매,6000,2025-06-16,
1880,5월_시선을 사로잡는 여름 신상 반팔&나시,2026-05-22,2026-06-09,15,727485,사일런스반팔,프릴몬드,반소매,5500,2025-06-16,
1880,5월_시선을 사로잡는 여름 신상 반팔&나시,2026-05-22,2026-06-09,16,923551,(소녀풍캐릭터)(고퀄) 리본소녀 나염 티셔츠 톡톡한 코튼 면티 반팔,브리밍,반소매,9000,2026-03-26,
1880,5월_시선을 사로잡는 여름 신상 반팔&나시,2026-05-22,2026-06-09,17,967500,로코SET ( 그물니트 민소매 홀터넥 나시 ),럭키,민소매/나시,11000,2026-05-15,
1880,5월_시선을 사로잡는 여름 신상 반팔&나시,2026-05-22,2026-06-09,18,921128,(좋은소재) (유행없이) 시너리 나염 티셔츠 코튼 면티 반팔 기본핏,브리밍,반소매,9000,2026-03-24,
1880,5월_시선을 사로잡는 여름 신상 반팔&나시,2026-05-22,2026-06-09,19,967097,오버랩T (여름신상 반팔이중레이어드티 세트 홀터넥나시 넥끈리본 기본 데일리 모던 베이직시크,샷건,반소매,14000,2026-05-14,
1880,5월_시선을 사로잡는 여름 신상 반팔&나시,2026-05-22,2026-06-09,20,964602,핫핑T ( 니트 민소매 나시 단가라 ),럭키,민소매/나시,6000,2026-05-12,
1880,5월_시선을 사로잡는 여름 신상 반팔&나시,2026-05-22,2026-06-09,21,965374,우프T ( 반집업 민소매 패드내장 ),럭키,민소매/나시,7000,2026-05-13,
1880,5월_시선을 사로잡는 여름 신상 반팔&나시,2026-05-22,2026-06-09,22,965366,믹스T ( 패드내장 민소매 레이스 골지 ),럭키,민소매/나시,6000,2026-05-13,
1880,5월_시선을 사로잡는 여름 신상 반팔&나시,2026-05-22,2026-06-09,23,960664,휴젠T ( 골지 레이스 캡소매 나그랑 니트 ),럭키,민소매/나시,7000,2026-05-07,
1880,5월_시선을 사로잡는 여름 신상 반팔&나시,2026-05-22,2026-06-09,24,971039,푸딩T ( 패드내장 골지 크롭 나시 ),럭키,민소매/나시,6500,2026-05-20,
1880,5월_시선을 사로잡는 여름 신상 반팔&나시,2026-05-22,2026-06-09,25,971038,퀄드T ( 패드내장 홀터넥 크롭 캡나시 스판 ),럭키,민소매/나시,4500,2026-05-20,
1880,5월_시선을 사로잡는 여름 신상 반팔&나시,2026-05-22,2026-06-09,26,959829,텔미T ( 패드내장 끈나시 신상 ),럭키,민소매/나시,6500,2026-05-06,
1880,5월_시선을 사로잡는 여름 신상 반팔&나시,2026-05-22,2026-06-09,27,957750,리본T ( 브이넥 패드내장 스판 반팔티),럭키,반소매,7000,2026-04-30,
1880,5월_시선을 사로잡는 여름 신상 반팔&나시,2026-05-22,2026-06-09,28,965358,헬시T ( 패드내장 끈나시 스트라이프 노브라 ),럭키,민소매/나시,6500,2026-05-13,
1880,5월_시선을 사로잡는 여름 신상 반팔&나시,2026-05-22,2026-06-09,29,959828,델리T ( 라운드 단가라 반팔니트 ),럭키,반소매,6000,2026-05-06,
1880,5월_시선을 사로잡는 여름 신상 반팔&나시,2026-05-22,2026-06-09,30,966333,(3칼라신상)에스스타피그먼트,고릴라,반소매,8000,2026-05-13,
1880,5월_시선을 사로잡는 여름 신상 반팔&나시,2026-05-22,2026-06-09,31,965371,트리T ( 단가라 니트 반팔 ),럭키,반소매,5000,2026-05-13,
1880,5월_시선을 사로잡는 여름 신상 반팔&나시,2026-05-22,2026-06-09,32,965120,쉬어슬리브리스(여름신상 시스루 레이어드 나시세트 링클 블라우스 바캉스),플랫유,민소매/나시,12000,2026-05-12,
1880,5월_시선을 사로잡는 여름 신상 반팔&나시,2026-05-22,2026-06-09,33,969705,헌터T ( 패드내장 후드 민소매 나시티 ),럭키,민소매/나시,6000,2026-05-19,
1880,5월_시선을 사로잡는 여름 신상 반팔&나시,2026-05-22,2026-06-09,34,966339,(3칼라신상)레터링배색원숄더반팔,고릴라,반소매,10000,2026-05-13,
1880,5월_시선을 사로잡는 여름 신상 반팔&나시,2026-05-22,2026-06-09,35,963759,롤링 웨이브 이중 반팔T,하이라이트,반소매,13000,2026-05-11,
1880,5월_시선을 사로잡는 여름 신상 반팔&나시,2026-05-22,2026-06-09,36,963510,[26ss 국내생산]롤리 홀터,하이라이트,민소매/나시,10000,2026-05-10,
1880,5월_시선을 사로잡는 여름 신상 반팔&나시,2026-05-22,2026-06-09,37,958276,썸머버튼반팔 소프트 라운드넥 버튼 반팔 가디건,헵번,반소매,13000,2026-04-30,
1880,5월_시선을 사로잡는 여름 신상 반팔&나시,2026-05-22,2026-06-09,38,962174,리본밤비반팔,더플렉스,반소매,14000,2026-05-08,
1880,5월_시선을 사로잡는 여름 신상 반팔&나시,2026-05-22,2026-06-09,39,959838,밸류스판티,미니멀,반소매,7000,2026-05-06,
1880,5월_시선을 사로잡는 여름 신상 반팔&나시,2026-05-22,2026-06-09,40,966342,(3칼라신상)에스티소매포인트반팔,고릴라,반소매,8000,2026-05-13,
1880,5월_시선을 사로잡는 여름 신상 반팔&나시,2026-05-22,2026-06-09,41,959498,실버링홀터나시,더플렉스,민소매/나시,10000,2026-05-05,
1880,5월_시선을 사로잡는 여름 신상 반팔&나시,2026-05-22,2026-06-09,42,960632,허니자수단가라T (신상 자수 스트라이프 반팔 티셔츠 오버핏),더블에이치,반소매,12000,2026-05-07,
1880,5월_시선을 사로잡는 여름 신상 반팔&나시,2026-05-22,2026-06-09,43,959497,도트스트랩나시,더플렉스,민소매/나시,8000,2026-05-05,
1880,5월_시선을 사로잡는 여름 신상 반팔&나시,2026-05-22,2026-06-09,44,959504,글리하트반팔,더플렉스,반소매,12000,2026-05-05,
1880,5월_시선을 사로잡는 여름 신상 반팔&나시,2026-05-22,2026-06-09,45,959500,메쉬뷔스티에,더플렉스,민소매/나시,14000,2026-05-05,
1880,5월_시선을 사로잡는 여름 신상 반팔&나시,2026-05-22,2026-06-09,46,962175,큐티반팔,더플렉스,반소매,11000,2026-05-08,
1880,5월_시선을 사로잡는 여름 신상 반팔&나시,2026-05-22,2026-06-09,47,960630,하트피그단가라T (신상 단가라 피그먼트 오버핏 반팔 티셔츠),더블에이치,반소매,15000,2026-05-07,
1880,5월_시선을 사로잡는 여름 신상 반팔&나시,2026-05-22,2026-06-09,48,966332,(5칼라신상)백크로스오픈크롭,고릴라,반소매,8000,2026-05-13,
1880,5월_시선을 사로잡는 여름 신상 반팔&나시,2026-05-22,2026-06-09,49,965102,포엔골지배색티(여름신상 모달 스판 링거 스판 슬림 여리 레이어드 라운드),플랫유,반소매,7000,2026-05-12,
1880,5월_시선을 사로잡는 여름 신상 반팔&나시,2026-05-22,2026-06-09,50,963509,[26ss 국내생산]롤리티,하이라이트,민소매/나시,7000,2026-05-10,
1880,5월_시선을 사로잡는 여름 신상 반팔&나시,2026-05-22,2026-06-09,51,969630,에프03피그먼트레이어드,고릴라,반소매,9000,2026-05-18,
1880,5월_시선을 사로잡는 여름 신상 반팔&나시,2026-05-22,2026-06-09,52,965363,니켈T ( 패드내장 캡소매 반팔 스카프 ),럭키,반소매,7000,2026-05-13,
1880,5월_시선을 사로잡는 여름 신상 반팔&나시,2026-05-22,2026-06-09,53,969161,콘트배색나시,고릴라,민소매/나시,5000,2026-05-17,
1880,5월_시선을 사로잡는 여름 신상 반팔&나시,2026-05-22,2026-06-09,54,967417,샤인스타오프,고릴라,반소매,6000,2026-05-14,
1880,5월_시선을 사로잡는 여름 신상 반팔&나시,2026-05-22,2026-06-09,55,969169,백망사포인트크롭반팔,고릴라,반소매,8000,2026-05-17,
1880,5월_시선을 사로잡는 여름 신상 반팔&나시,2026-05-22,2026-06-09,56,962127,로컬반팔T (오버핏 서프스타일 데일리 캐쥬얼 여름 티셔츠),바이지오,반소매,6000,2026-05-07,
1880,5월_시선을 사로잡는 여름 신상 반팔&나시,2026-05-22,2026-06-09,57,969165,28스트링크롭반팔,고릴라,반소매,8000,2026-05-17,
1880,5월_시선을 사로잡는 여름 신상 반팔&나시,2026-05-22,2026-06-09,58,967467,피노키오 나염반팔티,끌림,반소매,18000,2026-05-14,
1880,5월_시선을 사로잡는 여름 신상 반팔&나시,2026-05-22,2026-06-09,59,969288,서브도그티,더별,반소매,7000,2026-05-18,
1880,5월_시선을 사로잡는 여름 신상 반팔&나시,2026-05-22,2026-06-09,60,959267,깅엄체크 레이스 밑단 루즈핏 민소매 블라우스,반하다,민소매/나시,22000,2026-05-04,
1880,5월_시선을 사로잡는 여름 신상 반팔&나시,2026-05-22,2026-06-09,61,969626,(4칼라신상)오티라인디테일반팔,고릴라,반소매,9000,2026-05-18,
1880,5월_시선을 사로잡는 여름 신상 반팔&나시,2026-05-22,2026-06-09,62,959501,투게더반팔,더플렉스,반소매,11000,2026-05-05,
1880,5월_시선을 사로잡는 여름 신상 반팔&나시,2026-05-22,2026-06-09,63,959853,웨이브 스트라이프 자카드 반팔 티셔츠,더줄리,반소매,9000,2026-05-06,
1880,5월_시선을 사로잡는 여름 신상 반팔&나시,2026-05-22,2026-06-09,64,959953,대박기획) 616 작은리본 반팔 면티셔츠 자수 라운드넥 코튼 6컬러 데일리 기본핏,라라스윗,반소매,5500,2026-05-06,
1880,5월_시선을 사로잡는 여름 신상 반팔&나시,2026-05-22,2026-06-09,65,969629,(5칼라신상)티어레터링백오픈반팔,고릴라,반소매,10000,2026-05-18,
1880,5월_시선을 사로잡는 여름 신상 반팔&나시,2026-05-22,2026-06-09,66,965235,언박스 면티,라비제이(Lavi-J),반소매,13000,2026-05-12,
1880,5월_시선을 사로잡는 여름 신상 반팔&나시,2026-05-22,2026-06-09,67,960574,레몬반팔티 (라운드넥 쥬시 과일 티셔츠 오버핏 반팔),바이지오,반소매,7000,2026-05-06,
1880,5월_시선을 사로잡는 여름 신상 반팔&나시,2026-05-22,2026-06-09,68,967513,절개단작티,더플렉스,반소매,8000,2026-05-15,
1880,5월_시선을 사로잡는 여름 신상 반팔&나시,2026-05-22,2026-06-09,69,959503,라드오프숄더,더플렉스,반소매,10000,2026-05-05,
1880,5월_시선을 사로잡는 여름 신상 반팔&나시,2026-05-22,2026-06-09,70,959506,샤샤골지나시,더플렉스,민소매/나시,15000,2026-05-05,
1880,5월_시선을 사로잡는 여름 신상 반팔&나시,2026-05-22,2026-06-09,71,962173,레브롱나시,더플렉스,민소매/나시,16000,2026-05-08,
1880,5월_시선을 사로잡는 여름 신상 반팔&나시,2026-05-22,2026-06-09,72,962031,배색옆끈조절티셔츠,나다,반소매,12000,2026-05-07,
1880,5월_시선을 사로잡는 여름 신상 반팔&나시,2026-05-22,2026-06-09,73,967415,86백포인트브이넥,고릴라,반소매,10000,2026-05-14,
1880,5월_시선을 사로잡는 여름 신상 반팔&나시,2026-05-22,2026-06-09,74,966346,(4칼라신상)바이브호피87크롭,고릴라,반소매,8000,2026-05-13,
1880,5월_시선을 사로잡는 여름 신상 반팔&나시,2026-05-22,2026-06-09,75,971088,단가라끈나시,니트존,민소매/나시,5000,2026-05-20,
1880,5월_시선을 사로잡는 여름 신상 반팔&나시,2026-05-22,2026-06-09,76,969166,포니단가라루즈반팔,고릴라,반소매,11000,2026-05-17,
1880,5월_시선을 사로잡는 여름 신상 반팔&나시,2026-05-22,2026-06-09,77,969934,V넥/반팔 티셔츠(TT-3500),루나앤솔,반소매,6000,2026-05-19,
1880,5월_시선을 사로잡는 여름 신상 반팔&나시,2026-05-22,2026-06-09,78,969844,골지 스판 슬림 끈나시 탑,나라,민소매/나시,3500,2026-05-19,
1880,5월_시선을 사로잡는 여름 신상 반팔&나시,2026-05-22,2026-06-09,79,966969,썸머랩T 썸머 부클 랩 여름니트 반소매 가디건 강추,헵번,반소매,12000,2026-05-14,
1880,5월_시선을 사로잡는 여름 신상 반팔&나시,2026-05-22,2026-06-09,80,962207,달콤 쟈가드 나시,하이라이트,민소매/나시,12000,2026-05-08,
1880,5월_시선을 사로잡는 여름 신상 반팔&나시,2026-05-22,2026-06-09,81,971044,아모르 레터링 면스판 자수반팔 티셔츠,가쉽,반소매,9000,2026-05-20,
1880,5월_시선을 사로잡는 여름 신상 반팔&나시,2026-05-22,2026-06-09,82,965016,라벨크롭티 (박시핏 데일리룩 루즈핏 포인트라벨 꾸안꾸),바이지오,반소매,4000,2026-05-12,
1880,5월_시선을 사로잡는 여름 신상 반팔&나시,2026-05-22,2026-06-09,83,969701,글램셔링티,더별,반소매,7000,2026-05-19,
1880,5월_시선을 사로잡는 여름 신상 반팔&나시,2026-05-22,2026-06-09,84,960580,뽀글안경 면티,라비제이(Lavi-J),반소매,11000,2026-05-06,
1880,5월_시선을 사로잡는 여름 신상 반팔&나시,2026-05-22,2026-06-09,85,959288,다잉 런닝 직기나시,반하다,민소매/나시,11000,2026-05-04,
1880,5월_시선을 사로잡는 여름 신상 반팔&나시,2026-05-22,2026-06-09,86,967510,샤이닝반팔,더플렉스,반소매,11000,2026-05-15,
1880,5월_시선을 사로잡는 여름 신상 반팔&나시,2026-05-22,2026-06-09,87,959457,랩슬림 반팔,데이원(dayone),반소매,8000,2026-05-04,
1880,5월_시선을 사로잡는 여름 신상 반팔&나시,2026-05-22,2026-06-09,88,967418,파스텔오프숄더,고릴라,반소매,7000,2026-05-14,
1880,5월_시선을 사로잡는 여름 신상 반팔&나시,2026-05-22,2026-06-09,89,959826,쿠드T ( 브이넥 랩 니트 캡소매 ),럭키,반소매,6500,2026-05-06,
1880,5월_시선을 사로잡는 여름 신상 반팔&나시,2026-05-22,2026-06-09,90,962172,베니오프,더플렉스,반소매,10000,2026-05-08,
1880,5월_시선을 사로잡는 여름 신상 반팔&나시,2026-05-22,2026-06-09,91,959502,딸기캣반팔,더플렉스,반소매,11000,2026-05-05,
1880,5월_시선을 사로잡는 여름 신상 반팔&나시,2026-05-22,2026-06-09,92,967466,산딸기 나염반팔티,끌림,반소매,15000,2026-05-14,
1880,5월_시선을 사로잡는 여름 신상 반팔&나시,2026-05-22,2026-06-09,93,965277,레이스카라t,데얼즈,반소매,16000,2026-05-13,
1880,5월_시선을 사로잡는 여름 신상 반팔&나시,2026-05-22,2026-06-09,94,959505,틴틴카라티,더플렉스,반소매,10000,2026-05-05,
1880,5월_시선을 사로잡는 여름 신상 반팔&나시,2026-05-22,2026-06-09,95,965254,라운드 버포인트 민소매 티셔츠,나다,민소매/나시,10000,2026-05-13,
1880,5월_시선을 사로잡는 여름 신상 반팔&나시,2026-05-22,2026-06-09,96,966396,베스트 파인절개티,끌림,반소매,17000,2026-05-14,
1880,5월_시선을 사로잡는 여름 신상 반팔&나시,2026-05-22,2026-06-09,97,967414,90호피루즈오프반팔,고릴라,반소매,11000,2026-05-14,
1880,5월_시선을 사로잡는 여름 신상 반팔&나시,2026-05-22,2026-06-09,98,969211,와일드 러브 나염반팔티,끌림,반소매,16000,2026-05-18,
1880,5월_시선을 사로잡는 여름 신상 반팔&나시,2026-05-22,2026-06-09,99,966968,누브랩T 레이온린넨 랩스트랩 반소매 니트탑,헵번,반소매,12000,2026-05-14,
1880,5월_시선을 사로잡는 여름 신상 반팔&나시,2026-05-22,2026-06-09,100,962176,베니오프,더플렉스,반소매,10000,2026-05-08,
1880,5월_시선을 사로잡는 여름 신상 반팔&나시,2026-05-22,2026-06-09,101,970984,빈티지 영문 나염반팔티,끌림,반소매,17000,2026-05-20,
1880,5월_시선을 사로잡는 여름 신상 반팔&나시,2026-05-22,2026-06-09,102,967416,업스타배색옆셔링오프반팔,고릴라,반소매,7000,2026-05-14,
1880,5월_시선을 사로잡는 여름 신상 반팔&나시,2026-05-22,2026-06-09,103,969936,스퀘어넥/반팔 티셔츠(TT-3502),루나앤솔,반소매,6000,2026-05-19,
1880,5월_시선을 사로잡는 여름 신상 반팔&나시,2026-05-22,2026-06-09,104,960620,스마일네프T (신상 자수 반팔 티셔츠 슬림),더블에이치,반소매,8000,2026-05-07,
1880,5월_시선을 사로잡는 여름 신상 반팔&나시,2026-05-22,2026-06-09,105,969634,원숄더도트포인트,고릴라,반소매,7000,2026-05-18,
1880,5월_시선을 사로잡는 여름 신상 반팔&나시,2026-05-22,2026-06-09,106,969937,반목폴라 티셔츠(TT-3503),루나앤솔,반소매,6000,2026-05-19,
1880,5월_시선을 사로잡는 여름 신상 반팔&나시,2026-05-22,2026-06-09,107,960658,"슬림핏-골지리본브이넥반팔-섹시글램룩,캡소매,봄여름티,끈포인트,쫀쫀,레이온",데일르,반소매,7000,2026-05-07,
1880,5월_시선을 사로잡는 여름 신상 반팔&나시,2026-05-22,2026-06-09,108,960589,달달라운드T (재진행 세트가능 오버핏 빅사이즈 반팔 티셔츠),더블에이치,반소매,12000,2026-05-07,
1880,5월_시선을 사로잡는 여름 신상 반팔&나시,2026-05-22,2026-06-09,109,967427,비즈 엠m 반짝이 반팔티,마루,반소매,12000,2026-05-14,
1880,5월_시선을 사로잡는 여름 신상 반팔&나시,2026-05-22,2026-06-09,110,969846,골지 유넥 베이직 나시 탑,나라,민소매/나시,4000,2026-05-19,
1880,5월_시선을 사로잡는 여름 신상 반팔&나시,2026-05-22,2026-06-09,111,969322,언발레이스 티셔츠,도도스레이블,반소매,15000,2026-05-18,
1880,5월_시선을 사로잡는 여름 신상 반팔&나시,2026-05-22,2026-06-09,112,969286,언발스판티,더별,반소매,6000,2026-05-18,
1880,5월_시선을 사로잡는 여름 신상 반팔&나시,2026-05-22,2026-06-09,113,957747,펜퍼T ( 패드내장 셔링 반팔티 ),럭키,반소매,7000,2026-04-30,
1880,5월_시선을 사로잡는 여름 신상 반팔&나시,2026-05-22,2026-06-09,114,969942,나시(TT-3508),루나앤솔,민소매/나시,6000,2026-05-19,
1880,5월_시선을 사로잡는 여름 신상 반팔&나시,2026-05-22,2026-06-09,115,960604,봉봉모달T (신상 모달 스판 라운드 반팔 티셔츠),더블에이치,반소매,7000,2026-05-07,
1880,5월_시선을 사로잡는 여름 신상 반팔&나시,2026-05-22,2026-06-09,116,960608,더모어삼중T (신상 삼중지 반팔 티셔츠 오버핏 빅사이즈),더블에이치,반소매,10000,2026-05-07,
1880,5월_시선을 사로잡는 여름 신상 반팔&나시,2026-05-22,2026-06-09,117,959858,메쉬레이어드나시,더줄리,민소매/나시,13000,2026-05-06,
1880,5월_시선을 사로잡는 여름 신상 반팔&나시,2026-05-22,2026-06-09,118,965280,강아지t,데얼즈,반소매,14000,2026-05-13,
1880,5월_시선을 사로잡는 여름 신상 반팔&나시,2026-05-22,2026-06-09,119,963740,랍빠배색 나시티,반하다,민소매/나시,19000,2026-05-11,
1880,5월_시선을 사로잡는 여름 신상 반팔&나시,2026-05-22,2026-06-09,120,969938,U넥 티셔츠(TT-3504),루나앤솔,반소매,7000,2026-05-19,
1880,5월_시선을 사로잡는 여름 신상 반팔&나시,2026-05-22,2026-06-09,121,967505,"슬림핏-엑스레이스끈나시-브이넥,골지,여름썸머,레이어드,가디건이너,뷔스티에",데일르,민소매/나시,5000,2026-05-15,
1880,5월_시선을 사로잡는 여름 신상 반팔&나시,2026-05-22,2026-06-09,122,960609,로맨틱삼중T (신상 삼중지 반팔 티셔츠 오버핏 빅사이즈),더블에이치,반소매,10000,2026-05-07,
1880,5월_시선을 사로잡는 여름 신상 반팔&나시,2026-05-22,2026-06-09,123,971054,카일리  스냅단추  나시 배색  탑나시,가쉽,민소매/나시,10000,2026-05-20,
1880,5월_시선을 사로잡는 여름 신상 반팔&나시,2026-05-22,2026-06-09,124,969289,허리보정브이티,더별,반소매,6000,2026-05-18,
1880,5월_시선을 사로잡는 여름 신상 반팔&나시,2026-05-22,2026-06-09,125,969642,웰시코기 자수 반팔,리버스,반소매,8000,2026-05-18,
1880,5월_시선을 사로잡는 여름 신상 반팔&나시,2026-05-22,2026-06-09,126,960633,애플텐션단가라T (신상 스판굿 반팔 티셔츠),더블에이치,반소매,10000,2026-05-07,
1880,5월_시선을 사로잡는 여름 신상 반팔&나시,2026-05-22,2026-06-09,127,969641,굿럭 강아지 반팔,리버스,반소매,10000,2026-05-18,
1880,5월_시선을 사로잡는 여름 신상 반팔&나시,2026-05-22,2026-06-09,128,971104,루시 버튼나시 니트,로웰,민소매/나시,19000,2026-05-20,
1880,5월_시선을 사로잡는 여름 신상 반팔&나시,2026-05-22,2026-06-09,129,969728,레이스끈 가디건,나라,반소매,14000,2026-05-19,
1880,5월_시선을 사로잡는 여름 신상 반팔&나시,2026-05-22,2026-06-09,130,969761,레이NT,니트존,반소매,12000,2026-05-19,
1880,5월_시선을 사로잡는 여름 신상 반팔&나시,2026-05-22,2026-06-09,131,958677,포인트나시,또또,민소매/나시,6000,2026-05-02,
1880,5월_시선을 사로잡는 여름 신상 반팔&나시,2026-05-22,2026-06-09,132,969632,(4칼라신상)땡땡이홀터넥민소매,고릴라,민소매/나시,7000,2026-05-18,
1880,5월_시선을 사로잡는 여름 신상 반팔&나시,2026-05-22,2026-06-09,133,960582,레인 면티,라비제이(Lavi-J),반소매,11000,2026-05-06,
1880,5월_시선을 사로잡는 여름 신상 반팔&나시,2026-05-22,2026-06-09,134,962185,헨리 나시,로웰,민소매/나시,13000,2026-05-08,
1880,5월_시선을 사로잡는 여름 신상 반팔&나시,2026-05-22,2026-06-09,135,960639,올디즈바이오T (신상 얇은 반팔 티셔츠),더블에이치,반소매,12000,2026-05-07,
1880,5월_시선을 사로잡는 여름 신상 반팔&나시,2026-05-22,2026-06-09,136,966401,하트 포인트 반팔티,끌림,반소매,17000,2026-05-14,
1880,5월_시선을 사로잡는 여름 신상 반팔&나시,2026-05-22,2026-06-09,137,967515,캣츠반팔,더플렉스,반소매,7000,2026-05-15,
1880,5월_시선을 사로잡는 여름 신상 반팔&나시,2026-05-22,2026-06-09,138,966335,(3칼라신상)OK배색나시,고릴라,민소매/나시,5000,2026-05-13,
1880,5월_시선을 사로잡는 여름 신상 반팔&나시,2026-05-22,2026-06-09,139,959461,스퀘어넥 레이스 반팔,데이원(dayone),반소매,8000,2026-05-04,
1880,5월_시선을 사로잡는 여름 신상 반팔&나시,2026-05-22,2026-06-09,140,957719,하와이 와이키키 비치 프린트 반소매 티셔츠,그로우,반소매,8000,2026-04-30,
1880,5월_시선을 사로잡는 여름 신상 반팔&나시,2026-05-22,2026-06-09,141,969941,나시(TT-3507),루나앤솔,민소매/나시,6000,2026-05-19,
1880,5월_시선을 사로잡는 여름 신상 반팔&나시,2026-05-22,2026-06-09,142,969939,U넥 티셔츠(TT-3505),루나앤솔,반소매,7000,2026-05-19,
1880,5월_시선을 사로잡는 여름 신상 반팔&나시,2026-05-22,2026-06-09,143,966408,브세민나시,리썸,민소매/나시,11000,2026-05-14,
1880,5월_시선을 사로잡는 여름 신상 반팔&나시,2026-05-22,2026-06-09,144,969208,영문배색 나그랑 반팔티,끌림,반소매,15000,2026-05-18,
1880,5월_시선을 사로잡는 여름 신상 반팔&나시,2026-05-22,2026-06-09,145,958439,빈티지 무드 오버핏 로고 프린팅 반팔티,그로우,반소매,8000,2026-04-30,
1880,5월_시선을 사로잡는 여름 신상 반팔&나시,2026-05-22,2026-06-09,146,970986,리오더 1위 젤라또 퍼프티,끌림,반소매,18000,2026-05-20,
1880,5월_시선을 사로잡는 여름 신상 반팔&나시,2026-05-22,2026-06-09,147,969671,미니라벨 반팔티,끌림,반소매,13000,2026-05-18,
1880,5월_시선을 사로잡는 여름 신상 반팔&나시,2026-05-22,2026-06-09,148,957720,뉴욕 8번 프린팅 오버핏 반소매 티셔츠,그로우,반소매,8000,2026-04-30,
1880,5월_시선을 사로잡는 여름 신상 반팔&나시,2026-05-22,2026-06-09,149,957749,민트T ( 패드내장 언발 끈오프 스판 골지 ),럭키,반소매,6500,2026-04-30,
1880,5월_시선을 사로잡는 여름 신상 반팔&나시,2026-05-22,2026-06-09,150,969935,U넥/반팔 티셔츠(TT-3501),루나앤솔,반소매,6000,2026-05-19,
1880,5월_시선을 사로잡는 여름 신상 반팔&나시,2026-05-22,2026-06-09,151,960659,"슬림핏-쿠션끈나시-부유방커버,국내생산,데일리,이너,스포티,봄여름,쫀득스판",데일르,민소매/나시,4500,2026-05-07,
1880,5월_시선을 사로잡는 여름 신상 반팔&나시,2026-05-22,2026-06-09,152,960619,린지캡나시 (신상 캡내장 교환환불 불가 ),더블에이치,민소매/나시,12000,2026-05-07,
1880,5월_시선을 사로잡는 여름 신상 반팔&나시,2026-05-22,2026-06-09,153,969940,V넥 티셔츠(TT-3506),루나앤솔,반소매,7000,2026-05-19,
1880,5월_시선을 사로잡는 여름 신상 반팔&나시,2026-05-22,2026-06-09,154,960581,엘리 면티,라비제이(Lavi-J),반소매,11000,2026-05-06,
1880,5월_시선을 사로잡는 여름 신상 반팔&나시,2026-05-22,2026-06-09,155,959954,주문폭주 171 그린애플 반팔 티셔츠 프린팅 면 라운드넥 루즈핏 4컬러,라라스윗,반소매,6500,2026-05-06,
1880,5월_시선을 사로잡는 여름 신상 반팔&나시,2026-05-22,2026-06-09,156,971089,세일) 골지양R반팔,니트존,반소매,3000,2026-05-20,
1880,5월_시선을 사로잡는 여름 신상 반팔&나시,2026-05-22,2026-06-09,157,963719,인기)줄무늬 가로스트링 반팔티,로라,반소매,10000,2026-05-11,
1880,5월_시선을 사로잡는 여름 신상 반팔&나시,2026-05-22,2026-06-09,158,959285,직기다잉 면티,반하다,반소매,17000,2026-05-04,
1880,5월_시선을 사로잡는 여름 신상 반팔&나시,2026-05-22,2026-06-09,159,962673,린넨 레오나시,오아르(OAR),민소매/나시,9000,2026-05-08,
1880,5월_시선을 사로잡는 여름 신상 반팔&나시,2026-05-22,2026-06-09,160,966382,파인 단가라 링거피 반팔 스트라이프 남녀공용 루즈핏 레이어드 국내제작,시기,반소매,12000,2026-05-13,
1880,5월_시선을 사로잡는 여름 신상 반팔&나시,2026-05-22,2026-06-09,161,969522,하트 프린트 오버핏 7부 티셔츠,반하다,반소매,19000,2026-05-18,
1880,5월_시선을 사로잡는 여름 신상 반팔&나시,2026-05-22,2026-06-09,162,964528,구제T 기본티 반팔 레이어드 구제 빈티지 티셔츠,베이크,반소매,19000,2026-05-11,
1880,5월_시선을 사로잡는 여름 신상 반팔&나시,2026-05-22,2026-06-09,163,962232,단가라반팔니트,유안느,반소매,13000,2026-05-08,
1880,5월_시선을 사로잡는 여름 신상 반팔&나시,2026-05-22,2026-06-09,164,965189,슬럿T 피그먼트 구제 워싱 빈티지 박스 여름 반팔 티셔츠,베이크,반소매,25000,2026-05-12,
1880,5월_시선을 사로잡는 여름 신상 반팔&나시,2026-05-22,2026-06-09,165,965938,1952 링거T 배색 빈티지 여름 반팔 루즈 박스 티셔츠,베이크,반소매,20000,2026-05-13,
1880,5월_시선을 사로잡는 여름 신상 반팔&나시,2026-05-22,2026-06-09,166,962069,헤리넥 린넨 브이넥 포켓 민소매 블라우스,반하다,민소매/나시,20000,2026-05-07,
1880,5월_시선을 사로잡는 여름 신상 반팔&나시,2026-05-22,2026-06-09,167,959433,기획)큐빅 십자 포인트 라운드 반팔 티셔츠 국내제작 덤블워싱,시기,반소매,9000,2026-05-04,
1880,5월_시선을 사로잡는 여름 신상 반팔&나시,2026-05-22,2026-06-09,168,971059,트랩박스,바비제이,반소매,6500,2026-05-20,
1880,5월_시선을 사로잡는 여름 신상 반팔&나시,2026-05-22,2026-06-09,169,970916,레이스배색나시,바이리치,민소매/나시,17000,2026-05-19,
1880,5월_시선을 사로잡는 여름 신상 반팔&나시,2026-05-22,2026-06-09,170,959840,코튼텐셀티,미니멀,반소매,7000,2026-05-06,
1880,5월_시선을 사로잡는 여름 신상 반팔&나시,2026-05-22,2026-06-09,171,964570,세인트 T 피그먼트 박스 크롭 빈티지 여름 반팔 티셔츠,베이크,반소매,20000,2026-05-12,
1880,5월_시선을 사로잡는 여름 신상 반팔&나시,2026-05-22,2026-06-09,172,969132,기획)피스 덤블워싱 20수 핫픽스 반팔티 코튼 큐빅 빈티지스타일 Y2K,시기,반소매,9000,2026-05-17,
1880,5월_시선을 사로잡는 여름 신상 반팔&나시,2026-05-22,2026-06-09,173,970906,기획)여자 루즈핏 남자 크롭 루지 반팔티 20수 코튼 유니섹스 인기 신상,시기,반소매,9000,2026-05-19,
1880,5월_시선을 사로잡는 여름 신상 반팔&나시,2026-05-22,2026-06-09,174,964672,트윈스트랩리본퍼프티,유안느,반소매,16000,2026-05-12,
1880,5월_시선을 사로잡는 여름 신상 반팔&나시,2026-05-22,2026-06-09,175,964568,헤밍 T 피그먼트 세미 크롭 빈티지 여름 반팔 티셔츠,베이크,반소매,20000,2026-05-11,
1880,5월_시선을 사로잡는 여름 신상 반팔&나시,2026-05-22,2026-06-09,176,962231,엔젤레이스퍼프티,유안느,반소매,12000,2026-05-08,
1880,5월_시선을 사로잡는 여름 신상 반팔&나시,2026-05-22,2026-06-09,177,964650,시드니박스T,삼오칠구 (3579),반소매,9000,2026-05-12,
1880,5월_시선을 사로잡는 여름 신상 반팔&나시,2026-05-22,2026-06-09,178,962674,골지 랩리본 허리묶음 캡소매 쿨링찰랑 티셔츠,오아르(OAR),반소매,16000,2026-05-08,
1880,5월_시선을 사로잡는 여름 신상 반팔&나시,2026-05-22,2026-06-09,179,964648,피그먼트)리스펙T,삼오칠구 (3579),반소매,16000,2026-05-12,
1880,5월_시선을 사로잡는 여름 신상 반팔&나시,2026-05-22,2026-06-09,180,971006,기획)여자 루즈핏 남자 크롭 루지 20수 코튼 유니섹스 남녀공용 인기,시기,반소매,9000,2026-05-20,
1880,5월_시선을 사로잡는 여름 신상 반팔&나시,2026-05-22,2026-06-09,181,963755,캐시나시SET(나시 홀터랑 투웨이가능),위크플랜,반소매,18000,2026-05-11,
1880,5월_시선을 사로잡는 여름 신상 반팔&나시,2026-05-22,2026-06-09,182,971084,러플쉬폰티셔츠,이찌(ITZZI),반소매,11000,2026-05-20,
1880,5월_시선을 사로잡는 여름 신상 반팔&나시,2026-05-22,2026-06-09,183,959861,쫀득후드나시,이퓨,민소매/나시,12000,2026-05-06,
1880,5월_시선을 사로잡는 여름 신상 반팔&나시,2026-05-22,2026-06-09,184,959825,라이프V,삼오칠구 (3579),반소매,11000,2026-05-06,
1880,5월_시선을 사로잡는 여름 신상 반팔&나시,2026-05-22,2026-06-09,185,959215,타미나시,이퓨,민소매/나시,13000,2026-05-04,
1880,5월_시선을 사로잡는 여름 신상 반팔&나시,2026-05-22,2026-06-09,186,971036,썸머펀칭카라니트 여름헨리넥니트 반팔니트 여름신상,에이바,반소매,13000,2026-05-20,
1880,5월_시선을 사로잡는 여름 신상 반팔&나시,2026-05-22,2026-06-09,187,959824,시티박스T,삼오칠구 (3579),반소매,12000,2026-05-06,
1880,5월_시선을 사로잡는 여름 신상 반팔&나시,2026-05-22,2026-06-09,188,971075,피그먼트티셔츠,이찌(ITZZI),반소매,11000,2026-05-20,
1880,5월_시선을 사로잡는 여름 신상 반팔&나시,2026-05-22,2026-06-09,189,958465,레이스 자카드 배색 라운드  캡 나시 니트,인스타,민소매/나시,13000,2026-05-01,
1880,5월_시선을 사로잡는 여름 신상 반팔&나시,2026-05-22,2026-06-09,190,959839,모찌텐셀티,미니멀,반소매,7000,2026-05-06,
1880,5월_시선을 사로잡는 여름 신상 반팔&나시,2026-05-22,2026-06-09,191,969287,콜드펭귄티,더별,반소매,7000,2026-05-18,
1880,5월_시선을 사로잡는 여름 신상 반팔&나시,2026-05-22,2026-06-09,192,959167,싸커반팔(바이오워싱),인바이블,반소매,13000,2026-05-04,
1880,5월_시선을 사로잡는 여름 신상 반팔&나시,2026-05-22,2026-06-09,193,959143,파인 스트라이프 링거티 단가라 반팔티 루즈핏 국내제작 레이어드티 신상,시기,반소매,12000,2026-05-04,
1880,5월_시선을 사로잡는 여름 신상 반팔&나시,2026-05-22,2026-06-09,194,959160,러닝반팔(피그먼트후염),인바이블,반소매,16000,2026-05-04,
1880,5월_시선을 사로잡는 여름 신상 반팔&나시,2026-05-22,2026-06-09,195,959496,프릴 브이넥 허리스트링 시스루 캡소매 블라우스,인스타,민소매/나시,14000,2026-05-05,
1880,5월_시선을 사로잡는 여름 신상 반팔&나시,2026-05-22,2026-06-09,196,967507,"여리핏-니트모달유넥굴림반팔-여름,가디건이너,하객룩,골지,기본티,무지,언발",데일르,반소매,6000,2026-05-15,
1880,5월_시선을 사로잡는 여름 신상 반팔&나시,2026-05-22,2026-06-09,197,969349,벨리브세트(미송필수),리썸,반소매,18000,2026-05-18,
1880,5월_시선을 사로잡는 여름 신상 반팔&나시,2026-05-22,2026-06-09,198,959254,썸머나시T(린넨),디오미오,민소매/나시,8000,2026-05-04,
1880,5월_시선을 사로잡는 여름 신상 반팔&나시,2026-05-22,2026-06-09,199,959108,기획)헤드폰 나염 반팔티 20수 면티 남녀공용 루즈핏 레이어드티 인기,시기,반소매,9000,2026-05-03,
1880,5월_시선을 사로잡는 여름 신상 반팔&나시,2026-05-22,2026-06-09,200,963701,기획)헤드폰 나염 20수 반팔 코튼 남녀공용 루즈핏 레이어드 인기,시기,반소매,9000,2026-05-10,
1880,5월_시선을 사로잡는 여름 신상 반팔&나시,2026-05-22,2026-06-09,201,959860,레이스 브이 아플리케 레터링 반소매 티셔츠,인스타,반소매,12000,2026-05-06,
1880,5월_시선을 사로잡는 여름 신상 반팔&나시,2026-05-22,2026-06-09,202,962105,기획)헤드폰 나염 반팔티 20수 국내제작 루즈핏 레이어드 박스티 남녀공용,시기,반소매,9000,2026-05-07,
1880,5월_시선을 사로잡는 여름 신상 반팔&나시,2026-05-22,2026-06-09,203,964560,디디 그런지 T 구제 빈티지 피그먼트 반팔 티셔츠,베이크,반소매,24000,2026-05-11,
1880,5월_시선을 사로잡는 여름 신상 반팔&나시,2026-05-22,2026-06-09,204,969311,모모나시BL,블로윙,민소매/나시,25000,2026-05-18,
1880,5월_시선을 사로잡는 여름 신상 반팔&나시,2026-05-22,2026-06-09,205,961251,칵테일단가라티 (신상 반팔티 스판 기본티 단가라 찰랑 쿨링),에스에프(SF),반소매,6000,2026-05-07,
1880,5월_시선을 사로잡는 여름 신상 반팔&나시,2026-05-22,2026-06-09,206,959460,카라셔링 집업 반팔,데이원(dayone),반소매,6000,2026-05-04,
1880,5월_시선을 사로잡는 여름 신상 반팔&나시,2026-05-22,2026-06-09,207,958411,어니스트반팔티셔츠 레터링 프린트 루즈핏  반팔티,블랙미러,반소매,10000,2026-04-30,
1880,5월_시선을 사로잡는 여름 신상 반팔&나시,2026-05-22,2026-06-09,208,959585,위캔드슬럽T (신상 여름 반팔티 기본티 슬러브 나염티),에스에프(SF),반소매,6000,2026-05-05,
1880,5월_시선을 사로잡는 여름 신상 반팔&나시,2026-05-22,2026-06-09,209,959256,레이빙박스T(20수),디오미오,반소매,9000,2026-05-04,
1880,5월_시선을 사로잡는 여름 신상 반팔&나시,2026-05-22,2026-06-09,210,959925,셀파워싱반팔)빈티지 스트릿 오버핏 남녀공용 반팔티셔츠 워싱 코튼 라운드넥 데일리룩 코디아이템,비칠사칠(B747),반소매,11000,2026-05-06,
1880,5월_시선을 사로잡는 여름 신상 반팔&나시,2026-05-22,2026-06-09,211,969738,2C자수 청조끼,나라,민소매/나시,9000,2026-05-19,
1880,5월_시선을 사로잡는 여름 신상 반팔&나시,2026-05-22,2026-06-09,212,961248,커밍발포T (신상 박스티 루즈핏 빅사이즈 나염 발포),에스에프(SF),반소매,7000,2026-05-07,
1880,5월_시선을 사로잡는 여름 신상 반팔&나시,2026-05-22,2026-06-09,213,964575,롱밑단 래이스 반팔 티셔츠,와이케이(YK),반소매,16000,2026-05-12,
1880,5월_시선을 사로잡는 여름 신상 반팔&나시,2026-05-22,2026-06-09,214,959379,블랑 캉캉 프릴 레이어드 반팔 티셔츠 5400,스코프,반소매,22000,2026-05-04,
1880,5월_시선을 사로잡는 여름 신상 반팔&나시,2026-05-22,2026-06-09,215,959295,데이지리본T (신상 여름 반팔티 박스티 유넥티 뒷리본 나염티),에스에프,반소매,7000,2026-05-04,
1880,5월_시선을 사로잡는 여름 신상 반팔&나시,2026-05-22,2026-06-09,216,969729,리본 프린트 루즈핏 반소매 티셔츠,나라,반소매,12000,2026-05-19,
1880,5월_시선을 사로잡는 여름 신상 반팔&나시,2026-05-22,2026-06-09,217,970989,반팔 자켓,나라,반소매,12000,2026-05-20,
1880,5월_시선을 사로잡는 여름 신상 반팔&나시,2026-05-22,2026-06-09,218,969731,티아라 옆끈 블라우스,나라,반소매,11000,2026-05-19,
1880,5월_시선을 사로잡는 여름 신상 반팔&나시,2026-05-22,2026-06-09,219,967425,사탕 영심이 비즈 반팔티,마루,반소매,12000,2026-05-14,
1880,5월_시선을 사로잡는 여름 신상 반팔&나시,2026-05-22,2026-06-09,220,969685,헐리박스,바비제이,반소매,5500,2026-05-19,
1880,5월_시선을 사로잡는 여름 신상 반팔&나시,2026-05-22,2026-06-09,221,967426,비즈 고양이 반팔티,마루,반소매,12000,2026-05-14,
1880,5월_시선을 사로잡는 여름 신상 반팔&나시,2026-05-22,2026-06-09,222,967428,뽀글이 여인 반팔티 박스티,마루,반소매,12000,2026-05-14,
1880,5월_시선을 사로잡는 여름 신상 반팔&나시,2026-05-22,2026-06-09,223,959270,린넨 프릴 밑단 민소매 블라우스,반하다,민소매/나시,21000,2026-05-04,
1880,5월_시선을 사로잡는 여름 신상 반팔&나시,2026-05-22,2026-06-09,224,969784,소매리본티,나라,반소매,12000,2026-05-19,
1880,5월_시선을 사로잡는 여름 신상 반팔&나시,2026-05-22,2026-06-09,225,970999,930 롱티셔츠,나라,반소매,7000,2026-05-20,
1880,5월_시선을 사로잡는 여름 신상 반팔&나시,2026-05-22,2026-06-09,226,969758,올가 라운드티,나라,반소매,12000,2026-05-19,
1880,5월_시선을 사로잡는 여름 신상 반팔&나시,2026-05-22,2026-06-09,227,967429,액자 고양이 반팔티,마루,반소매,12000,2026-05-14,
1880,5월_시선을 사로잡는 여름 신상 반팔&나시,2026-05-22,2026-06-09,228,969643,카오스나염 반팔,리버스,반소매,9000,2026-05-18,
1880,5월_시선을 사로잡는 여름 신상 반팔&나시,2026-05-22,2026-06-09,229,963738,나비 나염 여름맨투맨 티,반하다,반소매,19000,2026-05-11,
1880,5월_시선을 사로잡는 여름 신상 반팔&나시,2026-05-22,2026-06-09,230,958678,도트나시,또또,민소매/나시,5000,2026-05-02,
1880,5월_시선을 사로잡는 여름 신상 반팔&나시,2026-05-22,2026-06-09,231,969762,나시카라이중티,나라,반소매,11000,2026-05-19,
1880,5월_시선을 사로잡는 여름 신상 반팔&나시,2026-05-22,2026-06-09,232,966413,패치포인트)별나그랑자수반팔,퍼플그레이,반소매,7000,2026-05-14,
1880,5월_시선을 사로잡는 여름 신상 반팔&나시,2026-05-22,2026-06-09,233,970932,넘버링 레터링 오버핏 반팔 티셔츠,리버스,반소매,8000,2026-05-19,
1880,5월_시선을 사로잡는 여름 신상 반팔&나시,2026-05-22,2026-06-09,234,970996,밑단언발티셔츠,나라,반소매,12000,2026-05-20,
1880,5월_시선을 사로잡는 여름 신상 반팔&나시,2026-05-22,2026-06-09,235,970915,빈티지나염티,바이리치,반소매,18000,2026-05-19,
1880,5월_시선을 사로잡는 여름 신상 반팔&나시,2026-05-22,2026-06-09,236,965257,스타리나그랑반팔,퍼플그레이,반소매,8500,2026-05-13,
1880,5월_시선을 사로잡는 여름 신상 반팔&나시,2026-05-22,2026-06-09,237,959841,헤리티지반팔,미니멀,반소매,7000,2026-05-06,
1880,5월_시선을 사로잡는 여름 신상 반팔&나시,2026-05-22,2026-06-09,238,962681,무무단가라T,오아르(OAR),반소매,7000,2026-05-08,
1880,5월_시선을 사로잡는 여름 신상 반팔&나시,2026-05-22,2026-06-09,239,959224,라운드세미크롭반팔T(여름 찰랑찰랑 레이온35 스판 기본티 밑단굴림라운드),쭈블리(JJUBLY),반소매,5000,2026-05-04,
1880,5월_시선을 사로잡는 여름 신상 반팔&나시,2026-05-22,2026-06-09,240,963463,로컬반팔T(빅사이즈 라운드넥 면 나염 캐주얼티,세종,반소매,6000,2026-05-09,
1880,5월_시선을 사로잡는 여름 신상 반팔&나시,2026-05-22,2026-06-09,241,966368,치즈단가라나시 (레이어드 스판 일자나시 러블리 데일리)),바이지오,민소매/나시,3500,2026-05-13,
1880,5월_시선을 사로잡는 여름 신상 반팔&나시,2026-05-22,2026-06-09,242,957734,브루박스,바비제이,반소매,5500,2026-04-30,
1880,5월_시선을 사로잡는 여름 신상 반팔&나시,2026-05-22,2026-06-09,243,966490,"캡내장)도트끈나시(백리스,브라탑,크롭나시,스판)",컴플렉스,민소매/나시,8000,2026-05-14,
1880,5월_시선을 사로잡는 여름 신상 반팔&나시,2026-05-22,2026-06-09,244,958632,투엘 여름 7071.U넥 무지 캡 반팔티셔츠 패드내장 이너티셔츠,별내의류유통 투엘,반소매,7000,2026-05-01,
1880,5월_시선을 사로잡는 여름 신상 반팔&나시,2026-05-22,2026-06-09,245,965349,니트카라티,포포,반소매,10000,2026-05-13,
1880,5월_시선을 사로잡는 여름 신상 반팔&나시,2026-05-22,2026-06-09,246,960634,하리스판단가라T (신상 스판굿 반팔 티셔츠 슬림),더블에이치,반소매,7000,2026-05-07,
1880,5월_시선을 사로잡는 여름 신상 반팔&나시,2026-05-22,2026-06-09,247,960709,레이스 패턴 배색 라운드 반소매 니트,인스타,반소매,13000,2026-05-07,
1880,5월_시선을 사로잡는 여름 신상 반팔&나시,2026-05-22,2026-06-09,248,957740,배색 카라 키홀 반팔 니트,코코블리,반소매,12000,2026-04-30,
1880,5월_시선을 사로잡는 여름 신상 반팔&나시,2026-05-22,2026-06-09,249,958467,배색 카라 자카드 반팔 니트탑,인스타,반소매,14000,2026-05-01,
1880,5월_시선을 사로잡는 여름 신상 반팔&나시,2026-05-22,2026-06-09,250,960103,ST크롭나시(여름 데일리룩 레이어드 휴가 골지 스판 날씬핏),쭈블리(JJUBLY),민소매/나시,4000,2026-05-06,
1880,5월_시선을 사로잡는 여름 신상 반팔&나시,2026-05-22,2026-06-09,251,969197,신상)2502 단가라티,퍼프,반소매,7500,2026-05-17,
1880,5월_시선을 사로잡는 여름 신상 반팔&나시,2026-05-22,2026-06-09,252,963793,스트라이프 카라 니트 반팔 티셔츠,코코블리,반소매,11000,2026-05-11,
1880,5월_시선을 사로잡는 여름 신상 반팔&나시,2026-05-22,2026-06-09,253,963454,신상)7982 루즈핏 스트랩 블라우스,퍼프,민소매/나시,9000,2026-05-09,
1880,5월_시선을 사로잡는 여름 신상 반팔&나시,2026-05-22,2026-06-09,254,969801,메쉬져지 박스티 브이넥 반팔티 오버핏 시스루 빅사이즈 프린팅 댄스복,컴플렉스,반소매,13000,2026-05-19,
1880,5월_시선을 사로잡는 여름 신상 반팔&나시,2026-05-22,2026-06-09,255,960271,투엘 여름 꽈배기 니트 반팔티,별내의류유통 투엘,반소매,8900,2026-05-06,
1880,5월_시선을 사로잡는 여름 신상 반팔&나시,2026-05-22,2026-06-09,256,969636,"26여름신상_레이어드헨리넥반팔(배색,포인트,여름니트,반오픈,라운드",카라멜,민소매/나시,14000,2026-05-18,
1880,5월_시선을 사로잡는 여름 신상 반팔&나시,2026-05-22,2026-06-09,257,971066,하트박스티,이찌(ITZZI),반소매,8000,2026-05-20,
1880,5월_시선을 사로잡는 여름 신상 반팔&나시,2026-05-22,2026-06-09,258,959344,볼륨소매데님BL (신상 퍼프소매 반팔 청남방 데님 블라우스),에스에프,반소매,14000,2026-05-04,
1880,5월_시선을 사로잡는 여름 신상 반팔&나시,2026-05-22,2026-06-09,259,959293,에이엠나염T (신상 반팔티 여름 박스티 기본티 면티 나염티),에스에프,반소매,6000,2026-05-04,
1880,5월_시선을 사로잡는 여름 신상 반팔&나시,2026-05-22,2026-06-09,260,964317,와플나염T (여름 신상 반팔티 크롭티 캐주얼 나염티),에스에프,반소매,6000,2026-05-11,
1880,5월_시선을 사로잡는 여름 신상 반팔&나시,2026-05-22,2026-06-09,261,968264,커밍발포T (여름 신상 반팔티 박스티 루즈핏 빅사이즈 면티),에스에프,반소매,7000,2026-05-15,
1880,5월_시선을 사로잡는 여름 신상 반팔&나시,2026-05-22,2026-06-09,262,961681,26여름)[백프로코튼]성인오버핏무지반팔,빈키즈,반소매,8000,2026-05-07,
1880,5월_시선을 사로잡는 여름 신상 반팔&나시,2026-05-22,2026-06-09,263,968273,칵테일단가라T (여름 신상 반팔티 단가라 기본티 골지스판),에스에프,반소매,6000,2026-05-15,
1880,5월_시선을 사로잡는 여름 신상 반팔&나시,2026-05-22,2026-06-09,264,968956,선샤인T (여름 신상 나염티 박시 루즈핏 빅사이즈 ),에스에프(SF),반소매,6000,2026-05-17,
1880,5월_시선을 사로잡는 여름 신상 반팔&나시,2026-05-22,2026-06-09,265,961055,리본끈주름티셔츠 (여름 신상 쿨링 반팔티 셔링 주름티),에스에프,반소매,6000,2026-05-07,
1880,5월_시선을 사로잡는 여름 신상 반팔&나시,2026-05-22,2026-06-09,266,958347,버버리 스타일 스트라이프 카라 니트 반팔티 802,스코프,반소매,17000,2026-04-30,
1880,5월_시선을 사로잡는 여름 신상 반팔&나시,2026-05-22,2026-06-09,267,959286,피그먼트워싱T (신상 여름 피그먼트박스 커플티),에스에프,반소매,7000,2026-05-04,
1880,5월_시선을 사로잡는 여름 신상 반팔&나시,2026-05-22,2026-06-09,268,967300,노팅 레터링 라운드 반팔 티셔츠 9010,스코프,반소매,11000,2026-05-14,
1880,5월_시선을 사로잡는 여름 신상 반팔&나시,2026-05-22,2026-06-09,269,959554,피너골지T (여름신상 반팔티 여름 기본티 스판티 이너 골지티),에스에프,반소매,6000,2026-05-05,
1880,5월_시선을 사로잡는 여름 신상 반팔&나시,2026-05-22,2026-06-09,270,962722,[제니아]오색미소니,제니아,반소매,10000,2026-05-08,
1880,5월_시선을 사로잡는 여름 신상 반팔&나시,2026-05-22,2026-06-09,271,963464,레몬반팔T(오버핏 라운드넥 레몬나염 면 캐주얼티,세종,반소매,7000,2026-05-09,
1880,5월_시선을 사로잡는 여름 신상 반팔&나시,2026-05-22,2026-06-09,272,962717,[제니아]니트쟈가드,제니아,반소매,8000,2026-05-08,
1880,5월_시선을 사로잡는 여름 신상 반팔&나시,2026-05-22,2026-06-09,273,959572,리본끈주름T (신상 반팔티 리본티 옆주름 찰랑티),에스에프(SF),반소매,6000,2026-05-05,
1880,5월_시선을 사로잡는 여름 신상 반팔&나시,2026-05-22,2026-06-09,274,960952,드림민소매 (여름 신상 민소매 레이어드 나시티 단가라 박스나시),에스에프,민소매/나시,6000,2026-05-07,
1880,5월_시선을 사로잡는 여름 신상 반팔&나시,2026-05-22,2026-06-09,275,959281,여름니트 냉감소재 미시 레이스(레베카),제이엔비,반소매,14000,2026-05-04,
1880,5월_시선을 사로잡는 여름 신상 반팔&나시,2026-05-22,2026-06-09,276,964631,유윌피그랍빠T( 여름 신상 피그먼트 라운드티),에스에프,반소매,7000,2026-05-12,
1880,5월_시선을 사로잡는 여름 신상 반팔&나시,2026-05-22,2026-06-09,277,958777,미시 여름니트 라운드 반팔 냉감소재(루이즈),제이엔비,반소매,13000,2026-05-02,
1880,5월_시선을 사로잡는 여름 신상 반팔&나시,2026-05-22,2026-06-09,278,968587,G127092_진주장식 퍼프소매 라운드넥 골지니트 여름니트 티셔츠,조원,반소매,9000,2026-05-16,
1880,5월_시선을 사로잡는 여름 신상 반팔&나시,2026-05-22,2026-06-09,279,962720,[제니아]고리,제니아,반소매,10000,2026-05-08,
1880,5월_시선을 사로잡는 여름 신상 반팔&나시,2026-05-22,2026-06-09,280,960179,언발오프숄더크롭반팔T(여름 레이어드 찰랑찰랑 레이온35 날씬핏 데이트룩),쭈블리(JJUBLY),반소매,5000,2026-05-06,
1880,5월_시선을 사로잡는 여름 신상 반팔&나시,2026-05-22,2026-06-09,281,958685,미시 여름니트 냉감소재 진주 반팔(텐니트),제이엔비,반소매,13000,2026-05-02,
1880,5월_시선을 사로잡는 여름 신상 반팔&나시,2026-05-22,2026-06-09,282,959400,원스텝컷팅T (신상 여름 반팔티 크롭티 나염티 박스티),에스에프,반소매,6000,2026-05-04,
1880,5월_시선을 사로잡는 여름 신상 반팔&나시,2026-05-22,2026-06-09,283,969696,"26여름신상_[PRIME디지털]스켈레톤반팔T(프린팅,해골,오버핏,Y2K",카라멜,반소매,6000,2026-05-19,
1880,5월_시선을 사로잡는 여름 신상 반팔&나시,2026-05-22,2026-06-09,284,958469,플리츠 시스루 셔링 반팔 블라우스,인스타,반소매,15000,2026-05-01,
1880,5월_시선을 사로잡는 여름 신상 반팔&나시,2026-05-22,2026-06-09,285,959545,밴딩소매T (여름신상 반팔티 스판 소매주름 밴딩티),에스에프,반소매,6000,2026-05-05,
1880,5월_시선을 사로잡는 여름 신상 반팔&나시,2026-05-22,2026-06-09,286,960100,크롭나시(여름 데일리룩 레이어드 기본나시 골지 스판 날씬핏),쭈블리(JJUBLY),민소매/나시,4000,2026-05-06,
1880,5월_시선을 사로잡는 여름 신상 반팔&나시,2026-05-22,2026-06-09,287,959580,드림민소매T (단가라 박스나시 민소매 나염 나시 ),에스에프(SF),민소매/나시,6000,2026-05-05,
1880,5월_시선을 사로잡는 여름 신상 반팔&나시,2026-05-22,2026-06-09,288,969803,메쉬농구나시 시스루 망사 오버핏 남녀공용 농구저지 민소매 박스티 프린팅 367,컴플렉스,민소매/나시,11000,2026-05-19,
1880,5월_시선을 사로잡는 여름 신상 반팔&나시,2026-05-22,2026-06-09,289,969695,"26여름신상_(반팔)펀치입술넥T(단추,러블리,슬림핏,크롭,원오프,꾸안꾸",카라멜,반소매,8500,2026-05-19,
1880,5월_시선을 사로잡는 여름 신상 반팔&나시,2026-05-22,2026-06-09,290,962721,[제니아]나비커트,제니아,반소매,12000,2026-05-08,
1880,5월_시선을 사로잡는 여름 신상 반팔&나시,2026-05-22,2026-06-09,291,969693,케이크래빗반팔T,카라멜,반소매,6000,2026-05-19,
1880,5월_시선을 사로잡는 여름 신상 반팔&나시,2026-05-22,2026-06-09,292,962716,[제니아]선염미소니,제니아,반소매,8000,2026-05-08,
1880,5월_시선을 사로잡는 여름 신상 반팔&나시,2026-05-22,2026-06-09,293,969802,매쉬 크롭 반팔티 오버핏 메쉬티셔츠 라운드넥 레터링 프린트 배색 댄스복 운동복,컴플렉스,반소매,10000,2026-05-19,
1880,5월_시선을 사로잡는 여름 신상 반팔&나시,2026-05-22,2026-06-09,294,958345,오하효 나시 블라우스 11007,스코프,민소매/나시,17000,2026-04-30,
1880,5월_시선을 사로잡는 여름 신상 반팔&나시,2026-05-22,2026-06-09,295,962723,[제니아]밀리터리,제니아,반소매,12000,2026-05-08,
1880,5월_시선을 사로잡는 여름 신상 반팔&나시,2026-05-22,2026-06-09,296,969697,"26여름신상_[PRIME디지털]본즈반팔T(프린팅,오버핏,스켈레톤,Y2K,",카라멜,반소매,6000,2026-05-19,
1880,5월_시선을 사로잡는 여름 신상 반팔&나시,2026-05-22,2026-06-09,297,969386,도트 시스루 레이어드 스트링 민소매 블라우스,코코블리,민소매/나시,11000,2026-05-18,
1880,5월_시선을 사로잡는 여름 신상 반팔&나시,2026-05-22,2026-06-09,298,970953,스티치 포인트 루즈핏 반팔 티셔츠,코코듀,반소매,14000,2026-05-19,
1880,5월_시선을 사로잡는 여름 신상 반팔&나시,2026-05-22,2026-06-09,299,965188,브이넥 레이어드 민소매 블라우스,코코블리,민소매/나시,13000,2026-05-12,
1880,5월_시선을 사로잡는 여름 신상 반팔&나시,2026-05-22,2026-06-09,300,970950,레이스 브이넥 반팔 티셔츠,코코듀,반소매,15000,2026-05-19,
1880,5월_시선을 사로잡는 여름 신상 반팔&나시,2026-05-22,2026-06-09,301,969403,스트라이프 요루 민소매 스트링 프릴 블라우스,코코블리,민소매/나시,13000,2026-05-18,
1880,5월_시선을 사로잡는 여름 신상 반팔&나시,2026-05-22,2026-06-09,302,960707,레이스 여름 미시니트 냉감소재(언카),제이엔비,반소매,13000,2026-05-07,
1880,5월_시선을 사로잡는 여름 신상 반팔&나시,2026-05-22,2026-06-09,303,963959,시스루 린넨 니트 반팔 티셔츠,코코블리,반소매,12000,2026-05-11,
1880,5월_시선을 사로잡는 여름 신상 반팔&나시,2026-05-22,2026-06-09,304,964325,슬릿트임T (여름신상 반팔티 트임티 기본티 면티 라운드넥),에스에프,반소매,7000,2026-05-11,
1880,5월_시선을 사로잡는 여름 신상 반팔&나시,2026-05-22,2026-06-09,305,964561,신상 남녀공용 드럼고양이 반팔 박스티 빅사이즈 캐주얼 데일리 청코디 나염 라운드 면박스,투스타시스,반소매,6500,2026-05-11,
1880,5월_시선을 사로잡는 여름 신상 반팔&나시,2026-05-22,2026-06-09,306,963456,신상)2523 슬림 주름 블라우스,퍼프,민소매/나시,8000,2026-05-09,
1880,5월_시선을 사로잡는 여름 신상 반팔&나시,2026-05-22,2026-06-09,307,958659,하트스마일T(빅사이즈 면티 라운드넥 나염 캐주얼,세종,반소매,7000,2026-05-02,
1880,5월_시선을 사로잡는 여름 신상 반팔&나시,2026-05-22,2026-06-09,308,968553,레이스 러플 캡소매 라운드 티셔츠,코코블리,반소매,11000,2026-05-16,
1880,5월_시선을 사로잡는 여름 신상 반팔&나시,2026-05-22,2026-06-09,309,959158,슬림리벳오프반팔,퍼플그레이,반소매,6000,2026-05-04,
1880,5월_시선을 사로잡는 여름 신상 반팔&나시,2026-05-22,2026-06-09,310,970966,땡땡이나시set,파인씨,민소매/나시,10000,2026-05-19,
1880,5월_시선을 사로잡는 여름 신상 반팔&나시,2026-05-22,2026-06-09,311,960708,배색 카라 브이넥 쟈카드 반팔 니트,인스타,반소매,14000,2026-05-07,
1880,5월_시선을 사로잡는 여름 신상 반팔&나시,2026-05-22,2026-06-09,312,962719,[제니아]잔체크,제니아,반소매,9000,2026-05-08,
1880,5월_시선을 사로잡는 여름 신상 반팔&나시,2026-05-22,2026-06-09,313,959823,크리배색T,삼오칠구 (3579),반소매,10000,2026-05-06,
1880,5월_시선을 사로잡는 여름 신상 반팔&나시,2026-05-22,2026-06-09,314,959870,데님 배색 카라 스냅 반팔 티셔츠,인스타,반소매,12000,2026-05-06,
1880,5월_시선을 사로잡는 여름 신상 반팔&나시,2026-05-22,2026-06-09,315,961680,26여름)[백프로코튼]성인시카고오버핏반팔,빈키즈,반소매,12000,2026-05-07,
1880,5월_시선을 사로잡는 여름 신상 반팔&나시,2026-05-22,2026-06-09,316,960662,프릴스퀘어티,제이투,반소매,7000,2026-05-07,
1880,5월_시선을 사로잡는 여름 신상 반팔&나시,2026-05-22,2026-06-09,317,964346,레이즈 빈티지 레터 프린트 오버핏 반팔 티셔츠 D02299,스코프,반소매,10000,2026-05-11,
1880,5월_시선을 사로잡는 여름 신상 반팔&나시,2026-05-22,2026-06-09,318,958470,프릴 캡나시 스트링 블라우스,인스타,민소매/나시,14000,2026-05-01,
1880,5월_시선을 사로잡는 여름 신상 반팔&나시,2026-05-22,2026-06-09,319,963794,세일러 카라 리본타이 반팔 니트 탑,코코블리,반소매,12000,2026-05-11,
1880,5월_시선을 사로잡는 여름 신상 반팔&나시,2026-05-22,2026-06-09,320,959864,레이스 배색 퍼프소매 프린트 반팔티,인스타,반소매,13000,2026-05-06,
1880,5월_시선을 사로잡는 여름 신상 반팔&나시,2026-05-22,2026-06-09,321,959903,큐티 홀스 자수 티셔츠 썸머,인스타,반소매,11000,2026-05-06,
1880,5월_시선을 사로잡는 여름 신상 반팔&나시,2026-05-22,2026-06-09,322,958808,에코백 일러스트 마 라운드넥 반소매 티셔츠,반하다,반소매,17000,2026-05-02,
1880,5월_시선을 사로잡는 여름 신상 반팔&나시,2026-05-22,2026-06-09,323,966318,뉴욕 스트리트 프린팅 오버핏 반팔티,도화,반소매,20000,2026-05-13,
1880,5월_시선을 사로잡는 여름 신상 반팔&나시,2026-05-22,2026-06-09,324,959590,와플나염T (신상 여름 반팔티 크롭티 스포티 나염티 ),에스에프(SF),반소매,6000,2026-05-05,
1880,5월_시선을 사로잡는 여름 신상 반팔&나시,2026-05-22,2026-06-09,325,963598,"26SS)차일드나그랑반팔티(여름,빅사이즈,크롭,기획,나염,티셔츠,라운드넥",도프,반소매,13000,2026-05-10,
1880,5월_시선을 사로잡는 여름 신상 반팔&나시,2026-05-22,2026-06-09,326,968959,유윌피그랍빠T (여름 신상 라운드티 피그먼트 세미 크롭 ),에스에프(SF),반소매,7000,2026-05-17,
1880,5월_시선을 사로잡는 여름 신상 반팔&나시,2026-05-22,2026-06-09,327,964352,퍼프 프린팅 반팔 티 티셔츠 01799,스코프,반소매,10000,2026-05-11,
1880,5월_시선을 사로잡는 여름 신상 반팔&나시,2026-05-22,2026-06-09,328,962179,에센셜T,위크플랜,반소매,13000,2026-05-08,
1880,5월_시선을 사로잡는 여름 신상 반팔&나시,2026-05-22,2026-06-09,329,967490,면 앞판 냥이 프린트 캡소매 티,듀,반소매,18500,2026-05-15,
1880,5월_시선을 사로잡는 여름 신상 반팔&나시,2026-05-22,2026-06-09,330,962182,단가라오프골지T,위크플랜,반소매,13000,2026-05-08,
1880,5월_시선을 사로잡는 여름 신상 반팔&나시,2026-05-22,2026-06-09,331,964351,로지로즈 프린팅 반팔티 티셔츠 D02295,스코프,반소매,11000,2026-05-11,
1880,5월_시선을 사로잡는 여름 신상 반팔&나시,2026-05-22,2026-06-09,332,959300,발포크롭T (신상 반팔티 여름 나그랑박스 크롭티 발포 나염),에스에프,반소매,6000,2026-05-04,
1880,5월_시선을 사로잡는 여름 신상 반팔&나시,2026-05-22,2026-06-09,333,964343,페이즐 에스닉 패턴 라운드 반소매 니트 티셔츠 SS030,스코프,반소매,16000,2026-05-11,
1880,5월_시선을 사로잡는 여름 신상 반팔&나시,2026-05-22,2026-06-09,334,965195,맥코이 T 구제 나염 프린트 여름 얇은 반팔 티셔츠 꾸안꾸,베이크,반소매,20000,2026-05-12,
1880,5월_시선을 사로잡는 여름 신상 반팔&나시,2026-05-22,2026-06-09,335,959142,튜브탑,또또,민소매/나시,4000,2026-05-04,
1880,5월_시선을 사로잡는 여름 신상 반팔&나시,2026-05-22,2026-06-09,336,971012,텐셀원단)로즈도트반팔,퍼플그레이,반소매,6000,2026-05-20,
1880,5월_시선을 사로잡는 여름 신상 반팔&나시,2026-05-22,2026-06-09,337,962180,에르T,위크플랜,반소매,14000,2026-05-08,
1880,5월_시선을 사로잡는 여름 신상 반팔&나시,2026-05-22,2026-06-09,338,965248,랠리 T 빈티지 프린트 반팔 세미 크롭 코튼 여름 반팔 티셔츠,베이크,반소매,20000,2026-05-12,
1880,5월_시선을 사로잡는 여름 신상 반팔&나시,2026-05-22,2026-06-09,339,967491,면 슬럽 앞판 프린트 반팔 티,듀,반소매,19500,2026-05-15,
1880,5월_시선을 사로잡는 여름 신상 반팔&나시,2026-05-22,2026-06-09,340,965335,프랩 나시,로웰,민소매/나시,16000,2026-05-13,
1880,5월_시선을 사로잡는 여름 신상 반팔&나시,2026-05-22,2026-06-09,341,962141,"유로스케이트반팔T(프린팅,스타,별,오버핏,반팔버전,파스텔,데일리",카라멜,반소매,6000,2026-05-07,
1880,5월_시선을 사로잡는 여름 신상 반팔&나시,2026-05-22,2026-06-09,342,958633,투엘 7071.U넥 단가라 캡 반팔티셔츠 캡내장 라운드 이너,별내의류유통 투엘,반소매,7000,2026-05-01,
1880,5월_시선을 사로잡는 여름 신상 반팔&나시,2026-05-22,2026-06-09,343,960280,투엘 여름 꽈배기 니트가디건,별내의류유통 투엘,반소매,11000,2026-05-06,
1880,5월_시선을 사로잡는 여름 신상 반팔&나시,2026-05-22,2026-06-09,344,964623,반팔마운틴,포포,반소매,15000,2026-05-12,
1880,5월_시선을 사로잡는 여름 신상 반팔&나시,2026-05-22,2026-06-09,345,962239,밀키나시,포포,민소매/나시,9000,2026-05-08,
1880,5월_시선을 사로잡는 여름 신상 반팔&나시,2026-05-22,2026-06-09,346,958631,투엘 여름 7072.단추 무지 캡 반팔티셔츠 이너티셔츠 캡내장,별내의류유통 투엘,반소매,7000,2026-05-01,
1880,5월_시선을 사로잡는 여름 신상 반팔&나시,2026-05-22,2026-06-09,347,959549,포트나그랑T (여름신상 반팔티 나그랑 세미 크롭 배색티),에스에프,반소매,6000,2026-05-05,
1880,5월_시선을 사로잡는 여름 신상 반팔&나시,2026-05-22,2026-06-09,348,959894,큐트 퍼피 자수 프린트 반팔 티셔츠,인스타,반소매,13000,2026-05-06,
1880,5월_시선을 사로잡는 여름 신상 반팔&나시,2026-05-22,2026-06-09,349,971133,잔줄나시,이찌(ITZZI),민소매/나시,7000,2026-05-20,
1880,5월_시선을 사로잡는 여름 신상 반팔&나시,2026-05-22,2026-06-09,350,969055,레이스 브이넥 크로스끈 반소매 티셔츠,코코블리,반소매,13000,2026-05-17,
1880,5월_시선을 사로잡는 여름 신상 반팔&나시,2026-05-22,2026-06-09,351,959371,오버싱글T (신상 반팔티 박스티 오버핏 루즈핏 면티),에스에프,반소매,7000,2026-05-04,
1880,5월_시선을 사로잡는 여름 신상 반팔&나시,2026-05-22,2026-06-09,352,971218,레이스 브이넥 스트라이프 반팔 니트,코코블리,반소매,14000,2026-05-20,
1880,5월_시선을 사로잡는 여름 신상 반팔&나시,2026-05-22,2026-06-09,353,959296,배색자수T (신상 반팔티 자수 여름캐주얼 데일리 티셔츠),에스에프,반소매,7000,2026-05-04,
1880,5월_시선을 사로잡는 여름 신상 반팔&나시,2026-05-22,2026-06-09,354,964632,선샤인T (여름 신상 라운드티 ),에스에프,반소매,6000,2026-05-12,
1880,5월_시선을 사로잡는 여름 신상 반팔&나시,2026-05-22,2026-06-09,355,959290,위드사진나염 (신상 반팔티 박스티 배색티 나염티 오버핏 루즈티),에스에프,반소매,6000,2026-05-04,
1880,5월_시선을 사로잡는 여름 신상 반팔&나시,2026-05-22,2026-06-09,356,970846,언발나염T (신상 여름 반팔티 박스티 면티 라운드넥 나염티),에스에프,반소매,7000,2026-05-19,
1880,5월_시선을 사로잡는 여름 신상 반팔&나시,2026-05-22,2026-06-09,357,960284,유넥빅소매 (신상 여름 반팔티 U넥 슬라브 면티),에스에프,반소매,5000,2026-05-06,
1880,5월_시선을 사로잡는 여름 신상 반팔&나시,2026-05-22,2026-06-09,358,959099,여름니트 냉감소재 미시니트나시(카드나시),제이엔비,민소매/나시,7000,2026-05-03,
1880,5월_시선을 사로잡는 여름 신상 반팔&나시,2026-05-22,2026-06-09,359,967192,홀터셔링티,제이투,민소매/나시,8000,2026-05-14,
1880,5월_시선을 사로잡는 여름 신상 반팔&나시,2026-05-22,2026-06-09,360,965643,G127079_레이스포인트 V넥 니트 나시티셔츠 민소매,조원,민소매/나시,7000,2026-05-13,
1881,"5월_ 하루 끝의 마무리, 홈웨어",2026-05-22,2026-06-09,0,656103,지지미)카라커플 3번 잠옷 홈웨어 파자마,리턴,파자마/홈웨어,10000,2025-03-14,
1881,"5월_ 하루 끝의 마무리, 홈웨어",2026-05-22,2026-06-09,1,969318,카린리본 3번잠옷,리턴,파자마/홈웨어,9000,2026-05-18,
1881,"5월_ 하루 끝의 마무리, 홈웨어",2026-05-22,2026-06-09,2,963761,딸기 밴딩나시원피스,리턴,파자마/홈웨어,7000,2026-05-11,
1881,"5월_ 하루 끝의 마무리, 홈웨어",2026-05-22,2026-06-09,3,955913,지지미 하트레이스3번,리턴,파자마/홈웨어,9000,2026-04-27,
1881,"5월_ 하루 끝의 마무리, 홈웨어",2026-05-22,2026-06-09,4,958547,코튼 리본3번 잠옷,리턴,파자마/홈웨어,9500,2026-05-01,
1881,"5월_ 하루 끝의 마무리, 홈웨어",2026-05-22,2026-06-09,5,958374,지지미 딸기레이스 3번,리턴,파자마/홈웨어,9000,2026-04-30,
1881,"5월_ 하루 끝의 마무리, 홈웨어",2026-05-22,2026-06-09,6,958438,지지미 챠밍레이스3번,리턴,파자마/홈웨어,9000,2026-04-30,
1881,"5월_ 하루 끝의 마무리, 홈웨어",2026-05-22,2026-06-09,7,947460,신상 요루면 넝쿨 커플잠옷 원피스잠옷 파자마 홈웨어,미뉴에티,파자마/홈웨어,16500,2026-04-17,
1881,"5월_ 하루 끝의 마무리, 홈웨어",2026-05-22,2026-06-09,8,956953,지지미 곰돌이 3번,리턴,파자마/홈웨어,8500,2026-04-29,
1881,"5월_ 하루 끝의 마무리, 홈웨어",2026-05-22,2026-06-09,9,963762,쿠마 나시세트,리턴,파자마/홈웨어,8500,2026-05-11,
1881,"5월_ 하루 끝의 마무리, 홈웨어",2026-05-22,2026-06-09,10,959517,지지미 머핀3번 커플잠옷,리턴,파자마/홈웨어,9000,2026-05-05,
1881,"5월_ 하루 끝의 마무리, 홈웨어",2026-05-22,2026-06-09,11,958373,지지미 요미요미3번,리턴,파자마/홈웨어,9000,2026-04-30,
1881,"5월_ 하루 끝의 마무리, 홈웨어",2026-05-22,2026-06-09,12,960166,지지미 미피나시세트,리턴,파자마/홈웨어,8000,2026-05-06,
1881,"5월_ 하루 끝의 마무리, 홈웨어",2026-05-22,2026-06-09,13,969317,남자잠옷,리턴,파자마/홈웨어,9000,2026-05-18,
1881,"5월_ 하루 끝의 마무리, 홈웨어",2026-05-22,2026-06-09,14,964629,st 티티나시세트,리턴,파자마/홈웨어,9000,2026-05-12,
1881,"5월_ 하루 끝의 마무리, 홈웨어",2026-05-22,2026-06-09,15,956891,나그랑 레터링 3번 잠옷,리턴,파자마/홈웨어,5500,2026-04-29,
1881,"5월_ 하루 끝의 마무리, 홈웨어",2026-05-22,2026-06-09,16,963744,모찌 3번 잠옷,리턴,파자마/홈웨어,8000,2026-05-11,
1881,"5월_ 하루 끝의 마무리, 홈웨어",2026-05-22,2026-06-09,17,955914,크리미 3번,리턴,파자마/홈웨어,7500,2026-04-27,
1881,"5월_ 하루 끝의 마무리, 홈웨어",2026-05-22,2026-06-09,18,956884,가슴캡)튤립토끼  나시 원피스,리턴,파자마/홈웨어,9000,2026-04-29,
1881,"5월_ 하루 끝의 마무리, 홈웨어",2026-05-22,2026-06-09,19,969296,루시 나시세트,리턴,파자마/홈웨어,7500,2026-05-18,
1881,"5월_ 하루 끝의 마무리, 홈웨어",2026-05-22,2026-06-09,20,968682,크리키 3피스,리턴,파자마/홈웨어,7000,2026-05-16,
1881,"5월_ 하루 끝의 마무리, 홈웨어",2026-05-22,2026-06-09,21,967111,[요이요이]휘뚤마뚤플리츠,아이앤숲,파자마/홈웨어,12900,2026-05-14,
1881,"5월_ 하루 끝의 마무리, 홈웨어",2026-05-22,2026-06-09,22,957546,하치와 나시원피스,리턴,파자마/홈웨어,8500,2026-04-29,
1881,"5월_ 하루 끝의 마무리, 홈웨어",2026-05-22,2026-06-09,23,963779,하트카피바라 3피스,리턴,파자마/홈웨어,7000,2026-05-11,
1881,"5월_ 하루 끝의 마무리, 홈웨어",2026-05-22,2026-06-09,24,965289,블루리본미피 나시세트,리턴,파자마/홈웨어,8500,2026-05-13,
1881,"5월_ 하루 끝의 마무리, 홈웨어",2026-05-22,2026-06-09,25,970609,26신상) 소프트 러빈 리본 잠옷 홈웨어 파자마 실내복,미뉴에티,파자마/홈웨어,15000,2026-05-19,
1881,"5월_ 하루 끝의 마무리, 홈웨어",2026-05-22,2026-06-09,26,956888,가슴캡 하트곰 나시 원피스,리턴,파자마/홈웨어,9000,2026-04-29,
1881,"5월_ 하루 끝의 마무리, 홈웨어",2026-05-22,2026-06-09,27,968056,신상 2타입) 여름하트 원피스잠옷 세트잠옷 순면 파자마 홈웨어,미뉴에티,파자마/홈웨어,17000,2026-05-15,
1881,"5월_ 하루 끝의 마무리, 홈웨어",2026-05-22,2026-06-09,28,956958,폴리 밀크 3번 잠옷,리턴,파자마/홈웨어,7000,2026-04-29,
1881,"5월_ 하루 끝의 마무리, 홈웨어",2026-05-22,2026-06-09,29,962403,가슴 패드 민소매 파자마세트,아주라,파자마/홈웨어,16300,2026-05-08,
1881,"5월_ 하루 끝의 마무리, 홈웨어",2026-05-22,2026-06-09,30,965320,신상 오리날다 3번 잠옷,리턴,파자마/홈웨어,9000,2026-05-13,
1881,"5월_ 하루 끝의 마무리, 홈웨어",2026-05-22,2026-06-09,31,959218,빈티지로즈 나시세트,리턴,파자마/홈웨어,8000,2026-05-04,
1881,"5월_ 하루 끝의 마무리, 홈웨어",2026-05-22,2026-06-09,32,965019,2컬러) 스머피 스트라이프 커플잠옷 홈웨어,미뉴에티,파자마/홈웨어,17000,2026-05-12,
1881,"5월_ 하루 끝의 마무리, 홈웨어",2026-05-22,2026-06-09,33,958701,레드단추잠옷세트,또또,파자마/홈웨어,9000,2026-05-02,
1881,"5월_ 하루 끝의 마무리, 홈웨어",2026-05-22,2026-06-09,34,956491,프릴반바지 상하 원피스 잠옷 스위트,아름다운풍경,파자마/홈웨어,43000,2026-04-28,
1881,"5월_ 하루 끝의 마무리, 홈웨어",2026-05-22,2026-06-09,35,964410,( 루루모달세트 ) 잠옷바지 홈웨어 파자마 모달,두웰,파자마/홈웨어,30000,2026-05-11,
1881,"5월_ 하루 끝의 마무리, 홈웨어",2026-05-22,2026-06-09,36,962178,신상 미니티티 나시원피스,리턴,파자마/홈웨어,9000,2026-05-08,
1881,"5월_ 하루 끝의 마무리, 홈웨어",2026-05-22,2026-06-09,37,967996,골지 버튼 나시 반바지 홈웨어 세트,아주라,파자마/홈웨어,23000,2026-05-15,
1881,"5월_ 하루 끝의 마무리, 홈웨어",2026-05-22,2026-06-09,38,963764,신상 제크 3번,리턴,파자마/홈웨어,8500,2026-05-11,
1881,"5월_ 하루 끝의 마무리, 홈웨어",2026-05-22,2026-06-09,39,963611,파티티티 3번,리턴,파자마/홈웨어,8000,2026-05-10,
1881,"5월_ 하루 끝의 마무리, 홈웨어",2026-05-22,2026-06-09,40,959449,꽃패턴나시세트,또또,파자마/홈웨어,8000,2026-05-04,
1881,"5월_ 하루 끝의 마무리, 홈웨어",2026-05-22,2026-06-09,41,958372,포니포우 3번,리턴,파자마/홈웨어,8000,2026-04-30,
1881,"5월_ 하루 끝의 마무리, 홈웨어",2026-05-22,2026-06-09,42,958672,플라워반바지세트,또또,파자마/홈웨어,7000,2026-05-02,
1881,"5월_ 하루 끝의 마무리, 홈웨어",2026-05-22,2026-06-09,43,957150,프릴카라반팔세트 플라워(6380)10장 잔꽃패턴 엠보인견 프릴상하세트냉감,구구단,파자마/홈웨어,70000,2026-04-29,
1881,"5월_ 하루 끝의 마무리, 홈웨어",2026-05-22,2026-06-09,44,969307,신상 스위트팝 3번,리턴,파자마/홈웨어,8500,2026-05-18,
1881,"5월_ 하루 끝의 마무리, 홈웨어",2026-05-22,2026-06-09,45,959532,민트 도트 리본 카라 반팔 파자마 세트,아주라,파자마/홈웨어,17800,2026-05-05,
1881,"5월_ 하루 끝의 마무리, 홈웨어",2026-05-22,2026-06-09,46,958666,노랑반팔잠옷세트,또또,파자마/홈웨어,7000,2026-05-02,
1881,"5월_ 하루 끝의 마무리, 홈웨어",2026-05-22,2026-06-09,47,963754,스마일 3피스,리턴,파자마/홈웨어,13000,2026-05-11,
1881,"5월_ 하루 끝의 마무리, 홈웨어",2026-05-22,2026-06-09,48,970639,2타입) 요루면 힐링 세트잠옷 원피스잠옷 홈웨어 파자마,미뉴에티,파자마/홈웨어,17000,2026-05-19,
1881,"5월_ 하루 끝의 마무리, 홈웨어",2026-05-22,2026-06-09,49,956951,폴리 화이트몽 3번,리턴,파자마/홈웨어,7500,2026-04-29,
1881,"5월_ 하루 끝의 마무리, 홈웨어",2026-05-22,2026-06-09,50,957140,모찌나시 원피스,리턴,파자마/홈웨어,7500,2026-04-29,
1881,"5월_ 하루 끝의 마무리, 홈웨어",2026-05-22,2026-06-09,51,969723,폴리 마이쿠 3번 잠옷,리턴,파자마/홈웨어,8000,2026-05-19,
1881,"5월_ 하루 끝의 마무리, 홈웨어",2026-05-22,2026-06-09,52,969504,위크니즈 국내생산 글로우 펀칭 레이스 반팔 반바지 2pcs 라운지 슬림핏 세트,위크니즈 Weekneez,파자마/홈웨어,32000,2026-05-18,
1881,"5월_ 하루 끝의 마무리, 홈웨어",2026-05-22,2026-06-09,53,958705,핑크잠옷세트,또또,파자마/홈웨어,9000,2026-05-02,
1881,"5월_ 하루 끝의 마무리, 홈웨어",2026-05-22,2026-06-09,54,958689,라운드쓰리피스,또또,파자마/홈웨어,15000,2026-05-02,
1881,"5월_ 하루 끝의 마무리, 홈웨어",2026-05-22,2026-06-09,55,958584,26신상) 앤틱플라워 요루면 원피스잠옷 파자마 홈웨어 잠옷,미뉴에티,파자마/홈웨어,17000,2026-05-01,
1881,"5월_ 하루 끝의 마무리, 홈웨어",2026-05-22,2026-06-09,56,958581,26신상) 블루꽃 원피스잠옷 세트잠옷 파자마 홈웨어,미뉴에티,파자마/홈웨어,15000,2026-05-01,
1881,"5월_ 하루 끝의 마무리, 홈웨어",2026-05-22,2026-06-09,57,959248,블루 도트 리본 카라 반소매 파자마 세트,아주라,파자마/홈웨어,17800,2026-05-04,
1881,"5월_ 하루 끝의 마무리, 홈웨어",2026-05-22,2026-06-09,58,968236,3타입) 아폴리 원피스잠옷 반팔긴바지 반팔반바지 잠옷 파자마 홈웨어,미뉴에티,파자마/홈웨어,17000,2026-05-15,
1881,"5월_ 하루 끝의 마무리, 홈웨어",2026-05-22,2026-06-09,59,958694,땡땡이쓰리피스,또또,파자마/홈웨어,12000,2026-05-02,
1881,"5월_ 하루 끝의 마무리, 홈웨어",2026-05-22,2026-06-09,60,957813,커플 매튜랜질 하이플라워 반팔 잠옷 빅사이즈 반바지 파자마 홈웨어 452,언바운디드,파자마/홈웨어,10000,2026-04-30,
1881,"5월_ 하루 끝의 마무리, 홈웨어",2026-05-22,2026-06-09,61,958675,타잔잠옷세트,또또,파자마/홈웨어,9000,2026-05-02,
1881,"5월_ 하루 끝의 마무리, 홈웨어",2026-05-22,2026-06-09,62,958665,꽃민소매잠옷세트,또또,파자마/홈웨어,8000,2026-05-02,
1881,"5월_ 하루 끝의 마무리, 홈웨어",2026-05-22,2026-06-09,63,958669,레이스나시세트,또또,파자마/홈웨어,10000,2026-05-02,
1881,"5월_ 하루 끝의 마무리, 홈웨어",2026-05-22,2026-06-09,64,958579,26신상) 얇은 블루엔톡톡 순면 원피스잠옷 파자마 세트잠옷 홈웨어,미뉴에티,파자마/홈웨어,17000,2026-05-01,
1881,"5월_ 하루 끝의 마무리, 홈웨어",2026-05-22,2026-06-09,65,959289,"[체크토트 파자마세트]곱창잠옷셋트,잔체크,반팔홈웨어,컬러,여름,데일리",미미룸,파자마/홈웨어,19000,2026-05-04,
1881,"5월_ 하루 끝의 마무리, 홈웨어",2026-05-22,2026-06-09,66,963710,하프노스텔지아투피스,은.(하우스),파자마/홈웨어,12000,2026-05-11,
1881,"5월_ 하루 끝의 마무리, 홈웨어",2026-05-22,2026-06-09,67,958698,진주독잠옷세트,또또,파자마/홈웨어,6000,2026-05-02,
1881,"5월_ 하루 끝의 마무리, 홈웨어",2026-05-22,2026-06-09,68,955919,키키잠옷 반팔 반바지 세트 홈웨어 파자마 P328,아띠젠,파자마/홈웨어,22000,2026-04-27,
1881,"5월_ 하루 끝의 마무리, 홈웨어",2026-05-22,2026-06-09,69,959636,화이트 레이스 나시 상하 파자마 세트,아주라,파자마/홈웨어,20500,2026-05-05,
1881,"5월_ 하루 끝의 마무리, 홈웨어",2026-05-22,2026-06-09,70,955476,스트라이프 파이핑 반소매 파자마 상하세트,아주라,파자마/홈웨어,30000,2026-04-27,
1881,"5월_ 하루 끝의 마무리, 홈웨어",2026-05-22,2026-06-09,71,958703,초록잠옷세트,또또,파자마/홈웨어,9000,2026-05-02,
1881,"5월_ 하루 끝의 마무리, 홈웨어",2026-05-22,2026-06-09,72,965252,하프코지라인투피스,은.(하우스),파자마/홈웨어,12000,2026-05-13,
1881,"5월_ 하루 끝의 마무리, 홈웨어",2026-05-22,2026-06-09,73,968028,블랙 체크 라이트블루 파이핑 반팔 파자마 세트,아주라,파자마/홈웨어,24900,2026-05-15,
1881,"5월_ 하루 끝의 마무리, 홈웨어",2026-05-22,2026-06-09,74,958700,토끼잠옷세트,또또,파자마/홈웨어,9000,2026-05-02,
1881,"5월_ 하루 끝의 마무리, 홈웨어",2026-05-22,2026-06-09,75,963954,여성 오픈카라 반팔 파자마 상하세트,아주라,파자마/홈웨어,21500,2026-05-11,
1881,"5월_ 하루 끝의 마무리, 홈웨어",2026-05-22,2026-06-09,76,961290,칵테일 SET =(신상 긴바지 찰랑 와이드팬츠 일자 통바지 반팔티 세트 상하의),에스에프(SF),파자마/홈웨어,13000,2026-05-07,
1881,"5월_ 하루 끝의 마무리, 홈웨어",2026-05-22,2026-06-09,77,964983,2컬러 신상) 레이스 스트라이프 잠옷세트 파자마 홈웨어,미뉴에티,파자마/홈웨어,16500,2026-05-12,
1881,"5월_ 하루 끝의 마무리, 홈웨어",2026-05-22,2026-06-09,78,958683,리본레이스반팔잠옷세트,또또,파자마/홈웨어,8000,2026-05-02,
1881,"5월_ 하루 끝의 마무리, 홈웨어",2026-05-22,2026-06-09,79,964433,( 크로플세트 ) 상하세트 홈웨어 파자마 잠옷세트,두웰,파자마/홈웨어,29000,2026-05-11,
1881,"5월_ 하루 끝의 마무리, 홈웨어",2026-05-22,2026-06-09,80,962705,커플잠옷 레이 플라워 요루면 순면잠옷 원피스잠옷,미뉴에티,파자마/홈웨어,16500,2026-05-08,
1881,"5월_ 하루 끝의 마무리, 홈웨어",2026-05-22,2026-06-09,81,962724,26신상) 블랙리본도트 요루면 커플잠옷 파자마 홈웨어,미뉴에티,파자마/홈웨어,16500,2026-05-08,
1881,"5월_ 하루 끝의 마무리, 홈웨어",2026-05-22,2026-06-09,82,958691,트로이잠옷세트,또또,파자마/홈웨어,9000,2026-05-02,
1881,"5월_ 하루 끝의 마무리, 홈웨어",2026-05-22,2026-06-09,83,958565,신상 2타입) 피에타 플라워 원피스잠옷 세트잠옷 파자마 홈웨어,미뉴에티,파자마/홈웨어,15000,2026-05-01,
1881,"5월_ 하루 끝의 마무리, 홈웨어",2026-05-22,2026-06-09,84,965022,2타입) 민소매 펀칭 작은꽃 원피스잠옷 세트잠옷 파자마,미뉴에티,파자마/홈웨어,16500,2026-05-12,
1881,"5월_ 하루 끝의 마무리, 홈웨어",2026-05-22,2026-06-09,85,963191,26)신상 지지미 코크팝 커플잠옷 파자마 홈웨어 원피스잠옷,미뉴에티,파자마/홈웨어,16000,2026-05-08,
1881,"5월_ 하루 끝의 마무리, 홈웨어",2026-05-22,2026-06-09,86,957149,쿨피치)남반팔라운드세트-뜨왈(6348)6장,구구단,파자마/홈웨어,45000,2026-04-29,
1881,"5월_ 하루 끝의 마무리, 홈웨어",2026-05-22,2026-06-09,87,959291,"[냉감패턴 원피스]여름잠옷,잔꽃,가슴패드,파자마,데일리홈웨어,레이스,바배",미미룸,파자마/홈웨어,14000,2026-05-04,
1881,"5월_ 하루 끝의 마무리, 홈웨어",2026-05-22,2026-06-09,88,968034,체크 반팔 셔츠 파자마 상하세트,아주라,파자마/홈웨어,23900,2026-05-15,
1881,"5월_ 하루 끝의 마무리, 홈웨어",2026-05-22,2026-06-09,89,959464,빅스타잠옷세트,또또,파자마/홈웨어,9000,2026-05-04,
1881,"5월_ 하루 끝의 마무리, 홈웨어",2026-05-22,2026-06-09,90,969699,폴리 마이쁘띠 3번,리턴,파자마/홈웨어,8000,2026-05-19,
1881,"5월_ 하루 끝의 마무리, 홈웨어",2026-05-22,2026-06-09,91,957141,고급라인) 냉감프릴 나시상하세트(5201)10장,구구단,파자마/홈웨어,60000,2026-04-29,
1881,"5월_ 하루 끝의 마무리, 홈웨어",2026-05-22,2026-06-09,92,959455,핑크나시세트,또또,파자마/홈웨어,10000,2026-05-04,
1881,"5월_ 하루 끝의 마무리, 홈웨어",2026-05-22,2026-06-09,93,968430,스타캣 밴딩나시 원피스,리턴,파자마/홈웨어,8000,2026-05-16,
1881,"5월_ 하루 끝의 마무리, 홈웨어",2026-05-22,2026-06-09,94,957551,하트리본 밴딩나시 원피스,리턴,파자마/홈웨어,7000,2026-04-29,
1881,"5월_ 하루 끝의 마무리, 홈웨어",2026-05-22,2026-06-09,95,958697,나시스트라이프세트,또또,파자마/홈웨어,8000,2026-05-02,
1881,"5월_ 하루 끝의 마무리, 홈웨어",2026-05-22,2026-06-09,96,958682,리본나시반팔세트,또또,파자마/홈웨어,7000,2026-05-02,
1881,"5월_ 하루 끝의 마무리, 홈웨어",2026-05-22,2026-06-09,97,968355,"[레이스 모달원피스]모달잠옷,냉감,패드내장,여리핏,레이스,편안한홈웨어",미미룸,파자마/홈웨어,20000,2026-05-15,
1881,"5월_ 하루 끝의 마무리, 홈웨어",2026-05-22,2026-06-09,98,959634,그린 스트라이프 파이핑 반소매 파자마 세트,아주라,파자마/홈웨어,17500,2026-05-05,
1881,"5월_ 하루 끝의 마무리, 홈웨어",2026-05-22,2026-06-09,99,955479,스트라이프 파이핑 반팔 파자마 상하세트,아주라,파자마/홈웨어,30000,2026-04-27,
1881,"5월_ 하루 끝의 마무리, 홈웨어",2026-05-22,2026-06-09,100,958574,26신상) 엘세르 플라워 원피스잠옷 세트잠옷 파자마 홈웨어,미뉴에티,파자마/홈웨어,17000,2026-05-01,
1881,"5월_ 하루 끝의 마무리, 홈웨어",2026-05-22,2026-06-09,101,958706,노랑잠옷세트,또또,파자마/홈웨어,9000,2026-05-02,
1881,"5월_ 하루 끝의 마무리, 홈웨어",2026-05-22,2026-06-09,102,958695,핑크원피스,또또,파자마/홈웨어,8000,2026-05-02,
1881,"5월_ 하루 끝의 마무리, 홈웨어",2026-05-22,2026-06-09,103,966265,토토 반팔 반바지 잠옷 세트 순면 파자마 폴리아님 코튼100 H332,아띠젠,파자마/홈웨어,20000,2026-05-13,
1881,"5월_ 하루 끝의 마무리, 홈웨어",2026-05-22,2026-06-09,104,970754,2타입) 펀칭화이트 세트잠옷 원피스잠옷 파자마 홈웨어,미뉴에티,파자마/홈웨어,17000,2026-05-19,
1881,"5월_ 하루 끝의 마무리, 홈웨어",2026-05-22,2026-06-09,105,969316,페이리본 3번,리턴,파자마/홈웨어,6500,2026-05-18,
1881,"5월_ 하루 끝의 마무리, 홈웨어",2026-05-22,2026-06-09,106,958582,신상 3타입) 요루면 스토리 커플잠옷 원피스잠옷 세트잠옷 파자마 홈웨어,미뉴에티,파자마/홈웨어,15000,2026-05-01,
1881,"5월_ 하루 끝의 마무리, 홈웨어",2026-05-22,2026-06-09,107,959633,레드별 스트라이프 레이스카라 반팔 파자마 세트,아주라,파자마/홈웨어,21000,2026-05-05,
1881,"5월_ 하루 끝의 마무리, 홈웨어",2026-05-22,2026-06-09,108,970765,26신상) 내츄럴 펀칭 순면 세트잠옷 파자마 홈웨어,미뉴에티,파자마/홈웨어,17000,2026-05-19,
1881,"5월_ 하루 끝의 마무리, 홈웨어",2026-05-22,2026-06-09,109,970630,26신상) 요루면 모던 뜨왈 옆리본 원피스잠옷 파자마 홈웨어,미뉴에티,파자마/홈웨어,17000,2026-05-19,
1881,"5월_ 하루 끝의 마무리, 홈웨어",2026-05-22,2026-06-09,110,957139,고급)냉감프릴단추반팔세트(5021)10장,구구단,파자마/홈웨어,60000,2026-04-29,
1881,"5월_ 하루 끝의 마무리, 홈웨어",2026-05-22,2026-06-09,111,958690,화이트잠옷세,또또,파자마/홈웨어,9000,2026-05-02,
1881,"5월_ 하루 끝의 마무리, 홈웨어",2026-05-22,2026-06-09,112,958681,스타쓰리피스세트,또또,파자마/홈웨어,12000,2026-05-02,
1881,"5월_ 하루 끝의 마무리, 홈웨어",2026-05-22,2026-06-09,113,969512,위크니즈 국내생산 머핀 남여공용 커플 체크 9부 잠옷 바지 파자마,위크니즈 Weekneez,파자마/홈웨어,15000,2026-05-18,
1881,"5월_ 하루 끝의 마무리, 홈웨어",2026-05-22,2026-06-09,114,958692,그린체크잠옷세,또또,파자마/홈웨어,9000,2026-05-02,
1881,"5월_ 하루 끝의 마무리, 홈웨어",2026-05-22,2026-06-09,115,965253,코지라인라운지팬츠,은.(하우스),파자마/홈웨어,5000,2026-05-13,
1881,"5월_ 하루 끝의 마무리, 홈웨어",2026-05-22,2026-06-09,116,959257,포인체크 3번잠옷,리턴,파자마/홈웨어,7000,2026-05-04,
1881,"5월_ 하루 끝의 마무리, 홈웨어",2026-05-22,2026-06-09,117,959463,레드끈잠옷세트,또또,파자마/홈웨어,15000,2026-05-04,
1881,"5월_ 하루 끝의 마무리, 홈웨어",2026-05-22,2026-06-09,118,962368,그린 잔꽃 끈나시 반바지 파자마 세트,아주라,파자마/홈웨어,16000,2026-05-08,
1881,"5월_ 하루 끝의 마무리, 홈웨어",2026-05-22,2026-06-09,119,959453,시스루원피스-티팬티포함,또또,파자마/홈웨어,8000,2026-05-04,
1881,"5월_ 하루 끝의 마무리, 홈웨어",2026-05-22,2026-06-09,120,968298,3타입) 하늘바다 원피스잠옷 반팔긴바지 반팔반바지 잠옷 파자마 홈웨어,미뉴에티,파자마/홈웨어,17000,2026-05-15,
1881,"5월_ 하루 끝의 마무리, 홈웨어",2026-05-22,2026-06-09,121,969274,폴리 헬로티티 3번,리턴,파자마/홈웨어,8000,2026-05-18,
1881,"5월_ 하루 끝의 마무리, 홈웨어",2026-05-22,2026-06-09,122,965150,앵두티티3피스,리턴,파자마/홈웨어,8000,2026-05-12,
1881,"5월_ 하루 끝의 마무리, 홈웨어",2026-05-22,2026-06-09,123,958686,딸기잠옷세트,또또,파자마/홈웨어,8000,2026-05-02,
1881,"5월_ 하루 끝의 마무리, 홈웨어",2026-05-22,2026-06-09,124,958570,26신상) 엘세르 플라워 원피스잠옷 세트잠옷 파자마 홈웨어,미뉴에티,파자마/홈웨어,17000,2026-05-01,
1881,"5월_ 하루 끝의 마무리, 홈웨어",2026-05-22,2026-06-09,125,955220,와우몽 3번,리턴,파자마/홈웨어,7500,2026-04-27,
1881,"5월_ 하루 끝의 마무리, 홈웨어",2026-05-22,2026-06-09,126,960167,빈티지로즈 나시세트,리턴,파자마/홈웨어,8000,2026-05-06,
1881,"5월_ 하루 끝의 마무리, 홈웨어",2026-05-22,2026-06-09,127,957151,쿨피치)남긴바지뜨왈(6349) 10장시원한 촉감과 구김 걱정 없는 복원력,구구단,파자마/홈웨어,40000,2026-04-29,
1881,"5월_ 하루 끝의 마무리, 홈웨어",2026-05-22,2026-06-09,128,958687,얼룩잠옷세트,또또,파자마/홈웨어,9000,2026-05-02,
1881,"5월_ 하루 끝의 마무리, 홈웨어",2026-05-22,2026-06-09,129,968030,레이스 백포인트 반팔 파자마 상하세트,아주라,파자마/홈웨어,19900,2026-05-15,
1881,"5월_ 하루 끝의 마무리, 홈웨어",2026-05-22,2026-06-09,130,958670,커플반팔세트17번,또또,파자마/홈웨어,17000,2026-05-02,
1881,"5월_ 하루 끝의 마무리, 홈웨어",2026-05-22,2026-06-09,131,958688,작은별잠옷세트,또또,파자마/홈웨어,9000,2026-05-02,
1881,"5월_ 하루 끝의 마무리, 홈웨어",2026-05-22,2026-06-09,132,959450,체리반팔세트,또또,파자마/홈웨어,8000,2026-05-04,
1881,"5월_ 하루 끝의 마무리, 홈웨어",2026-05-22,2026-06-09,133,968684,크림밴딩 나시원피스,리턴,파자마/홈웨어,7000,2026-05-16,
1881,"5월_ 하루 끝의 마무리, 홈웨어",2026-05-22,2026-06-09,134,959451,꽃패턴반팔세트,또또,파자마/홈웨어,9000,2026-05-04,
1881,"5월_ 하루 끝의 마무리, 홈웨어",2026-05-22,2026-06-09,135,958567,신상) 커플 브리니에 뜨왈 커플잠옷 파자마 순면 홈웨어,미뉴에티,파자마/홈웨어,15000,2026-05-01,
1881,"5월_ 하루 끝의 마무리, 홈웨어",2026-05-22,2026-06-09,136,968356,"[체크프릴 숏팬츠세트]슬림핏 홈웨어,나시세트,슬림라인잠옷,러블리파자마",미미룸,파자마/홈웨어,22000,2026-05-15,
1881,"5월_ 하루 끝의 마무리, 홈웨어",2026-05-22,2026-06-09,137,968539,깅엄체크 레이스 트리밍 반팔 파자마 상하세트,아주라,파자마/홈웨어,23600,2026-05-16,
1881,"5월_ 하루 끝의 마무리, 홈웨어",2026-05-22,2026-06-09,138,957827,신상 매튜랜질 체크 웰컴홈 반팔 잠옷 세트 커플 빅사이즈 홈웨어 450,언바운디드,파자마/홈웨어,8000,2026-04-30,
1881,"5월_ 하루 끝의 마무리, 홈웨어",2026-05-22,2026-06-09,139,963797,신상 디즈니 정품 미키 반팔 티셔츠 면 25수 남녀공용 슬립 미키 박스티 9907,언바운디드,파자마/홈웨어,6000,2026-05-11,
1881,"5월_ 하루 끝의 마무리, 홈웨어",2026-05-22,2026-06-09,140,958693,보라꽃잠옷세트,또또,파자마/홈웨어,9000,2026-05-02,
1881,"5월_ 하루 끝의 마무리, 홈웨어",2026-05-22,2026-06-09,141,958707,레오상하세트,또또,파자마/홈웨어,9000,2026-05-02,
1881,"5월_ 하루 끝의 마무리, 홈웨어",2026-05-22,2026-06-09,142,963795,여름 미키 스트라이프 쇼츠 바지 커플 파자마 빅사이즈 홈웨어 신상 726,언바운디드,파자마/홈웨어,6000,2026-05-11,
1881,"5월_ 하루 끝의 마무리, 홈웨어",2026-05-22,2026-06-09,143,955852,"봄여름 셋업,단가라,홈웨어,데일리,반팔 [스트라이프 소프트 파자마세트]",미미룸,파자마/홈웨어,28000,2026-04-27,
1881,"5월_ 하루 끝의 마무리, 홈웨어",2026-05-22,2026-06-09,144,958668,장미원피스,또또,파자마/홈웨어,9000,2026-05-02,
1881,"5월_ 하루 끝의 마무리, 홈웨어",2026-05-22,2026-06-09,145,959155,하프노스텔지아투피스,은.(하우스),파자마/홈웨어,12000,2026-05-04,
1881,"5월_ 하루 끝의 마무리, 홈웨어",2026-05-22,2026-06-09,146,958674,커플반팔세트15번,또또,파자마/홈웨어,17000,2026-05-02,
1881,"5월_ 하루 끝의 마무리, 홈웨어",2026-05-22,2026-06-09,147,957882,신상 매튜랜질 베어 반팔 잠옷 세트 커플 오버핏 빅사이즈 홈웨어 449,언바운디드,파자마/홈웨어,8000,2026-04-30,
1881,"5월_ 하루 끝의 마무리, 홈웨어",2026-05-22,2026-06-09,148,959462,산토끼반팔세트,또또,파자마/홈웨어,7000,2026-05-04,
1881,"5월_ 하루 끝의 마무리, 홈웨어",2026-05-22,2026-06-09,149,962402,스트라이프 반팔 파자마 셔츠 쇼츠 세트,아주라,파자마/홈웨어,21500,2026-05-08,
1881,"5월_ 하루 끝의 마무리, 홈웨어",2026-05-22,2026-06-09,150,957763,나시랩화이트샤워가운,은.(하우스),파자마/홈웨어,15000,2026-04-30,
1881,"5월_ 하루 끝의 마무리, 홈웨어",2026-05-22,2026-06-09,151,968538,강아지 프린트 배색 끈나시 체크 반바지 파자마 세트,아주라,파자마/홈웨어,19800,2026-05-16,
1881,"5월_ 하루 끝의 마무리, 홈웨어",2026-05-22,2026-06-09,152,958680,스타반바지세트,또또,파자마/홈웨어,9000,2026-05-02,
1881,"5월_ 하루 끝의 마무리, 홈웨어",2026-05-22,2026-06-09,153,958704,블랙스트라이프잠옷세트,또또,파자마/홈웨어,10000,2026-05-02,
1881,"5월_ 하루 끝의 마무리, 홈웨어",2026-05-22,2026-06-09,154,959635,잔꽃 레이스 라운드넥 반팔 파자마 세트,아주라,파자마/홈웨어,17800,2026-05-05,
1881,"5월_ 하루 끝의 마무리, 홈웨어",2026-05-22,2026-06-09,155,958664,핑크나시스트라이프세트,또또,파자마/홈웨어,8000,2026-05-02,
1881,"5월_ 하루 끝의 마무리, 홈웨어",2026-05-22,2026-06-09,156,958699,슬랍원피스,또또,파자마/홈웨어,9000,2026-05-02,
1881,"5월_ 하루 끝의 마무리, 홈웨어",2026-05-22,2026-06-09,157,964879,블루 플라워 레드파이핑 반팔 파자마 세트,아주라,파자마/홈웨어,17800,2026-05-12,
1881,"5월_ 하루 끝의 마무리, 홈웨어",2026-05-22,2026-06-09,158,957769,나시랩단가라샤워가운,은.(하우스),파자마/홈웨어,18000,2026-04-30,
1881,"5월_ 하루 끝의 마무리, 홈웨어",2026-05-22,2026-06-09,159,962385,스트라이프 반팔 파자마 셔츠+숏팬츠 세트,아주라,파자마/홈웨어,17500,2026-05-08,
1881,"5월_ 하루 끝의 마무리, 홈웨어",2026-05-22,2026-06-09,160,959459,핫핑크잠옷세트,또또,파자마/홈웨어,9000,2026-05-04,
1881,"5월_ 하루 끝의 마무리, 홈웨어",2026-05-22,2026-06-09,161,958673,반바지쓰리피스세트,또또,파자마/홈웨어,12000,2026-05-02,
1881,"5월_ 하루 끝의 마무리, 홈웨어",2026-05-22,2026-06-09,162,969514,위크니즈 국내생산 슬리피 남여공용 커플 스트라이프 9부 잠옷 바지 파자마,위크니즈 Weekneez,파자마/홈웨어,15000,2026-05-18,
1881,"5월_ 하루 끝의 마무리, 홈웨어",2026-05-22,2026-06-09,163,969497,위크니즈 국내생산 소프트무드Ⅱ 반팔 가디건 나시 반바지 3pcs 잠옷 홈웨어 라운지 세트,위크니즈 Weekneez,파자마/홈웨어,32000,2026-05-18,
1881,"5월_ 하루 끝의 마무리, 홈웨어",2026-05-22,2026-06-09,164,958679,스노우반바지세트,또또,파자마/홈웨어,9000,2026-05-02,
1881,"5월_ 하루 끝의 마무리, 홈웨어",2026-05-22,2026-06-09,165,958667,장미상하세트,또또,파자마/홈웨어,9000,2026-05-02,
1881,"5월_ 하루 끝의 마무리, 홈웨어",2026-05-22,2026-06-09,166,955881,"[잔체크 파자마세트]봄여름 잠옷,반팔셋업,루즈핏,미니멀홈웨어,인터록물결",미미룸,파자마/홈웨어,20000,2026-04-27,
1881,"5월_ 하루 끝의 마무리, 홈웨어",2026-05-22,2026-06-09,167,962727,26신상) 실키 샤인드레스 원피스잠옷 파자마 홈웨어,미뉴에티,파자마/홈웨어,17000,2026-05-08,
1881,"5월_ 하루 끝의 마무리, 홈웨어",2026-05-22,2026-06-09,168,964431,( 웬디잠옷세트 ) 홈웨어 파자마 잠옷세트 수유복,두웰,파자마/홈웨어,29000,2026-05-11,
1881,"5월_ 하루 끝의 마무리, 홈웨어",2026-05-22,2026-06-09,169,964881,플라워 패턴 반소매 파자마 상하세트,아주라,파자마/홈웨어,17800,2026-05-12,
1881,"5월_ 하루 끝의 마무리, 홈웨어",2026-05-22,2026-06-09,170,964440,( 리치잠옷세트) 홈웨어 파자마 잠옷바지,두웰,파자마/홈웨어,34000,2026-05-11,
1881,"5월_ 하루 끝의 마무리, 홈웨어",2026-05-22,2026-06-09,171,959294,"[모달심플 파자마세트]데일리홈웨어,반팔세트,내장패드,편안잠옷,바배,소재굿",미미룸,파자마/홈웨어,18000,2026-05-04,
1881,"5월_ 하루 끝의 마무리, 홈웨어",2026-05-22,2026-06-09,172,964880,핑크 도트 레이스 리본 반팔 파자마 원피스,아주라,파자마/홈웨어,17800,2026-05-12,
1881,"5월_ 하루 끝의 마무리, 홈웨어",2026-05-22,2026-06-09,173,959896,여름 쿨 와이드 밴딩 벌룬 바지 빅사이즈 와샤 바스락 오버핏 신상 727,언바운디드,파자마/홈웨어,6000,2026-05-06,
1881,"5월_ 하루 끝의 마무리, 홈웨어",2026-05-22,2026-06-09,174,955481,빅사이즈 레오파드 레이스 브이넥 슬립 파자마 세트,아주라,파자마/홈웨어,33000,2026-04-27,
1881,"5월_ 하루 끝의 마무리, 홈웨어",2026-05-22,2026-06-09,175,958671,커플반팔세트16번,또또,파자마/홈웨어,17000,2026-05-02,
1881,"5월_ 하루 끝의 마무리, 홈웨어",2026-05-22,2026-06-09,176,964876,그린 스트라이프 오픈카라 파자마 상하세트,아주라,파자마/홈웨어,16000,2026-05-12,
1881,"5월_ 하루 끝의 마무리, 홈웨어",2026-05-22,2026-06-09,177,959454,체크반바지세트,또또,파자마/홈웨어,10000,2026-05-04,
1881,"5월_ 하루 끝의 마무리, 홈웨어",2026-05-22,2026-06-09,178,958684,소라잠옷세트,또또,파자마/홈웨어,9000,2026-05-02,
1881,"5월_ 하루 끝의 마무리, 홈웨어",2026-05-22,2026-06-09,179,963949,아이보리 레이스 카라 반팔 파자마 세트,아주라,파자마/홈웨어,27500,2026-05-11,
1881,"5월_ 하루 끝의 마무리, 홈웨어",2026-05-22,2026-06-09,180,955489,스트라이프 파이핑 리본 반소매 파자마 세트,아주라,파자마/홈웨어,39000,2026-04-27,
1881,"5월_ 하루 끝의 마무리, 홈웨어",2026-05-22,2026-06-09,181,963946,핑크 체크 프릴 민소매 파자마 상하세트,아주라,파자마/홈웨어,19000,2026-05-11,
1892,5월_가성비 주방용품,2026-05-29,2026-06-16,0,718643,숏본컵,남군점빵,컵/잔/머그,2800,2025-05-27,
1892,5월_가성비 주방용품,2026-05-29,2026-06-16,1,963595,글라스 유니크 스푼 숟가락,소브니홈,커트러리,2500,2026-05-10,
1892,5월_가성비 주방용품,2026-05-29,2026-06-16,2,447903,홈카페 아이스커피잔 내열유리컵 에이드 쥬스컵 2종,옐로맨션,컵/잔/머그,5900,2024-07-24,
1892,5월_가성비 주방용품,2026-05-29,2026-06-16,3,856295,디저트 미니소스볼 4종,옐로맨션,그릇/식기,2700,2025-12-27,
1892,5월_가성비 주방용품,2026-05-29,2026-06-16,4,711628,애니멀 프렌즈 데일리볼 3종,옐로맨션,그릇/식기,5900,2025-05-15,
1892,5월_가성비 주방용품,2026-05-29,2026-06-16,5,795338,애플 쁘띠볼,옐로맨션,그릇/식기,4400,2025-09-25,
1892,5월_가성비 주방용품,2026-05-29,2026-06-16,6,787941,에브리띵 디저트세트 3종,옐로맨션,그릇/식기,3400,2025-09-16,
1892,5월_가성비 주방용품,2026-05-29,2026-06-16,7,855466,진저브레드맨 미니접시,옐로맨션,그릇/식기,4500,2025-12-24,
1892,5월_가성비 주방용품,2026-05-29,2026-06-16,8,715426,로맨틱 핑크리본 식기 5종,옐로맨션,식기세트,2800,2025-05-21,
1892,5월_가성비 주방용품,2026-05-29,2026-06-16,9,950580,쿠로 네코 테이블웨어,옐로맨션,식기세트,3300,2026-04-21,
1892,5월_가성비 주방용품,2026-05-29,2026-06-16,10,736399,쿠킹베어 식기세트 시리즈,옐로맨션,식기세트,2700,2025-07-08,
1892,5월_가성비 주방용품,2026-05-29,2026-06-16,11,861693,네잎클로버 플레이트,옐로맨션,접시/플레이트,3700,2026-01-10,
1892,5월_가성비 주방용품,2026-05-29,2026-06-16,12,926696,네코네코 소스볼 3종,옐로맨션,접시/플레이트,3700,2026-03-29,
1892,5월_가성비 주방용품,2026-05-29,2026-06-16,13,889179,딸기 손잡이 미니플레이트,옐로맨션,접시/플레이트,1900,2026-02-05,
1892,5월_가성비 주방용품,2026-05-29,2026-06-16,14,509527,리본 세라믹 플레이트 & 버터나이프 세트 2종,옐로맨션,접시/플레이트,2900,2024-09-25,
1892,5월_가성비 주방용품,2026-05-29,2026-06-16,15,745412,버드 도자기 미니접시 4종,옐로맨션,접시/플레이트,5900,2025-07-31,
1892,5월_가성비 주방용품,2026-05-29,2026-06-16,16,710525,베이직 세라믹 앞접시 3종,옐로맨션,접시/플레이트,3000,2025-05-14,
1892,5월_가성비 주방용품,2026-05-29,2026-06-16,17,722923,킹받는 푸드 접시 5종 (화난 오니기리 추가!),옐로맨션,접시/플레이트,5500,2025-06-05,
1892,5월_가성비 주방용품,2026-05-29,2026-06-16,18,785524,파리지앵 접시&버터나이프,옐로맨션,접시/플레이트,3400,2025-09-12,
1892,5월_가성비 주방용품,2026-05-29,2026-06-16,19,528077,파스텔 세라믹 플레이트 5종 (신규 색상 추가),옐로맨션,접시/플레이트,4800,2024-10-23,
1892,5월_가성비 주방용품,2026-05-29,2026-06-16,20,528011,푸드 미니접시,옐로맨션,접시/플레이트,2200,2024-10-23,
1892,5월_가성비 주방용품,2026-05-29,2026-06-16,21,575841,푸드 미니접시 5종,옐로맨션,접시/플레이트,2200,2024-11-29,
1892,5월_가성비 주방용품,2026-05-29,2026-06-16,22,527994,핑크하트 플레이트,옐로맨션,접시/플레이트,4300,2024-10-23,
1892,5월_가성비 주방용품,2026-05-29,2026-06-16,23,888479,해피 애니멀 쁘띠볼 3종,옐로맨션,접시/플레이트,4100,2026-02-04,
1892,5월_가성비 주방용품,2026-05-29,2026-06-16,24,759190,후르츠 나눔접시 3종,옐로맨션,접시/플레이트,5900,2025-08-20,
1892,5월_가성비 주방용품,2026-05-29,2026-06-16,25,769126,(실물짱!) 토마토 플라워 플레이트 앞접시,소브니홈,접시/플레이트,5900,2025-08-27,
1892,5월_가성비 주방용품,2026-05-29,2026-06-16,26,906735,고양이 프렌즈 토마토 플레이트 접시,소브니홈,접시/플레이트,6000,2026-02-28,
1892,5월_가성비 주방용품,2026-05-29,2026-06-16,27,731083,네코 고양이 소스볼 간장종지 미니 앞접시,소브니홈,접시/플레이트,5500,2025-06-24,
1892,5월_가성비 주방용품,2026-05-29,2026-06-16,28,714169,프릴 리본 파스타 볼 & 플레이트 & 머그 3종,소브니홈,접시/플레이트,5500,2025-05-20,
1892,5월_가성비 주방용품,2026-05-29,2026-06-16,29,818809,(신상) 버터옐로우 세라믹 버터 나이프,소브니홈,커트러리,3300,2025-11-04,
1892,5월_가성비 주방용품,2026-05-29,2026-06-16,30,818856,(인기최고) 진저맨 스테인레스 스푼 포크,소브니홈,커트러리,1700,2025-11-04,
1892,5월_가성비 주방용품,2026-05-29,2026-06-16,31,725420,(퀄리티 굿!) 뭉뚝 우드 무광 스푼 & 포크,소브니홈,커트러리,3900,2025-06-10,
1892,5월_가성비 주방용품,2026-05-29,2026-06-16,32,963597,메르시 커트러리 세트,소브니홈,커트러리,5900,2026-05-10,
1892,5월_가성비 주방용품,2026-05-29,2026-06-16,33,727860,사각 우드 도끼 나이프,소브니홈,커트러리,2700,2025-06-16,
1892,5월_가성비 주방용품,2026-05-29,2026-06-16,34,804801,신상) 테디 무광 뭉뚝 스푼,소브니홈,커트러리,3900,2025-10-17,
1892,5월_가성비 주방용품,2026-05-29,2026-06-16,35,712737,오블리크 스푼 포크,소브니홈,커트러리,3300,2025-05-17,
1892,5월_가성비 주방용품,2026-05-29,2026-06-16,36,715698,우드 버터 나이프 (2color),소브니홈,커트러리,3300,2025-05-21,
1892,5월_가성비 주방용품,2026-05-29,2026-06-16,37,769185,화이트 세라믹 버터 나이프,소브니홈,커트러리,3300,2025-08-27,
1892,5월_가성비 주방용품,2026-05-29,2026-06-16,38,723394,대파 스푼포크 세트 (케이스포함),옐로맨션,커트러리,4700,2025-06-06,
1892,5월_가성비 주방용품,2026-05-29,2026-06-16,39,619631,몽글몽글 디저트 스푼 포크,옐로맨션,커트러리,2900,2025-02-09,
1892,5월_가성비 주방용품,2026-05-29,2026-06-16,40,549788,발레리본 티포크 티스푼,옐로맨션,커트러리,1300,2024-11-09,
1892,5월_가성비 주방용품,2026-05-29,2026-06-16,41,958594,베어 쁘띠 커트러리 3종,옐로맨션,커트러리,1900,2026-05-01,
1892,5월_가성비 주방용품,2026-05-29,2026-06-16,42,906818,심플엣지수저 4종,옐로맨션,커트러리,5200,2026-03-01,
1892,5월_가성비 주방용품,2026-05-29,2026-06-16,43,723786,애플 스푼포크 2종,옐로맨션,커트러리,3000,2025-06-08,
1892,5월_가성비 주방용품,2026-05-29,2026-06-16,44,926695,파스텔 세라믹 버터나이프 3종,옐로맨션,커트러리,2700,2026-03-29,
1892,5월_가성비 주방용품,2026-05-29,2026-06-16,45,445945,감성 레터링 내열글라스컵 2종,옐로맨션,컵/잔/머그,4200,2024-07-21,
1892,5월_가성비 주방용품,2026-05-29,2026-06-16,46,445950,감성식기 홈카페 테이핑 글라스컵 3종,옐로맨션,컵/잔/머그,2900,2024-07-21,
1892,5월_가성비 주방용품,2026-05-29,2026-06-16,47,697589,강아지 토마토 내열글라스,옐로맨션,컵/잔/머그,5600,2025-04-24,
1892,5월_가성비 주방용품,2026-05-29,2026-06-16,48,612395,강아지 토마토 머그컵,옐로맨션,컵/잔/머그,5500,2025-02-03,
1892,5월_가성비 주방용품,2026-05-29,2026-06-16,49,676919,구슬 리본 머그컵 3종,옐로맨션,컵/잔/머그,5900,2025-04-07,
1892,5월_가성비 주방용품,2026-05-29,2026-06-16,50,445937,귀여운 레빗베어 글라스컵 집들이선물 소품샵 추천컵 2종,옐로맨션,컵/잔/머그,3000,2024-07-21,
1892,5월_가성비 주방용품,2026-05-29,2026-06-16,51,509706,귀여운 튤립토끼 글라스컵,옐로맨션,컵/잔/머그,2800,2024-09-26,
1892,5월_가성비 주방용품,2026-05-29,2026-06-16,52,925849,그레이프 고블렛잔,옐로맨션,컵/잔/머그,5600,2026-03-27,
1892,5월_가성비 주방용품,2026-05-29,2026-06-16,53,697653,글라스 핑크 캐니스터 2종,옐로맨션,컵/잔/머그,4400,2025-04-24,
1892,5월_가성비 주방용품,2026-05-29,2026-06-16,54,517668,글라스컵 캐니스터 4종,옐로맨션,컵/잔/머그,4400,2024-10-10,
1892,5월_가성비 주방용품,2026-05-29,2026-06-16,55,447919,동물 캐릭터 강아지컵 내열유리컵 글라스 4종,옐로맨션,컵/잔/머그,5900,2024-07-24,
1892,5월_가성비 주방용품,2026-05-29,2026-06-16,56,677039,드리밍 베어글라스컵 2종,옐로맨션,컵/잔/머그,3700,2025-04-07,
1892,5월_가성비 주방용품,2026-05-29,2026-06-16,57,473597,러블리 홀리데이 고양이 식빵 유리컵 2종,옐로맨션,컵/잔/머그,2800,2024-08-20,
1892,5월_가성비 주방용품,2026-05-29,2026-06-16,58,854990,레드링 후르츠 머그컵 2종,옐로맨션,컵/잔/머그,5900,2025-12-23,
1892,5월_가성비 주방용품,2026-05-29,2026-06-16,59,476406,레터링 고블렛잔 2종,옐로맨션,컵/잔/머그,5100,2024-08-20,
1892,5월_가성비 주방용품,2026-05-29,2026-06-16,60,445897,레트로 하트베어 유리컵 데일리 유리잔 시리즈 3종,옐로맨션,컵/잔/머그,3300,2024-07-20,
1892,5월_가성비 주방용품,2026-05-29,2026-06-16,61,445935,리본 꽃무늬 로즈 글라스컵 손잡이컵 글라스볼 3종,옐로맨션,컵/잔/머그,3700,2024-07-21,
1892,5월_가성비 주방용품,2026-05-29,2026-06-16,62,691659,발레리본 레빗 내열글라스,옐로맨션,컵/잔/머그,5100,2025-04-18,
1892,5월_가성비 주방용품,2026-05-29,2026-06-16,63,785525,베어 텀블머그컵 2종,옐로맨션,컵/잔/머그,5500,2025-09-12,
1892,5월_가성비 주방용품,2026-05-29,2026-06-16,64,726330,봉봉 리본 글라스컵,옐로맨션,컵/잔/머그,3000,2025-06-12,
1892,5월_가성비 주방용품,2026-05-29,2026-06-16,65,445896,빈티지 롱베어 유리컵 홈카페느낌 시리즈 4종,옐로맨션,컵/잔/머그,3000,2024-07-20,
1892,5월_가성비 주방용품,2026-05-29,2026-06-16,66,594384,생생딸기 내열글라스 빨대세트,옐로맨션,컵/잔/머그,3600,2025-01-12,
1892,5월_가성비 주방용품,2026-05-29,2026-06-16,67,747885,서핑네코 고블렛잔 2종,옐로맨션,컵/잔/머그,3700,2025-08-07,
1892,5월_가성비 주방용품,2026-05-29,2026-06-16,68,517666,세련된 리본 글라스컵 3종,옐로맨션,컵/잔/머그,4500,2024-10-10,
1892,5월_가성비 주방용품,2026-05-29,2026-06-16,69,445949,소품샵 추천 데일리컵 러블리 글라스컵 2종,옐로맨션,컵/잔/머그,3800,2024-07-21,
1892,5월_가성비 주방용품,2026-05-29,2026-06-16,70,859902,손잡이 프로스트 과일 라벨 글라스컵 3종,옐로맨션,컵/잔/머그,4100,2026-01-07,
1892,5월_가성비 주방용품,2026-05-29,2026-06-16,71,497551,솜사탕리본글라스 러블리홈카페글라스,옐로맨션,컵/잔/머그,2600,2024-09-04,
1892,5월_가성비 주방용품,2026-05-29,2026-06-16,72,739530,수줍은 토마토 내열유리컵 2종,옐로맨션,컵/잔/머그,4900,2025-07-17,
1892,5월_가성비 주방용품,2026-05-29,2026-06-16,73,712324,심플 치얼스 고블렛잔 2종,옐로맨션,컵/잔/머그,4000,2025-05-16,
1892,5월_가성비 주방용품,2026-05-29,2026-06-16,74,888478,심플 후르츠라벨 머그컵 3종,옐로맨션,컵/잔/머그,5900,2026-02-04,
1892,5월_가성비 주방용품,2026-05-29,2026-06-16,75,473589,심플한 유리컵 르카페 컵 2종,옐로맨션,컵/잔/머그,2600,2024-08-20,
1892,5월_가성비 주방용품,2026-05-29,2026-06-16,76,445940,아이스크림컵 팥빙수컵 플라워 디저트컵 감성볼,옐로맨션,컵/잔/머그,5700,2024-07-21,
1892,5월_가성비 주방용품,2026-05-29,2026-06-16,77,746661,오브제 언더락 2종,옐로맨션,컵/잔/머그,5200,2025-08-05,
1892,5월_가성비 주방용품,2026-05-29,2026-06-16,78,697598,일본 우유병 내열저그 (빨대포함),옐로맨션,컵/잔/머그,5500,2025-04-24,
1892,5월_가성비 주방용품,2026-05-29,2026-06-16,79,475916,체리케이크 유리컵 달려라강아지 슈퍼큐티고양이 강화유리컵,옐로맨션,컵/잔/머그,2900,2024-08-20,
1892,5월_가성비 주방용품,2026-05-29,2026-06-16,80,445887,카페 유리컵 언더락잔 홈카페 감성 온더락잔 2종,옐로맨션,컵/잔/머그,3800,2024-07-20,
1892,5월_가성비 주방용품,2026-05-29,2026-06-16,81,445939,카페느낌 홈카페 추천 파리즈 레터링 글라스컵 2종,옐로맨션,컵/잔/머그,3200,2024-07-21,
1892,5월_가성비 주방용품,2026-05-29,2026-06-16,82,445988,(일본직수입) 디즈니 실리콘 미키미니 인덕션 보호매트,옐로맨션,식탁보/테이블매트,2300,2024-07-21,
1892,5월_가성비 주방용품,2026-05-29,2026-06-16,83,445987,(일본직수입) 디즈니 칩앤테일 실리콘 인덕션 보호매트 기스 스크래치 방지,옐로맨션,식탁보/테이블매트,2300,2024-07-21,
1892,5월_가성비 주방용품,2026-05-29,2026-06-16,84,476794,규조토 테이블 구름모양 드라잉매트 3종,옐로맨션,식탁보/테이블매트,3000,2024-08-20,
1892,5월_가성비 주방용품,2026-05-29,2026-06-16,85,964852,베리스윗 리본 체크매트 4종,옐로맨션,식탁보/테이블매트,2900,2026-05-12,
1892,5월_가성비 주방용품,2026-05-29,2026-06-16,86,497548,체크규조드라잉매트 식기건조매트,옐로맨션,식탁보/테이블매트,2500,2024-09-04,
1892,5월_가성비 주방용품,2026-05-29,2026-06-16,87,446909,(일본정품) 디즈니 실리콘 냄비손잡이 냄비집게,옐로맨션,앞치마/장갑,2300,2024-07-23,
1892,5월_가성비 주방용품,2026-05-29,2026-06-16,88,734121,걸이식 야채 핸드타월,옐로맨션,행주/수건/냅킨,3700,2025-07-01,
1892,5월_가성비 주방용품,2026-05-29,2026-06-16,89,737534,일본제 카야 키친크로스 4종,옐로맨션,행주/수건/냅킨,5200,2025-07-11,
1892,5월_가성비 주방용품,2026-05-29,2026-06-16,90,715758,(그린색추가!!) 버드소스볼 미니 앞접시,소브니홈,그릇/식기,5900,2025-05-21,
1892,5월_가성비 주방용품,2026-05-29,2026-06-16,91,734939,(너무예쁨!) 브레드 소스볼 감성 접시,소브니홈,그릇/식기,4000,2025-07-03,
1892,5월_가성비 주방용품,2026-05-29,2026-06-16,92,831206,(신상) 코지캣 소스볼 겸 젓가락 받침대,소브니홈,그릇/식기,4300,2025-11-17,
1892,5월_가성비 주방용품,2026-05-29,2026-06-16,93,704891,곰돌이 소스볼 소스종지,소브니홈,그릇/식기,3500,2025-05-03,
1892,5월_가성비 주방용품,2026-05-29,2026-06-16,94,850226,진저맨 소스볼 미니 앞접시,소브니홈,그릇/식기,4500,2025-12-13,
1892,5월_가성비 주방용품,2026-05-29,2026-06-16,95,704881,토끼 소스볼 종지,소브니홈,그릇/식기,3500,2025-05-03,
1892,5월_가성비 주방용품,2026-05-29,2026-06-16,96,755048,토마토마토 소스볼 미니 앞접시,소브니홈,그릇/식기,5900,2025-08-14,
1892,5월_가성비 주방용품,2026-05-29,2026-06-16,97,712775,파스텔 디저트볼 아이스크림볼 (4color),소브니홈,그릇/식기,5000,2025-05-17,
1892,5월_가성비 주방용품,2026-05-29,2026-06-16,98,664163,스테인레스 바구니,소브니홈,쟁반/트레이,4000,2025-03-24,
1892,5월_가성비 주방용품,2026-05-29,2026-06-16,99,715867,(개별박스포장) 블랙 네코냥 머그컵,소브니홈,컵/잔/머그,5800,2025-05-21,
1892,5월_가성비 주방용품,2026-05-29,2026-06-16,100,882662,(5color) 스트라이프 테리 핸드타올,소브니홈,행주/수건/냅킨,2500,2026-01-29,
1892,5월_가성비 주방용품,2026-05-29,2026-06-16,101,732475,감성 냥이 핸드타올 주방타올,소브니홈,행주/수건/냅킨,3000,2025-06-27,
1892,5월_가성비 주방용품,2026-05-29,2026-06-16,102,799455,디저트 프렌드 핸드타올,소브니홈,행주/수건/냅킨,3000,2025-10-03,
1892,5월_가성비 주방용품,2026-05-29,2026-06-16,103,732458,리본 냥이 핸드타올 주방타올,소브니홈,행주/수건/냅킨,3000,2025-06-26,
1892,5월_가성비 주방용품,2026-05-29,2026-06-16,104,668145,버터베어 핸드타올 주방타올 인테리어 답례품,소브니홈,행주/수건/냅킨,3000,2025-03-27,
1892,5월_가성비 주방용품,2026-05-29,2026-06-16,105,664166,우산 핸드타올 주방 인테리어,소브니홈,행주/수건/냅킨,3000,2025-03-24,
1892,5월_가성비 주방용품,2026-05-29,2026-06-16,106,671363,토끼 진주 핸드타올 답례품 주방타올,소브니홈,행주/수건/냅킨,2000,2025-03-31,
1892,5월_가성비 주방용품,2026-05-29,2026-06-16,107,846898,곰돌이 미니 접시,감성놀이,접시/플레이트,3900,2025-12-08,
1892,5월_가성비 주방용품,2026-05-29,2026-06-16,108,959332,나비 유리 접시 트레이,감성놀이,접시/플레이트,3500,2026-05-04,
1892,5월_가성비 주방용품,2026-05-29,2026-06-16,109,940609,바둑이 강아지 멍멍이 접시 그릇 트레이 포차코 포챠코,감성놀이,접시/플레이트,3900,2026-04-11,
1892,5월_가성비 주방용품,2026-05-29,2026-06-16,110,936158,점박이 고양이 접시,감성놀이,접시/플레이트,3900,2026-04-07,
1892,5월_가성비 주방용품,2026-05-29,2026-06-16,111,936160,조개 접시 조가비 미니접시 트레이,감성놀이,접시/플레이트,3400,2026-04-07,
1892,5월_가성비 주방용품,2026-05-29,2026-06-16,112,964536,토끼 냥이 우드 트레이 고양이 접시,감성놀이,접시/플레이트,3300,2026-05-11,
1892,5월_가성비 주방용품,2026-05-29,2026-06-16,113,720470,고양이 스푼 스테인리스,감성놀이,커트러리,1900,2025-05-30,
1892,5월_가성비 주방용품,2026-05-29,2026-06-16,114,728755,연보라 커트러리 세트 스푼 나이프 잼나이프 버터나이프,감성놀이,커트러리,3500,2025-06-17,
1892,5월_가성비 주방용품,2026-05-29,2026-06-16,115,867730,조개 모양 스테인리스 스푼 숟가락,감성놀이,커트러리,2000,2026-01-16,
1892,5월_가성비 주방용품,2026-05-29,2026-06-16,116,891314,행운 네잎클로버 스테인리스 스푼,감성놀이,커트러리,1900,2026-02-06,
1892,5월_가성비 주방용품,2026-05-29,2026-06-16,117,587866,고양이 티코스터 컵받침,감성놀이,컵/잔/머그,1900,2024-12-24,
1892,5월_가성비 주방용품,2026-05-29,2026-06-16,118,720611,레인보우시리즈,남군점빵,그릇/식기,4200,2025-05-31,
1892,5월_가성비 주방용품,2026-05-29,2026-06-16,119,694765,리본 세라믹 빅볼,남군점빵,그릇/식기,5300,2025-04-22,
1892,5월_가성비 주방용품,2026-05-29,2026-06-16,120,853396,본아페띠 레터링  세라믹접시,남군점빵,그릇/식기,5200,2025-12-18,
1892,5월_가성비 주방용품,2026-05-29,2026-06-16,121,876271,빈티지 로즈 접시,남군점빵,그릇/식기,5200,2026-01-23,
1892,5월_가성비 주방용품,2026-05-29,2026-06-16,122,683463,세라믹 캐릭터 3종 디저트컵,남군점빵,그릇/식기,4700,2025-04-12,
1892,5월_가성비 주방용품,2026-05-29,2026-06-16,123,906729,심플조이 테두리 컬러 접시,남군점빵,그릇/식기,5200,2026-02-28,
1892,5월_가성비 주방용품,2026-05-29,2026-06-16,124,906731,야미 3종 테두리칼라접시,남군점빵,그릇/식기,5200,2026-02-28,
1892,5월_가성비 주방용품,2026-05-29,2026-06-16,125,523404,어글리 리본접시  시리즈,남군점빵,그릇/식기,5200,2024-10-17,
1892,5월_가성비 주방용품,2026-05-29,2026-06-16,126,698058,엘레강스 하트 플라워접시,남군점빵,그릇/식기,5700,2025-04-25,
1892,5월_가성비 주방용품,2026-05-29,2026-06-16,127,856274,유럽2종 유리접시,남군점빵,그릇/식기,5200,2025-12-27,
1892,5월_가성비 주방용품,2026-05-29,2026-06-16,128,662963,이모베어 프렌치볼,남군점빵,그릇/식기,5200,2025-03-21,
1892,5월_가성비 주방용품,2026-05-29,2026-06-16,129,922134,일본 빗살 씨리얼볼,남군점빵,그릇/식기,2600,2026-03-24,
1892,5월_가성비 주방용품,2026-05-29,2026-06-16,130,662965,하트 핑크스마일 접시,남군점빵,그릇/식기,4700,2025-03-21,
1892,5월_가성비 주방용품,2026-05-29,2026-06-16,131,720609,화이트 강아지 접시,남군점빵,그릇/식기,4200,2025-05-31,
1892,5월_가성비 주방용품,2026-05-29,2026-06-16,132,746670,모던미 3종 세트 커틀러리,남군점빵,식기세트,4200,2025-08-05,
1892,5월_가성비 주방용품,2026-05-29,2026-06-16,133,454640,easy meal 멜라민트레이,남군점빵,쟁반/트레이,4000,2024-08-04,
1892,5월_가성비 주방용품,2026-05-29,2026-06-16,134,452665,books 세라믹접시,남군점빵,접시/플레이트,5500,2024-08-01,
1892,5월_가성비 주방용품,2026-05-29,2026-06-16,135,453029,라 파리 레드 테두리접시,남군점빵,접시/플레이트,5000,2024-08-01,
1892,5월_가성비 주방용품,2026-05-29,2026-06-16,136,683466,베이지 3종 접시,남군점빵,접시/플레이트,5500,2025-04-12,
1892,5월_가성비 주방용품,2026-05-29,2026-06-16,137,454206,봉쥬르 스마일접시,남군점빵,접시/플레이트,5700,2024-08-02,
1892,5월_가성비 주방용품,2026-05-29,2026-06-16,138,503083,블랙리본 세라믹접시,남군점빵,접시/플레이트,5300,2024-09-11,
1892,5월_가성비 주방용품,2026-05-29,2026-06-16,139,683464,블랙리본레터링  잼나이프,남군점빵,접시/플레이트,2700,2025-04-12,
1892,5월_가성비 주방용품,2026-05-29,2026-06-16,140,452823,살구세라믹접시,남군점빵,접시/플레이트,5000,2024-08-01,
1892,5월_가성비 주방용품,2026-05-29,2026-06-16,141,454332,칼라테두리접시,남군점빵,접시/플레이트,5700,2024-08-02,
1892,5월_가성비 주방용품,2026-05-29,2026-06-16,142,452800,튤립다이아몬드 그린 접시,남군점빵,접시/플레이트,5500,2024-08-01,
1892,5월_가성비 주방용품,2026-05-29,2026-06-16,143,454208,트럼프 튤립 접시,남군점빵,접시/플레이트,5200,2024-08-02,
1892,5월_가성비 주방용품,2026-05-29,2026-06-16,144,454331,파란소금접시,남군점빵,접시/플레이트,5700,2024-08-02,
1892,5월_가성비 주방용품,2026-05-29,2026-06-16,145,452826,파리디에파리블랙레터링접시,남군점빵,접시/플레이트,5500,2024-08-01,
1892,5월_가성비 주방용품,2026-05-29,2026-06-16,146,610248,하트와글베어 접시,남군점빵,접시/플레이트,5200,2025-02-01,
1892,5월_가성비 주방용품,2026-05-29,2026-06-16,147,452846,화사접시 브런치 접시,남군점빵,접시/플레이트,5500,2024-08-01,
1892,5월_가성비 주방용품,2026-05-29,2026-06-16,148,452820,구슬커틀러리3종 선물포장,남군점빵,커트러리,5500,2024-08-01,
1892,5월_가성비 주방용품,2026-05-29,2026-06-16,149,505920,리본 커틀러리선물세트,남군점빵,커트러리,5800,2024-09-19,
1892,5월_가성비 주방용품,2026-05-29,2026-06-16,150,454169,모던미 스텐 커틀러리,남군점빵,커트러리,2400,2024-08-02,
1892,5월_가성비 주방용품,2026-05-29,2026-06-16,151,452675,베어커틀러리,남군점빵,커트러리,2800,2024-08-01,
1892,5월_가성비 주방용품,2026-05-29,2026-06-16,152,735164,원목 애니멀 커틀러리세트,남군점빵,커트러리,3700,2025-07-04,
1892,5월_가성비 주방용품,2026-05-29,2026-06-16,153,454237,인기 커틀러리세트,남군점빵,커트러리,3700,2024-08-02,
1892,5월_가성비 주방용품,2026-05-29,2026-06-16,154,454209,구슬손잡이컵,남군점빵,컵/잔/머그,2500,2024-08-02,
1892,5월_가성비 주방용품,2026-05-29,2026-06-16,155,672334,그린 롱 페퍼민트 컵,남군점빵,컵/잔/머그,3700,2025-04-01,
1892,5월_가성비 주방용품,2026-05-29,2026-06-16,156,891622,내열 롱 4종일러스트 내열컵,남군점빵,컵/잔/머그,3600,2026-02-07,
1892,5월_가성비 주방용품,2026-05-29,2026-06-16,157,452816,대용량데일리뚜껑컵,남군점빵,컵/잔/머그,5500,2024-08-01,
1892,5월_가성비 주방용품,2026-05-29,2026-06-16,158,487532,더블 리본  시리즈,남군점빵,컵/잔/머그,3100,2024-08-27,
1892,5월_가성비 주방용품,2026-05-29,2026-06-16,159,523486,더블리본머그컵,남군점빵,컵/잔/머그,3900,2024-10-17,
1892,5월_가성비 주방용품,2026-05-29,2026-06-16,160,452817,라블루컵 뚜껑+스텐 빨대  세트,남군점빵,컵/잔/머그,4100,2024-08-01,
1892,5월_가성비 주방용품,2026-05-29,2026-06-16,161,452693,롱 본아페티 컵,남군점빵,컵/잔/머그,3300,2024-08-01,
1892,5월_가성비 주방용품,2026-05-29,2026-06-16,162,454299,르 카페 컵,남군점빵,컵/잔/머그,3200,2024-08-02,
1892,5월_가성비 주방용품,2026-05-29,2026-06-16,163,453050,르보네르  머그컵,남군점빵,컵/잔/머그,5200,2024-08-01,
1892,5월_가성비 주방용품,2026-05-29,2026-06-16,164,585703,리본 손잡이 머그컵,남군점빵,컵/잔/머그,5700,2024-12-18,
1892,5월_가성비 주방용품,2026-05-29,2026-06-16,165,452726,메르시 밀크컵,남군점빵,컵/잔/머그,6000,2024-08-01,
1892,5월_가성비 주방용품,2026-05-29,2026-06-16,166,452715,메르시머그컵,남군점빵,컵/잔/머그,5500,2024-08-01,
1892,5월_가성비 주방용품,2026-05-29,2026-06-16,167,454167,미쉐린뚱뚱오로라머그컵,남군점빵,컵/잔/머그,5800,2024-08-02,
1892,5월_가성비 주방용품,2026-05-29,2026-06-16,168,454166,미쉐린뚱뚱유광머그컵,남군점빵,컵/잔/머그,5500,2024-08-02,
1892,5월_가성비 주방용품,2026-05-29,2026-06-16,169,718659,베어모양 유리컵,남군점빵,컵/잔/머그,3100,2025-05-27,
1892,5월_가성비 주방용품,2026-05-29,2026-06-16,170,454632,베어접시캔컵,남군점빵,컵/잔/머그,3700,2024-08-04,
1892,5월_가성비 주방용품,2026-05-29,2026-06-16,171,452674,베지터블컵,남군점빵,컵/잔/머그,2000,2024-08-01,
1892,5월_가성비 주방용품,2026-05-29,2026-06-16,172,853397,본아페티  고블렛 2종,남군점빵,컵/잔/머그,5200,2025-12-18,
1892,5월_가성비 주방용품,2026-05-29,2026-06-16,173,452699,본아페티컵,남군점빵,컵/잔/머그,3000,2024-08-01,
1892,5월_가성비 주방용품,2026-05-29,2026-06-16,174,503084,빈티지 플라워머그,남군점빵,컵/잔/머그,4800,2024-09-11,
1892,5월_가성비 주방용품,2026-05-29,2026-06-16,175,683465,빈티지리본 플라워,남군점빵,컵/잔/머그,5000,2025-04-12,
1892,5월_가성비 주방용품,2026-05-29,2026-06-16,176,503801,수박 롱 빨대컵,남군점빵,컵/잔/머그,3500,2024-09-12,
1892,5월_가성비 주방용품,2026-05-29,2026-06-16,177,452691,스마일 맥주컵,남군점빵,컵/잔/머그,5000,2024-08-01,
1892,5월_가성비 주방용품,2026-05-29,2026-06-16,178,452669,애프터눈 티 세트,남군점빵,컵/잔/머그,3000,2024-08-01,
1892,5월_가성비 주방용품,2026-05-29,2026-06-16,179,735173,어글리스마일컵,남군점빵,컵/잔/머그,2700,2025-07-04,
1892,5월_가성비 주방용품,2026-05-29,2026-06-16,180,620452,오레오핑크하트손잡이컵,남군점빵,컵/잔/머그,4200,2025-02-10,
1892,5월_가성비 주방용품,2026-05-29,2026-06-16,181,454658,튤립컵,남군점빵,컵/잔/머그,2000,2024-08-04,
1892,5월_가성비 주방용품,2026-05-29,2026-06-16,182,718660,파인애플 컵,남군점빵,컵/잔/머그,2800,2025-05-27,
1892,5월_가성비 주방용품,2026-05-29,2026-06-16,183,935746,펭귄 머그컵,남군점빵,컵/잔/머그,5600,2026-04-07,
1892,5월_가성비 주방용품,2026-05-29,2026-06-16,184,586979,푸드 컵,남군점빵,컵/잔/머그,2000,2024-12-21,
1892,5월_가성비 주방용품,2026-05-29,2026-06-16,185,452723,푸드베어  컵,남군점빵,컵/잔/머그,2500,2024-08-01,
1892,5월_가성비 주방용품,2026-05-29,2026-06-16,186,718661,플라워 받침 유색 유리컵,남군점빵,컵/잔/머그,3300,2025-05-27,
1892,5월_가성비 주방용품,2026-05-29,2026-06-16,187,503082,플라워리본시리즈,남군점빵,컵/잔/머그,4000,2024-09-11,
1892,5월_가성비 주방용품,2026-05-29,2026-06-16,188,487530,핑크 뉴스타트컵,남군점빵,컵/잔/머그,3700,2024-08-27,
1892,5월_가성비 주방용품,2026-05-29,2026-06-16,189,718664,핑크 러블리걸 롱 캔컵,남군점빵,컵/잔/머그,4800,2025-05-27,
1892,5월_가성비 주방용품,2026-05-29,2026-06-16,190,454326,핑크레터링컵,남군점빵,컵/잔/머그,2700,2024-08-02,
1892,5월_가성비 주방용품,2026-05-29,2026-06-16,191,465033,핑크리본시리얼볼 유리컵,남군점빵,컵/잔/머그,4000,2024-08-14,
1892,5월_가성비 주방용품,2026-05-29,2026-06-16,192,454328,하트드링크컵,남군점빵,컵/잔/머그,3700,2024-08-02,
1892,5월_가성비 주방용품,2026-05-29,2026-06-16,193,853402,하트레터링  디저트컵,남군점빵,컵/잔/머그,2700,2025-12-18,
1892,5월_가성비 주방용품,2026-05-29,2026-06-16,194,720610,화이트 엘레강스 컵앤소서,남군점빵,컵/잔/머그,5800,2025-05-31,
1892,5월_가성비 주방용품,2026-05-29,2026-06-16,195,594034,클리어 플리츠 글라스컵,옐로맨션,컵/잔/머그,2900,2025-01-10,
1892,5월_가성비 주방용품,2026-05-29,2026-06-16,196,594387,통통딸기 내열 글라스볼,옐로맨션,컵/잔/머그,5900,2025-01-12,
1892,5월_가성비 주방용품,2026-05-29,2026-06-16,197,594391,통통딸기 내열 글라스컵,옐로맨션,컵/잔/머그,3700,2025-01-12,
1892,5월_가성비 주방용품,2026-05-29,2026-06-16,198,710167,트리플 핑크리본 내열컵 2종,옐로맨션,컵/잔/머그,4300,2025-05-13,
1892,5월_가성비 주방용품,2026-05-29,2026-06-16,199,528366,플리츠 글라스컵 캣&도그,옐로맨션,컵/잔/머그,3300,2024-10-23,
1892,5월_가성비 주방용품,2026-05-29,2026-06-16,200,445889,핑크 리본 글라스컵 글라스볼 홈카페느낌 2종,옐로맨션,컵/잔/머그,3400,2024-07-20,
1892,5월_가성비 주방용품,2026-05-29,2026-06-16,201,445895,핑크 리본 플리츠 유리컵 소품샵 추천컵 2종,옐로맨션,컵/잔/머그,3300,2024-07-20,
1892,5월_가성비 주방용품,2026-05-29,2026-06-16,202,719613,핑크 볼라 글라스컵,옐로맨션,컵/잔/머그,2500,2025-05-29,
1892,5월_가성비 주방용품,2026-05-29,2026-06-16,203,713108,핑크 하트독 글라스컵 2종,옐로맨션,컵/잔/머그,3400,2025-05-19,
1892,5월_가성비 주방용품,2026-05-29,2026-06-16,204,707951,홈카페 심플 내열 유리컵,옐로맨션,컵/잔/머그,3100,2025-05-09,
1892,5월_가성비 주방용품,2026-05-29,2026-06-16,205,707939,홈카페 플리츠 내열 유리컵,옐로맨션,컵/잔/머그,3100,2025-05-09,
1892,5월_가성비 주방용품,2026-05-29,2026-06-16,206,445938,홈카페컵 abc레터링컵 카페 유리컵 데일리컵 2종,옐로맨션,컵/잔/머그,2900,2024-07-21,
1892,5월_가성비 주방용품,2026-05-29,2026-06-16,207,842571,후르츠 고블렛 2종,옐로맨션,컵/잔/머그,5900,2025-12-02,
1892,5월_가성비 주방용품,2026-05-29,2026-06-16,208,963377,후르츠 미들 고블렛잔 2종,옐로맨션,컵/잔/머그,4500,2026-05-09,
1892,5월_가성비 주방용품,2026-05-29,2026-06-16,209,665072,후르츠 손잡이 글라스 계량컵 3종,옐로맨션,컵/잔/머그,2500,2025-03-25,
1892,5월_가성비 주방용품,2026-05-29,2026-06-16,210,842594,후르츠 저그 빨대세트,옐로맨션,컵/잔/머그,5200,2025-12-02,
1892,5월_가성비 주방용품,2026-05-29,2026-06-16,211,859903,후르츠 하이글라스 2종,옐로맨션,컵/잔/머그,5200,2026-01-07,
1892,5월_가성비 주방용품,2026-05-29,2026-06-16,212,854993,후르츠라벨 프로스트 고블렛 2종,옐로맨션,컵/잔/머그,4500,2025-12-23,
1892,5월_가성비 주방용품,2026-05-29,2026-06-16,213,587894,밀라노접시 촬영소품 쥬얼리보관 악세사리보관 접시 플레이트 디저트접시 그릇 주방용품 E540,데이오프,접시/플레이트,4500,2024-12-24,
1892,5월_가성비 주방용품,2026-05-29,2026-06-16,214,660592,만두수저받침 수저받침대 세라믹 수저받침 커트러리 도자기 K591,데이오프,커트러리,1000,2025-03-19,
1892,5월_가성비 주방용품,2026-05-29,2026-06-16,215,744436,컬러풀 다용도 클립 과자집게 3p,로뎀나무아래서,그릇/식기,3500,2025-07-29,
1892,5월_가성비 주방용품,2026-05-29,2026-06-16,216,887781,파스텔 뉴샤틴 수저 세트 4컬러,로뎀나무아래서,그릇/식기,4000,2026-02-04,
1892,5월_가성비 주방용품,2026-05-29,2026-06-16,217,736683,베트남 파스텔 옻칠 수저,로뎀나무아래서,식기세트,6000,2025-07-09,
1892,5월_가성비 주방용품,2026-05-29,2026-06-16,218,690551,원터치 접이식 식탁 덮개 밥상 푸드 커버 2종,로뎀나무아래서,컵/잔/머그,4000,2025-04-17,
1892,5월_가성비 주방용품,2026-05-29,2026-06-16,219,786910,레이스 진주 키친 손타올,로뎀나무아래서,행주/수건/냅킨,5000,2025-09-15,
1892,5월_가성비 주방용품,2026-05-29,2026-06-16,220,899659,미니 브런치 극세서 핸드 타올 3종,로뎀나무아래서,행주/수건/냅킨,2500,2026-02-20,
1892,5월_가성비 주방용품,2026-05-29,2026-06-16,221,899657,블루 스트라이프 극세사 핸드타올 2종,로뎀나무아래서,행주/수건/냅킨,2500,2026-02-20,
1892,5월_가성비 주방용품,2026-05-29,2026-06-16,222,720616,블루체크 빨아쓰는 키친타올,로뎀나무아래서,행주/수건/냅킨,2000,2025-05-31,
1892,5월_가성비 주방용품,2026-05-29,2026-06-16,223,940072,딸기 소스접시 단가,스르르,그릇/식기,1300,2026-04-10,
1892,5월_가성비 주방용품,2026-05-29,2026-06-16,224,940071,치즈 소스접시 단가,스르르,그릇/식기,2500,2026-04-10,
1892,5월_가성비 주방용품,2026-05-29,2026-06-16,225,949615,플레이트 나눔접시,스르르,쟁반/트레이,2700,2026-04-20,
1892,5월_가성비 주방용품,2026-05-29,2026-06-16,226,972226,동글 야옹이 소스접시 4종 (색상추가),스르르,접시/플레이트,2300,2026-05-21,
1892,5월_가성비 주방용품,2026-05-29,2026-06-16,227,946167,리본구슬 머그컵 2종,스르르,접시/플레이트,5600,2026-04-16,
1892,5월_가성비 주방용품,2026-05-29,2026-06-16,228,972246,토마토 젓가락 받침대,스르르,접시/플레이트,1300,2026-05-21,
1892,5월_가성비 주방용품,2026-05-29,2026-06-16,229,578323,[재입고] 고양이 티스푼 5종,스르르,커트러리,1900,2024-12-04,
1892,5월_가성비 주방용품,2026-05-29,2026-06-16,230,578338,고양이 발자국 티스푼 1종,스르르,커트러리,2600,2024-12-04,
1892,5월_가성비 주방용품,2026-05-29,2026-06-16,231,680391,[세일] 레터링 유리컵 2종,스르르,컵/잔/머그,2800,2025-04-09,
1892,5월_가성비 주방용품,2026-05-29,2026-06-16,232,685395,[세일]도넛 머그컵 3종,스르르,컵/잔/머그,1200,2025-04-14,
1892,5월_가성비 주방용품,2026-05-29,2026-06-16,233,658218,[인기신상] 버터 머그컵 3종,스르르,컵/잔/머그,2950,2025-03-17,
1892,5월_가성비 주방용품,2026-05-29,2026-06-16,234,658221,[인기신상] 크림 머그컵 3종,스르르,컵/잔/머그,3450,2025-03-17,
1892,5월_가성비 주방용품,2026-05-29,2026-06-16,235,678469,레몬 유리컵 1종,스르르,컵/잔/머그,1700,2025-04-08,
1892,5월_가성비 주방용품,2026-05-29,2026-06-16,236,678512,레시피 유리컵 2종,스르르,컵/잔/머그,3300,2025-04-08,
1892,5월_가성비 주방용품,2026-05-29,2026-06-16,237,946352,리본 투명 텀블러 4종,스르르,컵/잔/머그,3900,2026-04-16,
1892,5월_가성비 주방용품,2026-05-29,2026-06-16,238,946409,반짝별 유리컵,스르르,컵/잔/머그,5100,2026-04-16,
1892,5월_가성비 주방용품,2026-05-29,2026-06-16,239,669984,사과 머그컵 1종,스르르,컵/잔/머그,2700,2025-03-29,
1892,5월_가성비 주방용품,2026-05-29,2026-06-16,240,949735,수박 유리컵,스르르,컵/잔/머그,2600,2026-04-20,
1892,5월_가성비 주방용품,2026-05-29,2026-06-16,241,680649,투웨이 리본 컵 1종,스르르,컵/잔/머그,2500,2025-04-09,
1892,5월_가성비 주방용품,2026-05-29,2026-06-16,242,680652,투톤 머그컵 4종,스르르,컵/잔/머그,4300,2025-04-09,
1892,5월_가성비 주방용품,2026-05-29,2026-06-16,243,946474,땡땡이 식탁보,스르르,행주/수건/냅킨,4800,2026-04-16,
1892,5월_가성비 주방용품,2026-05-29,2026-06-16,244,946106,체크리본 식탁보 5종,스르르,행주/수건/냅킨,5400,2026-04-16,
1892,5월_가성비 주방용품,2026-05-29,2026-06-16,245,680644,카피바라 핸드타올 3종,스르르,행주/수건/냅킨,1650,2025-04-09,
1892,5월_가성비 주방용품,2026-05-29,2026-06-16,246,701378,[H1209] 미니티스푼/포크,엔유이,식기세트,3500,2025-04-29,
1892,5월_가성비 주방용품,2026-05-29,2026-06-16,247,911325,도트거즈키친클로스,은.(하우스),행주/수건/냅킨,3000,2026-03-10,
1892,5월_가성비 주방용품,2026-05-29,2026-06-16,248,956178,뚱캣디쉬클로스,은.(하우스),행주/수건/냅킨,2000,2026-04-28,
1892,5월_가성비 주방용품,2026-05-29,2026-06-16,249,911327,애플거즈디쉬클로스,은.(하우스),행주/수건/냅킨,2000,2026-03-10,
1892,5월_가성비 주방용품,2026-05-29,2026-06-16,250,502901,새콤달콤반착반짝양손교정젓가락,키티상사,커트러리,4700,2024-09-11,
1892,5월_가성비 주방용품,2026-05-29,2026-06-16,251,510166,짱구 지퍼케이스,키티상사,커트러리,4000,2024-09-27,
1892,5월_가성비 주방용품,2026-05-29,2026-06-16,252,509974,짱구스텐연습젖가락,키티상사,커트러리,3600,2024-09-26,
1892,5월_가성비 주방용품,2026-05-29,2026-06-16,253,502894,캐치티니핑 수저케이스,키티상사,커트러리,3600,2024-09-11,
1892,5월_가성비 주방용품,2026-05-29,2026-06-16,254,499852,흔한남매마스코트입체스푼포크,키티상사,커트러리,5500,2024-09-09,
1892,5월_가성비 주방용품,2026-05-29,2026-06-16,255,734217,[버터나이프 추가] 디저트 심플 스푼 포크 버터나이프,링크,커트러리,2600,2025-07-01,
1892,5월_가성비 주방용품,2026-05-29,2026-06-16,256,734485,[재입고] 해머드 스푼 포크 버터나이프,링크,커트러리,3900,2025-07-02,
1892,5월_가성비 주방용품,2026-05-29,2026-06-16,257,909241,네로우 디저트 커트러리,링크,커트러리,4500,2026-03-05,
1892,5월_가성비 주방용품,2026-05-29,2026-06-16,258,734214,볼드 무광 스푼 포크,링크,커트러리,4500,2025-07-01,
1892,5월_가성비 주방용품,2026-05-29,2026-06-16,259,793054,시에르 디저트 스푼 포크,링크,커트러리,3400,2025-09-21,
1892,5월_가성비 주방용품,2026-05-29,2026-06-16,260,798591,아이스크림 스푼 포크 버터나이프,링크,커트러리,2900,2025-10-01,
1892,5월_가성비 주방용품,2026-05-29,2026-06-16,261,734232,스텐 유리컵,링크,컵/잔/머그,5900,2025-07-01,
1892,5월_가성비 주방용품,2026-05-29,2026-06-16,262,866357,"리본 도자기 받침 수저, 젓가락 받침",마이 하비,그릇/식기,4000,2026-01-14,
1892,5월_가성비 주방용품,2026-05-29,2026-06-16,263,837908,플라스틱 컬러 메쉬 트레이,마이 하비,쟁반/트레이,1500,2025-11-25,
1892,5월_가성비 주방용품,2026-05-29,2026-06-16,264,502765,곰돌이 베어 수저 스푼 사이즈 약 15cm,마이 하비,커트러리,5000,2024-09-10,
1892,5월_가성비 주방용품,2026-05-29,2026-06-16,265,502768,베어 곰돌이 포크 사이즈 약 16cm ??,마이 하비,커트러리,5000,2024-09-10,
1892,5월_가성비 주방용품,2026-05-29,2026-06-16,266,713495,레몬 & ST 2p 세트 set 행주&수건 ?? 사이즈 30x30 cm,마이 하비,행주/수건/냅킨,6000,2025-05-19,
1892,5월_가성비 주방용품,2026-05-29,2026-06-16,267,859564,물고기 핸드타월 ??,마이 하비,행주/수건/냅킨,4000,2026-01-06,
1892,5월_가성비 주방용품,2026-05-29,2026-06-16,268,723242,체리&체크 2p 세트 set 행주&수건 사이즈 30x30cm,마이 하비,행주/수건/냅킨,6000,2025-06-05,
1892,5월_가성비 주방용품,2026-05-29,2026-06-16,269,719203,빈티지월데코 40x55cm 인테리어 천 헝겊 테이블보 피크닉매트 소품샵 홈데코 E709,베이비블루 babyblue,행주/수건/냅킨,3500,2025-05-28,
1892,5월_가성비 주방용품,2026-05-29,2026-06-16,270,672416,"비취유리미니사각종지,볼",삼보상사,그릇/식기,2900,2025-04-01,
1892,5월_가성비 주방용품,2026-05-29,2026-06-16,271,955721,"초코크림도자기시리즈(6type,개별박스)",삼보상사,그릇/식기,5500,2026-04-27,
1892,5월_가성비 주방용품,2026-05-29,2026-06-16,272,806489,쿠냐타원접시(5size),삼보상사,그릇/식기,2500,2025-10-21,
1892,5월_가성비 주방용품,2026-05-29,2026-06-16,273,724572,크리미원형&사각미니볼(3type),삼보상사,그릇/식기,2200,2025-06-09,
1892,5월_가성비 주방용품,2026-05-29,2026-06-16,274,738569,클리어유리원형접시(2size),삼보상사,그릇/식기,3400,2025-07-16,
1892,5월_가성비 주방용품,2026-05-29,2026-06-16,275,911987,폰세나원형접시시리즈(6size),삼보상사,그릇/식기,4900,2026-03-10,
1892,5월_가성비 주방용품,2026-05-29,2026-06-16,276,739502,폴라원형플레이트&타원볼,삼보상사,그릇/식기,1900,2025-07-17,
1892,5월_가성비 주방용품,2026-05-29,2026-06-16,277,904190,플라워볼(5size),삼보상사,그릇/식기,1900,2026-02-25,
1892,5월_가성비 주방용품,2026-05-29,2026-06-16,278,594842,"(버터나이프입고)롬버스 티스푼,티포크,버터나이프",삼보상사,커트러리,1900,2025-01-13,
1892,5월_가성비 주방용품,2026-05-29,2026-06-16,279,576146,(식세기가능!) 사르 커트러리(8color),삼보상사,커트러리,3500,2024-11-30,
1892,5월_가성비 주방용품,2026-05-29,2026-06-16,280,726757,(재입고) 달팽이커트러리(7type),삼보상사,커트러리,3200,2025-06-13,
1892,5월_가성비 주방용품,2026-05-29,2026-06-16,281,932643,빈티지랑닉커트러리(10type),삼보상사,커트러리,2800,2026-04-04,
1892,5월_가성비 주방용품,2026-05-29,2026-06-16,282,837666,씬커트러리(매우얇음),삼보상사,커트러리,2400,2025-11-25,
1893,5월_버뮤다팬츠,2026-05-29,2026-06-16,0,884455,[청바지 반바지][데님팬츠] 레트로 찢어진 청바지 7부,엣지,데님팬츠,15000,2026-02-02,
1893,5월_버뮤다팬츠,2026-05-29,2026-06-16,1,937420,[인기상품][빈티지워싱청데님]  밀리건빵 청바지 7부,엣지,데님팬츠,12000,2026-04-08,
1893,5월_버뮤다팬츠,2026-05-29,2026-06-16,2,884498,[데님팬츠] 기본 워싱 청바지 7부,엣지,데님팬츠,13000,2026-02-02,
1893,5월_버뮤다팬츠,2026-05-29,2026-06-16,3,937422,[구제스타일][오리지널청데님]  빈티지 찢어진 청바지 5부,엣지,데님팬츠,12000,2026-04-08,
1893,5월_버뮤다팬츠,2026-05-29,2026-06-16,4,951518,멘토PT ( 뒷밴딩 버뮤다팬츠 여름신상 ),럭키,데님팬츠,11500,2026-04-22,
1893,5월_버뮤다팬츠,2026-05-29,2026-06-16,5,951519,멘토PT ( 뒷밴딩 버뮤다팬츠 청 반바지 ),럭키,데님팬츠,11500,2026-04-22,
1893,5월_버뮤다팬츠,2026-05-29,2026-06-16,6,714229,슬론PT ( 세일 버뮤다팬츠 와이드 통바지 청바지 ),럭키,데님팬츠,10000,2025-05-21,
1893,5월_버뮤다팬츠,2026-05-29,2026-06-16,7,924730,켄트PT ( 버뮤다팬츠 5부 청 반바지 벨트 버클 ),럭키,데님팬츠,10000,2026-03-27,
1893,5월_버뮤다팬츠,2026-05-29,2026-06-16,8,924725,켄트PT ( 버뮤다팬츠 청바지 반바지 진청 5부 벨트 ),럭키,데님팬츠,10000,2026-03-27,
1893,5월_버뮤다팬츠,2026-05-29,2026-06-16,9,702027,덴프PT ( 카모 버뮤다 반바지 와이드 Y2K ),럭키,코튼팬츠,13000,2025-05-01,
1893,5월_버뮤다팬츠,2026-05-29,2026-06-16,10,718233,벨프PT ( 카모 버뮤다팬츠 밀리터리 반바지 와이드 ),럭키,코튼팬츠,11000,2025-05-27,
1893,5월_버뮤다팬츠,2026-05-29,2026-06-16,11,769553,세일 버뮤다팬츠 데님팬츠 청바지 반바지 와이드 팬츠 ( 슬론 PT ),럭키,코튼팬츠,10000,2025-08-28,
1893,5월_버뮤다팬츠,2026-05-29,2026-06-16,12,956903,쿄우PT ( 뒷밴딩 버뮤다팬츠 면바지 카고 ),럭키,코튼팬츠,12000,2026-04-29,
1893,5월_버뮤다팬츠,2026-05-29,2026-06-16,13,956902,쿄우PT ( 뒷밴딩 버뮤다팬츠 카고 면바지 반바지 ),럭키,코튼팬츠,12000,2026-04-29,
1893,5월_버뮤다팬츠,2026-05-29,2026-06-16,14,971028,킬튼PT ( 카고 버뮤다팬츠 밴딩 반바지 ),럭키,코튼팬츠,13000,2026-05-20,
1893,5월_버뮤다팬츠,2026-05-29,2026-06-16,15,956790,"26SS)스타링버뮤다데님팬츠(여름,반바지,7부,와이드,청,숏,빅사이즈",도프,데님팬츠,18000,2026-04-28,
1893,5월_버뮤다팬츠,2026-05-29,2026-06-16,16,959075,"26SS)시그니처하프데님팬츠(기획,유니섹스,반바지,여름,버뮤다,숏팬츠,짧은바지",도프,데님팬츠,16000,2026-05-03,
1893,5월_버뮤다팬츠,2026-05-29,2026-06-16,17,950058,"26SS)알파벳버뮤다데님팬츠(여름,반바지,와이드,7부,청,빅사이즈,기획)",도프,데님팬츠,15000,2026-04-20,
1893,5월_버뮤다팬츠,2026-05-29,2026-06-16,18,969128,"26SS)워싱버뮤다데님팬츠(여름,반바지,7부,와이드,청,숏,빅사이즈,기획",도프,데님팬츠,18000,2026-05-17,
1893,5월_버뮤다팬츠,2026-05-29,2026-06-16,19,950066,"26SS)절개데끼버뮤다데님팬츠(여름,반바지,7부,와이드,청,숏,빅사이즈)",도프,데님팬츠,32000,2026-04-20,
1893,5월_버뮤다팬츠,2026-05-29,2026-06-16,20,950013,"26SS)도프카모카고하프팬츠(반바지,여름,빅사이즈,버뮤다,와이드,숏,밴딩",도프,코튼팬츠,27000,2026-04-20,
1893,5월_버뮤다팬츠,2026-05-29,2026-06-16,21,942634,"밴딩 스트링 카고 데님 버뮤다 팬츠 406-1(중청),406-2(워싱중청),406-3(그레이),406-4(블랙)",JMC 진뱅크,데님팬츠,19000,2026-04-14,
1893,5월_버뮤다팬츠,2026-05-29,2026-06-16,22,942632,"워싱 데님 밴딩 스트링 버뮤다 카팬터 팬츠 703-1(중청),703-2(워싱중청),703-3(흑청)",JMC 진뱅크,데님팬츠,18000,2026-04-14,
1893,5월_버뮤다팬츠,2026-05-29,2026-06-16,23,942631,"워싱 데님 카고 버뮤다 하프팬츠 701-1(중청),701-2(워싱중청),701-3(흑청)",JMC 진뱅크,데님팬츠,18000,2026-04-14,
1893,5월_버뮤다팬츠,2026-05-29,2026-06-16,24,942633,"폴리 밴딩 스트링 카고 버뮤다 팬츠 6041(블랙),6042(그레이),6043(화이트)",JMC 진뱅크,코튼팬츠,14000,2026-04-14,
1893,5월_버뮤다팬츠,2026-05-29,2026-06-16,25,697638,버뮤다팬츠)신상 데님반바지 루즈핏 버뮤다pt 청반바지,에스에프,데님팬츠,14000,2025-04-24,
1893,5월_버뮤다팬츠,2026-05-29,2026-06-16,26,722649,벌룬데님 반바지 (여름 신상 버뮤다 워싱 옐로우 청바지 오일워싱 ),에스에프,데님팬츠,15000,2025-06-04,
1893,5월_버뮤다팬츠,2026-05-29,2026-06-16,27,690813,맞주름와이드반PT)신상 반바지 빅사이즈 맞주름pt 5부 버뮤다팬츠,에스에프,코튼팬츠,7000,2025-04-17,
1893,5월_버뮤다팬츠,2026-05-29,2026-06-16,28,690810,와이드카고5부팬츠)신상 카고반바지 오버사이즈 버뮤다 pt,에스에프,코튼팬츠,8000,2025-04-17,
1893,5월_버뮤다팬츠,2026-05-29,2026-06-16,29,958430,국내제작 톤톤 버뮤다팬츠 나일론패치 7부8부 남녀공용 신상,시기,코튼팬츠,21000,2026-04-30,
1893,5월_버뮤다팬츠,2026-05-29,2026-06-16,30,967475,뒷포켓 아일렛 키링 절개팬츠 하프 버뮤다 7부 8부 유니섹스 국내제작,시기,코튼팬츠,25000,2026-05-15,
1893,5월_버뮤다팬츠,2026-05-29,2026-06-16,31,959784,신상 키링 아일렛 절개 버뮤다팬츠 7부 8부 유니섹스 합포 고퀄리티 인기,시기,코튼팬츠,25000,2026-05-06,
1893,5월_버뮤다팬츠,2026-05-29,2026-06-16,32,959780,아일렛 포인트 와이드 밴딩 버뮤다 팬츠,시기,코튼팬츠,25000,2026-05-05,
1893,5월_버뮤다팬츠,2026-05-29,2026-06-16,33,975046,톤톤 7부 8부 팬츠 반바지 스트링 조거 버뮤다 벌룬핏 나일론패치 카프리,시기,코튼팬츠,21000,2026-05-26,
1893,5월_버뮤다팬츠,2026-05-29,2026-06-16,34,727811,데님디링투턱버뮤다PT,드로우,데님팬츠,16000,2025-06-16,
1893,5월_버뮤다팬츠,2026-05-29,2026-06-16,35,727810,데님디링투턱버뮤다반바지,드로우,데님팬츠,16000,2025-06-16,
1893,5월_버뮤다팬츠,2026-05-29,2026-06-16,36,727818,스웨트디링투턱버뮤다PT,드로우,코튼팬츠,11000,2025-06-16,
1893,5월_버뮤다팬츠,2026-05-29,2026-06-16,37,727819,워크디링투턱버뮤다PT,드로우,코튼팬츠,16000,2025-06-16,
1893,5월_버뮤다팬츠,2026-05-29,2026-06-16,38,727822,워크디링투턱버뮤다반바지,드로우,코튼팬츠,16000,2025-06-16,
1893,5월_버뮤다팬츠,2026-05-29,2026-06-16,39,727813,스웨트디링투턱버뮤다반바지,드로우,트레이닝/조거팬츠,11000,2025-06-16,
1893,5월_버뮤다팬츠,2026-05-29,2026-06-16,40,776468,"옆핀턱데님버뮤다PT(숏기장,롱기장 따로 있음!5cm정도 차이남)",가십걸,데님팬츠,22000,2025-09-04,
1893,5월_버뮤다팬츠,2026-05-29,2026-06-16,41,735748,퓨어버뮤다팬츠,그레이메인,코튼팬츠,22000,2025-07-07,
1893,5월_버뮤다팬츠,2026-05-29,2026-06-16,42,899355,밀리 팬츠(버뮤다 밀리터리 유니크 y2k 빈티지 워싱),뉴비(New B),코튼팬츠,19500,2026-02-19,
1893,5월_버뮤다팬츠,2026-05-29,2026-06-16,43,878273,"738-1연청_뒷밴딩 와이드 버뮤다핏 청반바지 올엑스레이 데님(봄,여름신상)",댄지,데님팬츠,22000,2026-01-26,
1893,5월_버뮤다팬츠,2026-05-29,2026-06-16,44,878270,"738진청_뒷밴딩 리얼와이드 버뮤다핏 데님 진청반바지 팬츠(봄,여름신상)",댄지,데님팬츠,21000,2026-01-26,
1893,5월_버뮤다팬츠,2026-05-29,2026-06-16,45,878289,741_봄 여름 뒷밴딩 와이드 버뮤다핏 데님 청반바지(봄 여름신상),댄지,데님팬츠,19000,2026-01-26,
1893,5월_버뮤다팬츠,2026-05-29,2026-06-16,46,887186,버뮤다핀턱반바지,더별,코튼팬츠,10000,2026-02-04,
1893,5월_버뮤다팬츠,2026-05-29,2026-06-16,47,960600,피어버뮤다PT (신상 버뮤다 팬츠 반바지 오버핏 빅사이즈 남녀공용),더블에이치,코튼팬츠,17000,2026-05-07,
1893,5월_버뮤다팬츠,2026-05-29,2026-06-16,48,719897,5033번 발염나염 버뮤다 데님반바지,더블엠,데님팬츠,21000,2025-05-29,
1893,5월_버뮤다팬츠,2026-05-29,2026-06-16,49,722053,꾸2618버뮤다주름팬츠,더클리닝,코튼팬츠,7000,2025-06-04,
1893,5월_버뮤다팬츠,2026-05-29,2026-06-16,50,907389,버뮤다pt,데얼즈,데님팬츠,19000,2026-03-03,
1893,5월_버뮤다팬츠,2026-05-29,2026-06-16,51,723298,SS신상)108 와이드 버뮤다 부츠컷 데님 청바지 피그먼트,디반,데님팬츠,16000,2025-06-06,
1893,5월_버뮤다팬츠,2026-05-29,2026-06-16,52,723307,SS신상) 110 버뮤다 와이드 부츠컷 데님 청바지 반바지,디반,코튼팬츠,18000,2025-06-06,
1893,5월_버뮤다팬츠,2026-05-29,2026-06-16,53,723305,SS신상)104 와이드 비죠 여름 부츠컷 버뮤다 반바지 데님,디반,코튼팬츠,17000,2025-06-06,
1893,5월_버뮤다팬츠,2026-05-29,2026-06-16,54,726691,"520버뮤다데님쇼츠(반바지,6부,와이드,청바지,여름바지)",예쁜해파리,데님팬츠,10000,2025-06-13,
1893,5월_버뮤다팬츠,2026-05-29,2026-06-16,55,737769,"552자수버뮤다데님팬츠(버뮤다반바지,사계절,고퀄,브랜딩)",예쁜해파리,데님팬츠,10000,2025-07-14,
1893,5월_버뮤다팬츠,2026-05-29,2026-06-16,56,692888,호피버뮤다,게임,데님팬츠,32000,2025-04-21,
1893,5월_버뮤다팬츠,2026-05-29,2026-06-16,57,928269,데님 워싱 버뮤다 팬츠,구륙96,데님팬츠,19000,2026-03-30,
1893,5월_버뮤다팬츠,2026-05-29,2026-06-16,58,738833,데님워싱 버뮤다 팬츠,구륙96,데님팬츠,19000,2025-07-17,
1893,5월_버뮤다팬츠,2026-05-29,2026-06-16,59,714182,워시드 사선카고 버뮤다 팬츠,구륙96,코튼팬츠,24000,2025-05-20,
1893,5월_버뮤다팬츠,2026-05-29,2026-06-16,60,928273,이중지 카팬터 버뮤다 반바지,구륙96,트레이닝/조거팬츠,18000,2026-03-30,
1893,5월_버뮤다팬츠,2026-05-29,2026-06-16,61,963632,카모 버뮤다 팬츠,구륙96,트레이닝/조거팬츠,23000,2026-05-10,
1893,5월_버뮤다팬츠,2026-05-29,2026-06-16,62,729932,"25SS신상 데끼 버뮤다 팬츠(남녀공용,반바지,반뱅딩,데님,버뮤다)",땡큐,데님팬츠,18000,2025-06-19,
1893,5월_버뮤다팬츠,2026-05-29,2026-06-16,63,729931,"25SS신상 버뮤다 팬츠(남녀공용,데님,데일리,y2k,버뮤다,반바지)",땡큐,데님팬츠,16000,2025-06-19,
1893,5월_버뮤다팬츠,2026-05-29,2026-06-16,64,907260,"26SS 신상 버뮤다SL팬츠(벌룬핏,남녀공용,반바지,슬랙스,봄,여름,가디건,후드)",땡큐,수트/슬랙스,10000,2026-03-02,
1893,5월_버뮤다팬츠,2026-05-29,2026-06-16,65,974349,"버뮤다 투턱PT (신상,여름반바지,버뮤다팬츠,밴딩,와이드)",라코닉 (구 마가린상회),코튼팬츠,15000,2026-05-26,
1893,5월_버뮤다팬츠,2026-05-29,2026-06-16,66,969160,"버뮤다07팬츠(여름신상,버뮤다,공용,유니섹스,캐주얼)",라토,트레이닝/조거팬츠,12000,2026-05-17,
1893,5월_버뮤다팬츠,2026-05-29,2026-06-16,67,701442,382번 아이콘 데님 밴딩 팬츠 반바지 버뮤다,런웨이에스오에스,데님팬츠,15000,2025-04-30,
1893,5월_버뮤다팬츠,2026-05-29,2026-06-16,68,699722,692번 오리지널 버뮤다 팬츠  와이드 스판반바지 빅사이즈,런웨이에스오에스,수트/슬랙스,17000,2025-04-28,
1893,5월_버뮤다팬츠,2026-05-29,2026-06-16,69,701441,394번 제이드 버뮤다 와이드 밴딩 팬츠 반바지,런웨이에스오에스,코튼팬츠,10000,2025-04-30,
1893,5월_버뮤다팬츠,2026-05-29,2026-06-16,70,699731,365번 쿨밴딩 오리지널 버뮤다 와이드 밴딩 반바지,런웨이에스오에스,트레이닝/조거팬츠,13000,2025-04-28,
1893,5월_버뮤다팬츠,2026-05-29,2026-06-16,71,708656,374번 워싱쭈리 핀턱 버뮤다 반바지 CP,런웨이에스오에스,트레이닝/조거팬츠,14000,2025-05-12,
1893,5월_버뮤다팬츠,2026-05-29,2026-06-16,72,714236,384번 롱버뮤다 린넨 워싱밴딩 와이드반바지 빅사이즈,런웨이에스오에스,트레이닝/조거팬츠,14000,2025-05-21,
1893,5월_버뮤다팬츠,2026-05-29,2026-06-16,73,714237,385번 롱 버뮤다 쿨밴딩 와이드 반바지 빅사이즈,런웨이에스오에스,트레이닝/조거팬츠,12000,2025-05-21,
1893,5월_버뮤다팬츠,2026-05-29,2026-06-16,74,948596,더티 워싱 데님 버뮤다 팬츠,로버,데님팬츠,21000,2026-04-20,
1893,5월_버뮤다팬츠,2026-05-29,2026-06-16,75,948599,레이어드 카모 데님 버뮤다 팬츠,로버,데님팬츠,22000,2026-04-20,
1893,5월_버뮤다팬츠,2026-05-29,2026-06-16,76,948593,언발 카고 밴딩 버뮤다 팬츠,로버,코튼팬츠,18000,2026-04-20,
1893,5월_버뮤다팬츠,2026-05-29,2026-06-16,77,948589,절개 카펜더 리벳 버뮤다 팬츠,로버,코튼팬츠,18000,2026-04-20,
1893,5월_버뮤다팬츠,2026-05-29,2026-06-16,78,759832,몬트 버뮤다 팬츠,로웰,미니/미디스커트,26000,2025-08-21,
1893,5월_버뮤다팬츠,2026-05-29,2026-06-16,79,738014,박카고버뮤다팬츠 여름신상 남여공용 오버 커플 유니섹스 텐타덤블,루머,코튼팬츠,21000,2025-07-15,
1893,5월_버뮤다팬츠,2026-05-29,2026-06-16,80,738015,여름신상 박카고버뮤다팬츠 남여공용 오버 커플 유니섹스 텐타덤블,루머,코튼팬츠,21000,2025-07-15,
1893,5월_버뮤다팬츠,2026-05-29,2026-06-16,81,740146,피그트랙버뮤다팬츠 유니섹스 남여공용 커플 여름신상 오버 피그먼트,루머,트레이닝/조거팬츠,26000,2025-07-21,
1893,5월_버뮤다팬츠,2026-05-29,2026-06-16,82,944655,"SS 사이드핀턱 버뮤다 반바지(유니섹스,도톰함특양면,오버핏,절개,스트릿무드)",말랑,코튼팬츠,9500,2026-04-15,
1893,5월_버뮤다팬츠,2026-05-29,2026-06-16,83,696553,"SS 이중지합포 사이드턱 카펜터 팬츠 반바지(버뮤다,남녀공용,빅사이즈)",말랑,코튼팬츠,15000,2025-04-23,
1893,5월_버뮤다팬츠,2026-05-29,2026-06-16,84,696471,국내생산 남여공용 와이드 카고 반바지 (빅사이즈 트레이닝 버뮤다 반바지),말랑,코튼팬츠,9000,2025-04-23,
1893,5월_버뮤다팬츠,2026-05-29,2026-06-16,85,716030,[7부 와이드] 하이웨스트 연청 데님 버뮤다 팬츠 통바지 NO927,매무,데님팬츠,22000,2025-05-22,
1893,5월_버뮤다팬츠,2026-05-29,2026-06-16,86,716029,[쿨썸머] 핀턱 버뮤다핏 중청 데님팬츠 8부 통바지 NO926,매무,데님팬츠,22000,2025-05-22,
1893,5월_버뮤다팬츠,2026-05-29,2026-06-16,87,745891,"(신상)코튼핀턱하프팬츠(거래처,하이4부 5부버뮤다뒷밴딩반면PT2026",메이비앤코,코튼팬츠,26000,2025-08-01,
1893,5월_버뮤다팬츠,2026-05-29,2026-06-16,88,804223,(신상)코튼핀턱하프팬츠(하이4부 5부버뮤다뒷밴딩반면PT),메이비앤코,코튼팬츠,26000,2025-10-17,
1893,5월_버뮤다팬츠,2026-05-29,2026-06-16,89,708672,"봄신상)코튼핀턱하프팬츠(하이4부 5부버뮤다뒷밴딩반면PT)가을,2026코튼반팬츠",메이비앤코,코튼팬츠,26000,2025-05-12,
1893,5월_버뮤다팬츠,2026-05-29,2026-06-16,90,738052,로시카고버뮤다팬츠 (2color),메인,코튼팬츠,28000,2025-07-15,
1893,5월_버뮤다팬츠,2026-05-29,2026-06-16,91,738056,맞주름레이스버뮤다팬츠 (2color),메인,코튼팬츠,15000,2025-07-15,
1893,5월_버뮤다팬츠,2026-05-29,2026-06-16,92,738838,801번 스트라이프 버뮤다 카펜더팬츠,바이더스타,데님팬츠,29000,2025-07-17,
1893,5월_버뮤다팬츠,2026-05-29,2026-06-16,93,738837,810번 스트라이프 카펜더 버뮤다팬츠,바이더스타,데님팬츠,29000,2025-07-17,
1893,5월_버뮤다팬츠,2026-05-29,2026-06-16,94,721535,뒷밴딩 스판 주름 핀턱 버뮤다 데님 반바지,바이미,데님팬츠,13000,2025-06-03,
1893,5월_버뮤다팬츠,2026-05-29,2026-06-16,95,941105,뒷밴딩 워싱 카고 버뮤다,바이미,데님팬츠,22000,2026-04-13,
1893,5월_버뮤다팬츠,2026-05-29,2026-06-16,96,909743,뒷밴딩 카펜더 스판 버뮤다 데님팬츠,바이미,데님팬츠,16000,2026-03-06,
1893,5월_버뮤다팬츠,2026-05-29,2026-06-16,97,717322,뒷밴딩 쿨터치 주름 버뮤다,바이미,데님팬츠,13000,2025-05-26,
1893,5월_버뮤다팬츠,2026-05-29,2026-06-16,98,692035,뒷밴딩 힙블리 버뮤다 데님 팬츠,바이미,데님팬츠,14000,2025-04-19,
1893,5월_버뮤다팬츠,2026-05-29,2026-06-16,99,700372,밑단 컷팅 워싱 버뮤다 5부 데님 팬츠,바이미,데님팬츠,14000,2025-04-29,
1893,5월_버뮤다팬츠,2026-05-29,2026-06-16,100,725863,빅 포켓  버뮤다 데님 반바지,바이미,데님팬츠,14000,2025-06-12,
1893,5월_버뮤다팬츠,2026-05-29,2026-06-16,101,723086,스터드 워싱 버뮤다 팬츠,바이미,데님팬츠,16000,2025-06-05,
1893,5월_버뮤다팬츠,2026-05-29,2026-06-16,102,690311,헬스 힙 버뮤다 7부 데님 팬츠,바이미,데님팬츠,14000,2025-04-17,
1893,5월_버뮤다팬츠,2026-05-29,2026-06-16,103,716509,스터드 워싱 버뮤다 데님 팬츠,바이미,코튼팬츠,16000,2025-05-23,
1893,5월_버뮤다팬츠,2026-05-29,2026-06-16,104,948191,카모 건빵 버뮤다,바이미,코튼팬츠,14000,2026-04-19,
1893,5월_버뮤다팬츠,2026-05-29,2026-06-16,105,948297,코튼 카고 버뮤다(크롭,바이미,코튼팬츠,14000,2026-04-19,
1893,5월_버뮤다팬츠,2026-05-29,2026-06-16,106,947050,맞주름와이드PT (주름반바지 빅사이즈 버뮤다 5부),바이지오,코튼팬츠,7000,2026-04-16,
1893,5월_버뮤다팬츠,2026-05-29,2026-06-16,107,880303,사각쮸리PT (츄리닝 5부반바지 버뮤다 와이드),바이지오,코튼팬츠,7000,2026-01-28,
1893,5월_버뮤다팬츠,2026-05-29,2026-06-16,108,964105,데님 5부 포켓청 여성 밴딩 와이드 데님 버뮤다 팬츠,반하다,데님팬츠,20000,2026-05-11,
1893,5월_버뮤다팬츠,2026-05-29,2026-06-16,109,730172,볼륨 버뮤다 pt 주머니포켓 남여공영 노멀워시드 반바지,베네투스 venetus,코튼팬츠,22000,2025-06-20,
1893,5월_버뮤다팬츠,2026-05-29,2026-06-16,110,691556,사이드 핀탁 버뮤다 PT,벤더,데님팬츠,19000,2025-04-18,
1893,5월_버뮤다팬츠,2026-05-29,2026-06-16,111,691569,앞핀탁 6부 버뮤다 팬츠,벤더,데님팬츠,18000,2025-04-18,
1893,5월_버뮤다팬츠,2026-05-29,2026-06-16,112,733104,핀턱 버뮤다 팬츠,벤더,데님팬츠,10000,2025-06-29,
1893,5월_버뮤다팬츠,2026-05-29,2026-06-16,113,691575,앞핀탁 버뮤다 팬츠,벤더,코튼팬츠,18000,2025-04-18,
1893,5월_버뮤다팬츠,2026-05-29,2026-06-16,114,959929,로워바디하프와이드반바지(버뮤다 와이드핏 밴딩 스트링 로고프린트 트레이닝 쇼츠),비칠사칠(B747),코튼팬츠,15000,2026-05-06,
1893,5월_버뮤다팬츠,2026-05-29,2026-06-16,115,718135,유엔씨 나염반바지 (스포츠핏 나이키스타일 버뮤다팬츠),비코일드,코튼팬츠,11000,2025-05-26,
1893,5월_버뮤다팬츠,2026-05-29,2026-06-16,116,713426,피그먼트워싱 빅카고반바지 버뮤다핏,비코일드,코튼팬츠,24000,2025-05-19,
1893,5월_버뮤다팬츠,2026-05-29,2026-06-16,117,712881,데일리 피그먼트워싱 반바지 버뮤다핏,비코일드,트레이닝/조거팬츠,18000,2025-05-18,
1893,5월_버뮤다팬츠,2026-05-29,2026-06-16,118,712882,빅빅카고 버뮤다핏 반바지,비코일드,트레이닝/조거팬츠,19000,2025-05-18,
1893,5월_버뮤다팬츠,2026-05-29,2026-06-16,119,912627,[ 베이직바이커(코튼) ] 코튼 스판 베이직 하프 버뮤다 팬츠,비키,코튼팬츠,23000,2026-03-11,
1893,5월_버뮤다팬츠,2026-05-29,2026-06-16,120,910620,26SS-젤라또PT (잔체크 밴딩 반바지 카고팬츠 버뮤다 허리끈 포켓 시크),샷건,코튼팬츠,19000,2026-03-08,
1893,5월_버뮤다팬츠,2026-05-29,2026-06-16,121,725496,여름신상 사이드턱버뮤다반바지 25ss 무지 버뮤다핏 데일리반바지 L_XL 국내 빠른출고,세리온,코튼팬츠,11000,2025-06-11,
1893,5월_버뮤다팬츠,2026-05-29,2026-06-16,122,725494,여름신상 쿨스판버뮤다팬츠 썸머 기획 특가 스판 공용 L_XL 빠른출고 오더문의,세리온,코튼팬츠,9000,2025-06-11,
1893,5월_버뮤다팬츠,2026-05-29,2026-06-16,123,725504,특양면버뮤다반바지) 여름신상 무지심플 시원한반바지 버뮤다핏 공용 L_XL 국내생산 빠른출고,세리온,트레이닝/조거팬츠,10000,2025-06-11,
1893,5월_버뮤다팬츠,2026-05-29,2026-06-16,124,722652,벌룬데님 반바지 (신상 여름 데님 반바지 버뮤다 워싱데님 ),세종,데님팬츠,15000,2025-06-04,
1893,5월_버뮤다팬츠,2026-05-29,2026-06-16,125,700365,린넨버뮤다팬츠,소울드레스,코튼팬츠,13000,2025-04-29,
1893,5월_버뮤다팬츠,2026-05-29,2026-06-16,126,719790,트윌버뮤다8부바지,소울드레스,코튼팬츠,16000,2025-05-29,
1893,5월_버뮤다팬츠,2026-05-29,2026-06-16,127,713862,N525 리리 데님 레이스 반바지 버뮤다,스코프,데님팬츠,16000,2025-05-20,
1893,5월_버뮤다팬츠,2026-05-29,2026-06-16,128,969493,베이레 레이스 와이드 데님 반바지 버뮤다 69545,스코프,데님팬츠,25000,2026-05-18,
1893,5월_버뮤다팬츠,2026-05-29,2026-06-16,129,960276,자디끄 디스트로이드 버뮤다 데님팬츠 2987,스코프,데님팬츠,15000,2026-05-06,
1893,5월_버뮤다팬츠,2026-05-29,2026-06-16,130,706534,톰보이PT-반바지 핀턱 버뮤다 슬렉스 팬츠 밴딩반바지 여름 신상,스텔라앤제시카,수트/슬랙스,15000,2025-05-08,
1893,5월_버뮤다팬츠,2026-05-29,2026-06-16,131,975225,784 더티버뮤다 청반바지,아더핏,데님팬츠,27000,2026-05-27,
1893,5월_버뮤다팬츠,2026-05-29,2026-06-16,132,975226,785 구제 버뮤다 흑청 버뮤다,아더핏,데님팬츠,28000,2026-05-27,
1893,5월_버뮤다팬츠,2026-05-29,2026-06-16,133,975227,786 오일 구제 연청 버뮤다,아더핏,데님팬츠,28000,2026-05-27,
1893,5월_버뮤다팬츠,2026-05-29,2026-06-16,134,975232,792 디스트로이드 버뮤다,아더핏,데님팬츠,28000,2026-05-27,
1893,5월_버뮤다팬츠,2026-05-29,2026-06-16,135,975233,793 저스트 스톤 데님 버뮤다,아더핏,데님팬츠,25000,2026-05-27,
1893,5월_버뮤다팬츠,2026-05-29,2026-06-16,136,975234,795 켄톤 논페이드 데님버뮤다,아더핏,데님팬츠,28000,2026-05-27,
1893,5월_버뮤다팬츠,2026-05-29,2026-06-16,137,975228,788 머스크 아주르 버뮤다팬츠,아더핏,트레이닝/조거팬츠,26000,2026-05-27,
1893,5월_버뮤다팬츠,2026-05-29,2026-06-16,138,975229,789 와샤 아주르 버뮤다팬츠,아더핏,트레이닝/조거팬츠,25000,2026-05-27,
1893,5월_버뮤다팬츠,2026-05-29,2026-06-16,139,975230,790 니체 카고 버뮤다팬츠,아더핏,트레이닝/조거팬츠,25000,2026-05-27,
1893,5월_버뮤다팬츠,2026-05-29,2026-06-16,140,975231,791 사이드지퍼 버뮤다 팬츠,아더핏,트레이닝/조거팬츠,25000,2026-05-27,
1893,5월_버뮤다팬츠,2026-05-29,2026-06-16,141,975205,"카모원턱 6부 밴딩 반바지(버뮤다,와이드)","아이 AH,EE",트레이닝/조거팬츠,20000,2026-05-27,
1893,5월_버뮤다팬츠,2026-05-29,2026-06-16,142,958407,사이드 지퍼 버뮤다,알렉스,트레이닝/조거팬츠,26000,2026-04-30,
1893,5월_버뮤다팬츠,2026-05-29,2026-06-16,143,950006,사이드지퍼 버뮤다,알렉스,트레이닝/조거팬츠,26000,2026-04-20,
1893,5월_버뮤다팬츠,2026-05-29,2026-06-16,144,737341,여름 미키 버뮤다 5부 반바지 뒷밴딩 얇은스판 PT 라벨 빅사이즈 706,언바운디드,코튼팬츠,8000,2025-07-11,
1893,5월_버뮤다팬츠,2026-05-29,2026-06-16,145,740258,여름 버뮤다 5부 미키 반바지 쿨 얇은 면스판 제작 정품 라벨 빅사이즈,언바운디드,코튼팬츠,8000,2025-07-21,
1893,5월_버뮤다팬츠,2026-05-29,2026-06-16,146,778929,워싱버뮤다PT,얼빙플레이스,코튼팬츠,22000,2025-09-05,
1893,5월_버뮤다팬츠,2026-05-29,2026-06-16,147,965415,빈티지 버뮤다 다트PT,에버래빗,코튼팬츠,37000,2026-05-13,
1893,5월_버뮤다팬츠,2026-05-29,2026-06-16,148,958773,7부 버뮤다 반바지,에스제이,트레이닝/조거팬츠,12000,2026-05-02,
1893,5월_버뮤다팬츠,2026-05-29,2026-06-16,149,958775,7부 카고버뮤다 반바지,에스제이,트레이닝/조거팬츠,14000,2026-05-02,
1893,5월_버뮤다팬츠,2026-05-29,2026-06-16,150,910754,버뮤다 반바지,에스제이,트레이닝/조거팬츠,11000,2026-03-09,
1893,5월_버뮤다팬츠,2026-05-29,2026-06-16,151,910755,카고 버뮤다  반바지,에스제이,트레이닝/조거팬츠,13000,2026-03-09,
1893,5월_버뮤다팬츠,2026-05-29,2026-06-16,152,971137,신상_슬랍트랙절개버뮤다반바지(남녀공용 데님 버뮤다 반바지 와이드핏 밴딩 허리 스트링 사이드라인),엔비제,데님팬츠,26000,2026-05-20,
1893,5월_버뮤다팬츠,2026-05-29,2026-06-16,153,971136,여름신상_린넨데님버뮤다반바지(남여공용 데님 버뮤다 밴딩 반바지 와이드핏 스트링 빅포켓),엔비제,데님팬츠,25000,2026-05-20,
1893,5월_버뮤다팬츠,2026-05-29,2026-06-16,154,733825,865 주름 핀탁 버뮤다 팬츠,엠블루,데님팬츠,18000,2025-07-01,
1893,5월_버뮤다팬츠,2026-05-29,2026-06-16,155,926744,26ss 버뮤다 고프코어룩 연청 진청 5부 데님 청반바지 블록코어 가성비 봄신상,오피피에이,데님팬츠,20000,2026-03-29,
1893,5월_버뮤다팬츠,2026-05-29,2026-06-16,156,974322,절개패턴 반바지 청반바지 데님반바지 버뮤다팬츠 버뮤다데님 데님숏팬츠,오피피에이,데님팬츠,24000,2026-05-25,
1893,5월_버뮤다팬츠,2026-05-29,2026-06-16,157,780217,(버뮤다)팬츠,유(Y.O.U),트레이닝/조거팬츠,13000,2025-09-08,
1893,5월_버뮤다팬츠,2026-05-29,2026-06-16,158,704919,버뮤다데님팬츠,유안느,데님팬츠,15000,2025-05-03,
1893,5월_버뮤다팬츠,2026-05-29,2026-06-16,159,951514,핀턱데님버뮤다팬츠,유안느,데님팬츠,14000,2026-04-22,
1893,5월_버뮤다팬츠,2026-05-29,2026-06-16,160,944271,주문폭주)라이닝버뮤다팬츠_구제 루즈핏 ootd 데일리 꾸안꾸 유니크,제로(ZERO,데님팬츠,16000,2026-04-15,
1893,5월_버뮤다팬츠,2026-05-29,2026-06-16,161,795932,골덴버뮤다팬츠_10부 코듀로이 루즈핏 데일리 인기 유니크 꾸안꾸 주문폭주,제로(ZERO,코튼팬츠,17000,2025-09-26,
1893,5월_버뮤다팬츠,2026-05-29,2026-06-16,162,931485,빅신상)큰항아리버뮤다팬츠_데일리 꾸안꾸 루즈핏 넉넉한 편한 유니크 인기,제로(ZERO,코튼팬츠,15000,2026-04-03,
1893,5월_버뮤다팬츠,2026-05-29,2026-06-16,163,723832,"지프 데님 버뮤다 팬츠(기획,신상,캣워싱,워싱,청반바지,남여공용,오버핏,청반바지)",크레센트,데님팬츠,24000,2025-06-09,
1893,5월_버뮤다팬츠,2026-05-29,2026-06-16,164,729319,"지프 데님 버뮤다(주문폭주,기획,신상,워싱,청반바지,아메카지,여름,쇼츠,남여공용,버뮤다)",크레센트,데님팬츠,24000,2025-06-18,
1893,5월_버뮤다팬츠,2026-05-29,2026-06-16,165,737948,"플렉 린넨 버뮤다PT(기획,신상,린넨팬츠,셋업,썸머,휴양지룩,하객룩,어반,반바지,핀턱팬츠)",크레센트,수트/슬랙스,23000,2025-07-14,
1893,5월_버뮤다팬츠,2026-05-29,2026-06-16,166,772343,"타운 버뮤다 팬츠(25FW,기획,신상,가을,남여공용,짐웨어,츄리닝,헬창)",크레센트,트레이닝/조거팬츠,16000,2025-08-31,
1893,5월_버뮤다팬츠,2026-05-29,2026-06-16,167,722716,데님망치 버뮤다반바지,클레버,데님팬츠,30000,2025-06-04,
1893,5월_버뮤다팬츠,2026-05-29,2026-06-16,168,740140,"스타패치버뮤다PT(생지,버뮤다,자수,별,아플리케,밴딩,공용)",클레버,데님팬츠,28000,2025-07-21,
1893,5월_버뮤다팬츠,2026-05-29,2026-06-16,169,697731,"여름신상)스터드반바지(츄리닝,반바지,버뮤다,와이드,스터드,핀턱,밴딩,공용,짐웨어,헬스",클레버,코튼팬츠,22000,2025-04-24,
1893,5월_버뮤다팬츠,2026-05-29,2026-06-16,170,917230,[PRIME]리벳카모버뮤다PT,키치키치,코튼팬츠,9000,2026-03-17,
1893,5월_버뮤다팬츠,2026-05-29,2026-06-16,171,865186,[PRIME]리벳카고포켓버뮤다PT(텐타덤블워싱원단),키치키치,트레이닝/조거팬츠,7500,2026-01-14,
1893,5월_버뮤다팬츠,2026-05-29,2026-06-16,172,734590,7부버뮤다팬츠,태그,코튼팬츠,20000,2025-07-02,
1893,5월_버뮤다팬츠,2026-05-29,2026-06-16,173,721908,세일)호피 워시드 데님 버뮤다팬츠,트리거,데님팬츠,12000,2025-06-04,
1893,5월_버뮤다팬츠,2026-05-29,2026-06-16,174,971797,26SS신상)새깅 레이어드 라인 버뮤다팬츠,트리거,코튼팬츠,20000,2026-05-21,
1893,5월_버뮤다팬츠,2026-05-29,2026-06-16,175,708637,신상)디플로마 버뮤다팬츠,트리거,코튼팬츠,23000,2025-05-12,
1893,5월_버뮤다팬츠,2026-05-29,2026-06-16,176,729987,신상)스티치 카펜터 버뮤다팬츠,트리거,코튼팬츠,24000,2025-06-20,
1893,5월_버뮤다팬츠,2026-05-29,2026-06-16,177,733178,신상)체인 스모크 버뮤다팬츠,트리거,코튼팬츠,20000,2025-06-30,
1893,5월_버뮤다팬츠,2026-05-29,2026-06-16,178,738821,신상)특양면 핀턱 피그먼트 버뮤다팬츠,트리거,코튼팬츠,18000,2025-07-17,
1893,5월_버뮤다팬츠,2026-05-29,2026-06-16,179,909731,로고 버뮤다 팬츠,파퓰러,코튼팬츠,19000,2026-03-06,
1893,5월_버뮤다팬츠,2026-05-29,2026-06-16,180,965228,카치온벨트버뮤다PT,팬츠하우스(PANTS HOUSE),코튼팬츠,36000,2026-05-12,
1893,5월_버뮤다팬츠,2026-05-29,2026-06-16,181,969192,데끼버뮤다PT,팬츠하우스(PANTS HOUSE),트레이닝/조거팬츠,24000,2026-05-17,
1893,5월_버뮤다팬츠,2026-05-29,2026-06-16,182,866409,[PRIME]더블립버뮤다팬츠,퍼플그레이,코튼팬츠,6500,2026-01-15,
1893,5월_버뮤다팬츠,2026-05-29,2026-06-16,183,965256,[PRIME]올드폰트버뮤다팬츠,퍼플그레이,코튼팬츠,7500,2026-05-13,
1893,5월_버뮤다팬츠,2026-05-29,2026-06-16,184,942562,[PRIME]쭈리2사이즈_더블립버뮤다팬츠,퍼플그레이,코튼팬츠,6500,2026-04-14,
1893,5월_버뮤다팬츠,2026-05-29,2026-06-16,185,893336,쭈리2사이즈_더블립버뮤다팬츠,퍼플그레이,코튼팬츠,6500,2026-02-10,
1893,5월_버뮤다팬츠,2026-05-29,2026-06-16,186,699713,오버 더블니 버뮤다 (cp쭈리 여름 아일렛 반바지 하프 유니섹스 신상 인기),포트,트레이닝/조거팬츠,24000,2025-04-28,
1893,5월_버뮤다팬츠,2026-05-29,2026-06-16,187,757206,피그먼트 버뮤다 원턱 반바지 팬츠,프렌치커스텀(French Custom),트레이닝/조거팬츠,12500,2025-08-18,
1893,5월_버뮤다팬츠,2026-05-29,2026-06-16,188,757213,피그먼트 절개 버뮤다 팬츠,프렌치커스텀(French Custom),트레이닝/조거팬츠,14000,2025-08-18,
1893,5월_버뮤다팬츠,2026-05-29,2026-06-16,189,930948,하이웨스트 밴딩 와이드 5부 트레이닝 버뮤다 반바지,프롬에이치,코튼팬츠,19000,2026-04-02,
1893,5월_버뮤다팬츠,2026-05-29,2026-06-16,190,725686,9930 버뮤다팬츠 데님 카고 워싱 와이드 밑단컷팅 하프 6부 청반바지,필앤마조,데님팬츠,10500,2025-06-11,
1893,5월_버뮤다팬츠,2026-05-29,2026-06-16,191,719431,"25SS) 데저트 워싱 버뮤다PT (미네랄 특수워싱, 공용, 반바지)",하멜,코튼팬츠,24000,2025-05-28,
1893,5월_버뮤다팬츠,2026-05-29,2026-06-16,192,734696,25SS) 디엘 버뮤다 팬츠 (여름 신상 데님 스트라이프 반바지 유니섹스,하멜,코튼팬츠,17000,2025-07-02,
1893,5월_버뮤다팬츠,2026-05-29,2026-06-16,193,721888,"데저트 워싱 버뮤다PT (미네랄 특수워싱, 공용, 반바지)   98354914",하멜,코튼팬츠,24000,2025-06-03,
1893,5월_버뮤다팬츠,2026-05-29,2026-06-16,194,718138,와이드 퍼그반바지 (인기 여름 신상 공용 퍼티그 버뮤다 벌룬 기획),하멜,코튼팬츠,15000,2025-05-26,
1893,5월_버뮤다팬츠,2026-05-29,2026-06-16,195,959079,물방울 디테일 버뮤다 워싱 데님진 (3size),호프(HOF),데님팬츠,23000,2026-05-03,
1893,5월_버뮤다팬츠,2026-05-29,2026-06-16,196,959077,물방울 디테일 버뮤다 워싱 하프팬츠 청바지 [3size],호프(HOF),데님팬츠,21000,2026-05-03,
1893,5월_버뮤다팬츠,2026-05-29,2026-06-16,197,959096,밑단 포인트 버뮤다 워싱 밴딩 하프데님진 [FREE size],호프(HOF),데님팬츠,18000,2026-05-03,
1893,5월_버뮤다팬츠,2026-05-29,2026-06-16,198,717301,버뮤다 면스판 9부 팬츠,후스토리,코튼팬츠,12000,2025-05-26,
1893,5월_버뮤다팬츠,2026-05-29,2026-06-16,199,708673,"(신상)코튼핀턱하프팬츠(거래처,하이4부 5부버뮤다뒷밴딩반면PT",메이비앤코,수트/슬랙스,26000,2025-05-12,
1893,5월_버뮤다팬츠,2026-05-29,2026-06-16,200,715947,"거래처자료)버뮤다핀턱슬랙스,뒷밴딩,하프SL,PT주름버뮤다 반바지",메이비앤코,수트/슬랙스,27000,2025-05-22,
1893,5월_버뮤다팬츠,2026-05-29,2026-06-16,201,743552,"신상)버뮤다핀턱반바지SL(2025뒷밴딩후크하프PT,5부슬랙스)",메이비앤코,수트/슬랙스,27000,2025-07-29,
1893,5월_버뮤다팬츠,2026-05-29,2026-06-16,202,745894,"신상)버뮤다핀턱반바지SL(거래처자료,2025뒷밴딩후크하프PT,5부슬랙스)FW",메이비앤코,수트/슬랙스,27000,2025-08-01,
1893,5월_버뮤다팬츠,2026-05-29,2026-06-16,203,743555,"신상)버뮤다핀턱반바지SL(뒷밴딩후크하프PT,5부슬랙스)",메이비앤코,수트/슬랙스,27000,2025-07-29,
1893,5월_버뮤다팬츠,2026-05-29,2026-06-16,204,715948,"신상)버뮤다핀턱슬랙스(,뒷밴딩,하프SL,PT주름버뮤다반바지)",메이비앤코,수트/슬랙스,27000,2025-05-22,
1893,5월_버뮤다팬츠,2026-05-29,2026-06-16,205,908889,버뮤다트랙팬츠(거래처사진)날씬핏팬츠 반바지 하체커버 빅사이즈 밴딩팬츠 트레이닝팬츠,쭈블리(JJUBLY),코튼팬츠,11000,2026-03-05,
1893,5월_버뮤다팬츠,2026-05-29,2026-06-16,206,973608,버뮤다트랙팬츠(여름 밴딩팬츠 트레이닝바지 사이드핀턱 하체커버),쭈블리(JJUBLY),코튼팬츠,11000,2026-05-24,
1893,5월_버뮤다팬츠,2026-05-29,2026-06-16,207,967488,스냅버뮤다팬츠(거래처사진) 여름 빅사이즈 날씬핏 반바지 트레이닝팬츠,쭈블리(JJUBLY),코튼팬츠,12000,2026-05-15,
1893,5월_버뮤다팬츠,2026-05-29,2026-06-16,208,908002,스냅버뮤다팬츠(거래처사진)와이드팬츠 하체커버 빅사이즈 날씬핏 밴딩팬츠 트레이닝팬츠,쭈블리(JJUBLY),코튼팬츠,12000,2026-03-04,
1893,5월_버뮤다팬츠,2026-05-29,2026-06-16,209,941032,"26여름신상_[PRIME]에잇포인트숏츠(기본템,트레이닝,버뮤다,반바지",카라멜,코튼팬츠,4500,2026-04-12,
1893,5월_버뮤다팬츠,2026-05-29,2026-06-16,210,905699,"2SIZE[PRIME]스탠다드버뮤다PT(2사이즈,여름,반바지,숏츠,와이드",카라멜,코튼팬츠,7500,2026-02-26,
1893,5월_버뮤다팬츠,2026-05-29,2026-06-16,211,941043,"L사이즈착용[PRIME]쭈리스탠다드버뮤다PT(2SIZE,사이즈,와이드,팬츠,오버핏)",카라멜,코튼팬츠,7500,2026-04-13,
1893,5월_버뮤다팬츠,2026-05-29,2026-06-16,212,941045,"M사이즈착용[PRIME]쭈리스탠다드버뮤다PT(2SIZE,사이즈,와이드,팬츠,오버핏)",카라멜,코튼팬츠,7500,2026-04-13,
1893,5월_버뮤다팬츠,2026-05-29,2026-06-16,213,969804,배색버뮤다 팬츠 5부 쭈리 밴딩 와이드핏 레터링 프린트 여름 트레이닝 반바지 372,컴플렉스,코튼팬츠,16000,2026-05-19,
1893,5월_버뮤다팬츠,2026-05-29,2026-06-16,214,923634,"기획) 텐 합포 버뮤다 팬츠, 신상 봄 여름 무지 기본 7부 빅사이즈",썬(SUN),트레이닝/조거팬츠,13000,2026-03-26,
1893,5월_버뮤다팬츠,2026-05-29,2026-06-16,215,923628,스냅 버뮤다 팬츠 봄 여름 신상 빅사이즈 오버 밴딩 무지 기본 반바지,썬(SUN),트레이닝/조거팬츠,15000,2026-03-26,
1893,5월_버뮤다팬츠,2026-05-29,2026-06-16,216,942440,"스트라이프 버뮤다,카펜터,8부,팬츠,여름,반바지,세트 가능",썬(SUN),트레이닝/조거팬츠,16000,2026-04-13,
1893,5월_버뮤다팬츠,2026-05-29,2026-06-16,217,923632,"스티치 버뮤다 팬츠, 여름 신상 세트가능 빅사이즈 무지 반바지",썬(SUN),트레이닝/조거팬츠,12000,2026-03-26,
1893,5월_버뮤다팬츠,2026-05-29,2026-06-16,218,923625,"포켓 카고 버뮤다 반바지, 신상 가을 여름 합포 밴딩 팬츠 7부 빅사이즈",썬(SUN),트레이닝/조거팬츠,14000,2026-03-26,
1893,5월_버뮤다팬츠,2026-05-29,2026-06-16,219,948388,"피그 커브 버뮤다,여름 신상 빅사이즈 무지 반바지 바캉스 와이드",썬(SUN),트레이닝/조거팬츠,18000,2026-04-19,
1893,5월_버뮤다팬츠,2026-05-29,2026-06-16,220,923626,해머 원턱 버뮤다 팬츠 봄 여름 신상 빅사이즈 반바지 무지 기본 카펜터,썬(SUN),트레이닝/조거팬츠,14000,2026-03-26,
1894,5월_여름 반려동물 의류,2026-05-29,2026-06-16,0,655993,베리 메시 나시 XS-2XL 강아지옷 여름,패션퍼피,티셔츠/나시,3500,2025-03-13,
1894,5월_여름 반려동물 의류,2026-05-29,2026-06-16,1,166524,크레용 나시,디어멍,티셔츠/나시,3000,2023-03-30,
1894,5월_여름 반려동물 의류,2026-05-29,2026-06-16,2,686170,소스 아이스쿨나시(강아지옷),허그미,티셔츠/나시,8500,2025-04-15,
1894,5월_여름 반려동물 의류,2026-05-29,2026-06-16,3,676566,강아지옷 / 버블꽃나시,댕일리,티셔츠/나시,9000,2025-04-07,Y
1894,5월_여름 반려동물 의류,2026-05-29,2026-06-16,4,357404,강아지옷 / 숫자배색티,댕일리,티셔츠/나시,10000,2024-03-11,Y
1894,5월_여름 반려동물 의류,2026-05-29,2026-06-16,5,352834,강아지옷 동물친구크롭티,댕일리,티셔츠/나시,9000,2024-03-05,Y
1894,5월_여름 반려동물 의류,2026-05-29,2026-06-16,6,690773,강아지옷 오로라하트 버그가드,댕일리,티셔츠/나시,12000,2025-04-17,Y
1894,5월_여름 반려동물 의류,2026-05-29,2026-06-16,7,937558,강아지옷 찰랑나시,댕일리,티셔츠/나시,6000,2026-04-09,Y
1894,5월_여름 반려동물 의류,2026-05-29,2026-06-16,8,904607,강아지옷 플로랄나시,댕일리,티셔츠/나시,8500,2026-02-26,Y
1894,5월_여름 반려동물 의류,2026-05-29,2026-06-16,9,352836,강아지옷 하트티,댕일리,티셔츠/나시,9500,2024-03-05,Y
1894,5월_여름 반려동물 의류,2026-05-29,2026-06-16,10,433441,쿨소재 기능성원단 ) 쿨링나시,댕일리,티셔츠/나시,10000,2024-06-17,Y
1894,5월_여름 반려동물 의류,2026-05-29,2026-06-16,11,395369,강아지옷 쿨 엉덩팬츠,허니독,원피스/올인원,11000,2024-05-02,Y
1894,5월_여름 반려동물 의류,2026-05-29,2026-06-16,12,66631,강아지옷  매쉬 쿨나시,허니독,티셔츠/나시,7000,2022-05-20,Y
1894,5월_여름 반려동물 의류,2026-05-29,2026-06-16,13,426129,강아지옷 냉장고 멜빵,허니독,원피스/올인원,10000,2024-05-29,Y
1894,5월_여름 반려동물 의류,2026-05-29,2026-06-16,14,356381,강아지옷  병아리 수영복(코사지모자),허니독,레인코트/수영복,8000,2024-03-07,Y
1894,5월_여름 반려동물 의류,2026-05-29,2026-06-16,15,193702,강아지옷 곰래쉬가드,허니독,레인코트/수영복,8000,2023-05-17,Y
1894,5월_여름 반려동물 의류,2026-05-29,2026-06-16,16,723789,강아지옷 아이스쿨올인원,허니독,원피스/올인원,15000,2025-06-08,Y
1894,5월_여름 반려동물 의류,2026-05-29,2026-06-16,17,721726,강아지옷 펀칭프릴원피스(원피스+모자),허니독,원피스/올인원,12000,2025-06-03,Y
1894,5월_여름 반려동물 의류,2026-05-29,2026-06-16,18,143012,강아지옷 프리티원피스,허니독,원피스/올인원,13500,2023-02-11,Y
1894,5월_여름 반려동물 의류,2026-05-29,2026-06-16,19,391812,강아지옷 피크닉원피스+밀짚모자셋트,허니독,원피스/올인원,13000,2024-04-26,Y
1894,5월_여름 반려동물 의류,2026-05-29,2026-06-16,20,66642,강아지옷 호박바지,허니독,원피스/올인원,13000,2022-05-20,Y
1894,5월_여름 반려동물 의류,2026-05-29,2026-06-16,21,676171,해충방지 망사올인원,허니독,원피스/올인원,13000,2025-04-06,Y
1894,5월_여름 반려동물 의류,2026-05-29,2026-06-16,22,650501,강아지옷 안티버그조끼,허니독,자켓/가디건/조끼,10000,2025-03-06,Y
1894,5월_여름 반려동물 의류,2026-05-29,2026-06-16,23,183655,토끼망사프릴,허니독,자켓/가디건/조끼,8000,2023-04-26,Y
1894,5월_여름 반려동물 의류,2026-05-29,2026-06-16,24,908656,강아지 마린세일러 케이프,허니독,티셔츠/나시,9000,2026-03-04,Y
1894,5월_여름 반려동물 의류,2026-05-29,2026-06-16,25,350585,강아지옷 곰세마리 티셔츠,허니독,티셔츠/나시,7500,2024-02-29,Y
1894,5월_여름 반려동물 의류,2026-05-29,2026-06-16,26,363582,강아지옷 과일패밀리 나시,허니독,티셔츠/나시,7000,2024-03-18,Y
1894,5월_여름 반려동물 의류,2026-05-29,2026-06-16,27,356899,강아지옷 꽃주름크롭블라우스,허니독,티셔츠/나시,9000,2024-03-08,Y
1894,5월_여름 반려동물 의류,2026-05-29,2026-06-16,28,899086,강아지옷 등원룩,허니독,티셔츠/나시,12000,2026-02-18,Y
1894,5월_여름 반려동물 의류,2026-05-29,2026-06-16,29,396441,강아지옷 리본꽃쿨나시,허니독,티셔츠/나시,7000,2024-05-03,Y
1894,5월_여름 반려동물 의류,2026-05-29,2026-06-16,30,932545,강아지옷 리본망사이너나시,허니독,티셔츠/나시,12000,2026-04-04,Y
1894,5월_여름 반려동물 의류,2026-05-29,2026-06-16,31,908651,강아지옷 마린 티셔츠,허니독,티셔츠/나시,9000,2026-03-04,Y
1894,5월_여름 반려동물 의류,2026-05-29,2026-06-16,32,367040,강아지옷 매쉬곰야광나시,허니독,티셔츠/나시,7500,2024-03-27,Y
1894,5월_여름 반려동물 의류,2026-05-29,2026-06-16,33,344591,강아지옷 브릭나시,허니독,티셔츠/나시,7000,2024-02-21,Y
1894,5월_여름 반려동물 의류,2026-05-29,2026-06-16,34,501337,강아지옷 세일러카라티,허니독,티셔츠/나시,12000,2024-09-10,Y
1894,5월_여름 반려동물 의류,2026-05-29,2026-06-16,35,138128,강아지옷 스마일자수티,허니독,티셔츠/나시,9000,2023-02-04,Y
1894,5월_여름 반려동물 의류,2026-05-29,2026-06-16,36,167646,강아지옷 우비망또,허니독,레인코트/수영복,14000,2023-04-01,Y
1894,5월_여름 반려동물 의류,2026-05-29,2026-06-16,37,415011,강아지옷 우비올인원,허니독,레인코트/수영복,11000,2024-05-17,Y
1894,5월_여름 반려동물 의류,2026-05-29,2026-06-16,38,66625,강아지옷 곰멜빵 바지,허니독,원피스/올인원,16500,2022-05-20,Y
1894,5월_여름 반려동물 의류,2026-05-29,2026-06-16,39,185532,강아지옷 당근망사원피스,허니독,원피스/올인원,10000,2023-04-28,Y
1894,5월_여름 반려동물 의류,2026-05-29,2026-06-16,40,365278,강아지옷 돈터치 팬츠,허니독,원피스/올인원,9000,2024-03-22,Y
1894,5월_여름 반려동물 의류,2026-05-29,2026-06-16,41,906711,강아지옷 땡땡이올인원,허니독,원피스/올인원,11000,2026-02-28,Y
1894,5월_여름 반려동물 의류,2026-05-29,2026-06-16,42,100313,강아지옷 린넨원피스,허니독,원피스/올인원,10000,2022-10-04,Y
1894,5월_여름 반려동물 의류,2026-05-29,2026-06-16,43,405387,강아지옷 마카롱크롭원피스+모자셋트,허니독,원피스/올인원,13000,2024-05-09,Y
1894,5월_여름 반려동물 의류,2026-05-29,2026-06-16,44,374600,강아지옷 빵실이 과일올인원,허니독,원피스/올인원,11000,2024-04-05,Y
1894,5월_여름 반려동물 의류,2026-05-29,2026-06-16,45,651311,강아지옷 안티버그티셔츠,허니독,티셔츠/나시,8000,2025-03-09,Y
1894,5월_여름 반려동물 의류,2026-05-29,2026-06-16,46,709681,강아지옷 야광쿨나시,허니독,티셔츠/나시,8000,2025-05-12,Y
1894,5월_여름 반려동물 의류,2026-05-29,2026-06-16,47,163366,강아지옷 자수단가라나시티,허니독,티셔츠/나시,7000,2023-03-24,Y
1894,5월_여름 반려동물 의류,2026-05-29,2026-06-16,48,967386,강아지옷 패스트푸드냉감쿨나시,허니독,티셔츠/나시,9000,2026-05-14,Y
1894,5월_여름 반려동물 의류,2026-05-29,2026-06-16,49,904490,강아지옷 패치팝 티셔츠,허니독,티셔츠/나시,10000,2026-02-25,Y
1894,5월_여름 반려동물 의류,2026-05-29,2026-06-16,50,937349,강아지옷 하트나시,허니독,티셔츠/나시,6500,2026-04-08,Y
1894,5월_여름 반려동물 의류,2026-05-29,2026-06-16,51,314168,강아지옷 하트니티,허니독,티셔츠/나시,12000,2024-01-03,Y
1894,5월_여름 반려동물 의류,2026-05-29,2026-06-16,52,713796,드래곤 나시 XS-6XL 대형견가능 나시 강아지옷,패션퍼피,티셔츠/나시,4000,2025-05-20,
1894,5월_여름 반려동물 의류,2026-05-29,2026-06-16,53,710174,레이스 메리야스 XS-XL 강아지옷 플라워 여름,패션퍼피,티셔츠/나시,7000,2025-05-13,
1894,5월_여름 반려동물 의류,2026-05-29,2026-06-16,54,430637,세일) 썸머 체크 끈나시 S-2XL,패션퍼피,티셔츠/나시,5000,2024-06-10,
1894,5월_여름 반려동물 의류,2026-05-29,2026-06-16,55,384661,"세일) 하트 메시 끈나시 XS,2XL",패션퍼피,티셔츠/나시,3000,2024-04-19,
1894,5월_여름 반려동물 의류,2026-05-29,2026-06-16,56,430225,세일)과일 끈나시 그린-2XL,패션퍼피,티셔츠/나시,3500,2024-06-09,
1894,5월_여름 반려동물 의류,2026-05-29,2026-06-16,57,429830,세일)샤샤 끈나시 블라우스 XS 강아지옷,패션퍼피,티셔츠/나시,3000,2024-06-07,
1894,5월_여름 반려동물 의류,2026-05-29,2026-06-16,58,959444,프렌즈 메시 나시 XS-8XL 중형견 대형견 해충방지 버그가드 망사 강아지,패션퍼피,티셔츠/나시,4000,2026-05-04,
1894,5월_여름 반려동물 의류,2026-05-29,2026-06-16,59,951002,프렌즈 메시 나시 XS-8XL 중형견 대형견 해충방지 버그가드 망사 강아지,패션퍼피,티셔츠/나시,4000,2026-04-21,
1894,5월_여름 반려동물 의류,2026-05-29,2026-06-16,60,954761,[기능성 쿨티]아이스소다 강아지옷 기능성 쿨나시,허그미,티셔츠/나시,9000,2026-04-25,
1894,5월_여름 반려동물 의류,2026-05-29,2026-06-16,61,943948,강아지 해충방지 퍼피 쿨메쉬 나시티,허그미,티셔츠/나시,6500,2026-04-14,
1894,5월_여름 반려동물 의류,2026-05-29,2026-06-16,62,945493,기능성 쿨링 강아지 문신옷 이레즈미 쿨시리즈,허그미,티셔츠/나시,7000,2026-04-16,
1894,5월_여름 반려동물 의류,2026-05-29,2026-06-16,63,520180,레이스 프릴 소매 티셔츠,허그미,티셔츠/나시,9000,2024-10-15,
1894,5월_여름 반려동물 의류,2026-05-29,2026-06-16,64,390488,강아지옷 / 단가라리본나시,댕일리,티셔츠/나시,7500,2024-04-25,Y
1894,5월_여름 반려동물 의류,2026-05-29,2026-06-16,65,708612,쿨 후르츠 해충방지 바지 /S-2XL (아이스팩 1개 포함),디어멍,원피스/올인원,14000,2025-05-11,
1894,5월_여름 반려동물 의류,2026-05-29,2026-06-16,66,177623,X크롭 나시,디어멍,티셔츠/나시,5000,2023-04-18,
1894,5월_여름 반려동물 의류,2026-05-29,2026-06-16,67,727299,러브??쿨나시,디어멍,티셔츠/나시,9000,2025-06-15,
1894,5월_여름 반려동물 의류,2026-05-29,2026-06-16,68,214877,"아이스팩쿨나시(블루S,M만 가능)",디어멍,티셔츠/나시,12000,2023-07-19,
1894,5월_여름 반려동물 의류,2026-05-29,2026-06-16,69,723556,쿨링 프렌즈 홀터넥,디어멍,티셔츠/나시,10000,2025-06-07,
1894,5월_여름 반려동물 의류,2026-05-29,2026-06-16,70,702173,쿨링 프릴 탑,디어멍,티셔츠/나시,12000,2025-05-01,
1894,5월_여름 반려동물 의류,2026-05-29,2026-06-16,71,428984,썸머독 크롭 나시,띠아몽,티셔츠/나시,4400,2024-06-05,
1894,5월_여름 반려동물 의류,2026-05-29,2026-06-16,72,72927,"★50% 할인★ 멍키니 수영복 S-2XL, 2 colors",그루밍독,레인코트/수영복,9000,2022-06-20,
1894,5월_여름 반려동물 의류,2026-05-29,2026-06-16,73,737047,"퐁당베어 수트 수영복 S-XL, 2colors",그루밍독,레인코트/수영복,11000,2025-07-10,
1894,5월_여름 반려동물 의류,2026-05-29,2026-06-16,74,73870,"[레트로한너낌] 꽃 나시 올인원 S-2XL, 3 colors",그루밍독,원피스/올인원,9000,2022-06-23,
1894,5월_여름 반려동물 의류,2026-05-29,2026-06-16,75,53774,"[상콤달콤] 피크닉 나시 원피스 S-2XL, 2colors",그루밍독,원피스/올인원,12000,2022-04-11,
1894,5월_여름 반려동물 의류,2026-05-29,2026-06-16,76,43755,"[커플룩;아이옷] 모닝 나시 올인원 S-2XL, 4 colors",그루밍독,원피스/올인원,9000,2022-02-28,
1894,5월_여름 반려동물 의류,2026-05-29,2026-06-16,77,65597,"★50% 할인★ 파자마곰 나시 S-2XL, 3 colors",그루밍독,원피스/올인원,4000,2022-05-17,
1894,5월_여름 반려동물 의류,2026-05-29,2026-06-16,78,164340,"[대형견까지!] 루키 덩크 쿨링 기능성 나시 S-5XL, 3 colors",그루밍독,티셔츠/나시,6000,2023-03-28,
1894,5월_여름 반려동물 의류,2026-05-29,2026-06-16,79,70293,"[러블리무드] 블링 레이스 나시 S-2XL, 5 colors",그루밍독,티셔츠/나시,7000,2022-06-09,
1894,5월_여름 반려동물 의류,2026-05-29,2026-06-16,80,87558,"[로맨틱감성] 골지 레이스 티셔츠 S-2XL, 4 colors",그루밍독,티셔츠/나시,5600,2022-08-19,
1894,5월_여름 반려동물 의류,2026-05-29,2026-06-16,81,723135,"[스포티캐주얼] 축구복 쿨 나시 S-2XL, 2colors",그루밍독,티셔츠/나시,7000,2025-06-05,
1894,5월_여름 반려동물 의류,2026-05-29,2026-06-16,82,723134,"[스포티캐주얼] 태극전사 축구복 쿨 나시 S-2XL, 2colors",그루밍독,티셔츠/나시,7000,2025-06-05,
1894,5월_여름 반려동물 의류,2026-05-29,2026-06-16,83,711583,"[시어서커원단] 꼬불이 나시 S-2XL, 1color",그루밍독,티셔츠/나시,7000,2025-05-15,
1894,5월_여름 반려동물 의류,2026-05-29,2026-06-16,84,210865,"[쿨링기능성] 쿨 래빗 홀터넥 S-2XL, 2colors",그루밍독,티셔츠/나시,7000,2023-06-30,
1894,5월_여름 반려동물 의류,2026-05-29,2026-06-16,85,934247,"[쿨에버원단] 힙스터 쿨 티셔츠 S-2XL, 2colors",그루밍독,티셔츠/나시,10000,2026-04-06,
1894,5월_여름 반려동물 의류,2026-05-29,2026-06-16,86,726114,"[해충방지] 안티버그 스타 메쉬 올인원/후드 S-2XL, 1color",그루밍독,티셔츠/나시,10000,2025-06-12,
1894,5월_여름 반려동물 의류,2026-05-29,2026-06-16,87,16011,★50% 할인★ 루미너스 베어 야광 쿨나시,그루밍독,티셔츠/나시,7000,2021-07-06,
1894,5월_여름 반려동물 의류,2026-05-29,2026-06-16,88,61760,"바캉스 과일 시스루 나시 S-2XL, 2 colors",그루밍독,티셔츠/나시,9000,2022-05-04,
1894,5월_여름 반려동물 의류,2026-05-29,2026-06-16,89,953549,"힙스터 쿨 나시 S-2XL, 2colors",그루밍독,티셔츠/나시,8000,2026-04-23,
1894,5월_여름 반려동물 의류,2026-05-29,2026-06-16,90,454353,까니쉬 강아지수영복 올인원,까니쉬,원피스/올인원,10000,2024-08-02,
1894,5월_여름 반려동물 의류,2026-05-29,2026-06-16,91,454360,까니쉬 강아지여름옷 레몬 프릴 올인원,까니쉬,원피스/올인원,8500,2024-08-02,
1894,5월_여름 반려동물 의류,2026-05-29,2026-06-16,92,454358,까니쉬 강아지여름 슈끈나시,까니쉬,티셔츠/나시,5000,2024-08-02,
1894,5월_여름 반려동물 의류,2026-05-29,2026-06-16,93,454354,까니쉬 강아지여름옷 마린 끈나시,까니쉬,티셔츠/나시,6000,2024-08-02,
1894,5월_여름 반려동물 의류,2026-05-29,2026-06-16,94,454351,까니쉬 강아지여름옷 스트라이프 슬라브 면티,까니쉬,티셔츠/나시,7000,2024-08-02,
1894,5월_여름 반려동물 의류,2026-05-29,2026-06-16,95,454356,까니쉬 강아지여름옷 알로하 프릴 끈나시,까니쉬,티셔츠/나시,8000,2024-08-02,
1894,5월_여름 반려동물 의류,2026-05-29,2026-06-16,96,409400,까니쉬 강아지여름옷 후르츠 슬라브 크롭,까니쉬,티셔츠/나시,6500,2024-05-14,
1894,5월_여름 반려동물 의류,2026-05-29,2026-06-16,97,698092,까니쉬 마우스 매쉬,까니쉬,티셔츠/나시,6000,2025-04-25,
1894,5월_여름 반려동물 의류,2026-05-29,2026-06-16,98,55223,까니쉬 주인님 끈나시,까니쉬,티셔츠/나시,5000,2022-04-15,
1894,5월_여름 반려동물 의류,2026-05-29,2026-06-16,99,56735,까니쉬 체크 크롭 끈나시,까니쉬,티셔츠/나시,7000,2022-04-20,
1894,5월_여름 반려동물 의류,2026-05-29,2026-06-16,100,155475,마린홀터넥나시,까니쉬,티셔츠/나시,10000,2023-03-04,
1894,5월_여름 반려동물 의류,2026-05-29,2026-06-16,101,668560,빅세일> 시스루 스모크 크롭,까니쉬,티셔츠/나시,5000,2025-03-28,
1894,5월_여름 반려동물 의류,2026-05-29,2026-06-16,102,454716,강아지망사옷 강아지민소매 강아지나시 강아지옷 강아지여름옷 매쉬 열기구프린팅,다야,티셔츠/나시,7500,2024-08-04,
1894,5월_여름 반려동물 의류,2026-05-29,2026-06-16,103,954429,강아지 반짝이 티셔츠 여름 반팔 통기성 자수 포인트 데일리 의류,더프어프,티셔츠/나시,21000,2026-04-24,
1894,5월_여름 반려동물 의류,2026-05-29,2026-06-16,104,954422,강아지 여름 쿨링 반팔 티셔츠 통기성 냉감 원단 기능성 쿨링티,더프어프,티셔츠/나시,25000,2026-04-24,
1894,5월_여름 반려동물 의류,2026-05-29,2026-06-16,105,72730,쿨데이 나시 & 올인원,레이지펫,원피스/올인원,8000,2022-06-17,
1894,5월_여름 반려동물 의류,2026-05-29,2026-06-16,106,72728,마카롱 나시 가디건,레이지펫,자켓/가디건/조끼,8000,2022-06-17,
1894,5월_여름 반려동물 의류,2026-05-29,2026-06-16,107,185501,사과 리플 나시,레이지펫,티셔츠/나시,8000,2023-04-28,
1894,5월_여름 반려동물 의류,2026-05-29,2026-06-16,108,391440,새콤달콤 나시 (쿨에버),레이지펫,티셔츠/나시,8500,2024-04-26,
1894,5월_여름 반려동물 의류,2026-05-29,2026-06-16,109,201222,캔디리본 망사 나시,레이지펫,티셔츠/나시,8000,2023-06-04,
1894,5월_여름 반려동물 의류,2026-05-29,2026-06-16,110,738154,반려동물 수트 발커버 일체형 먼지 눈 비 오염 방지 BM-018,리더스셀러,레인코트/수영복,19000,2025-07-15,
1894,5월_여름 반려동물 의류,2026-05-29,2026-06-16,111,779145,스쿨체크후드원피스,메리무아,원피스/올인원,12000,2025-09-05,
1894,5월_여름 반려동물 의류,2026-05-29,2026-06-16,112,964180,스타쿨데님원피스,메리무아,원피스/올인원,11000,2026-05-11,
1894,5월_여름 반려동물 의류,2026-05-29,2026-06-16,113,435282,올가드쿨커버매쉬올인원,메리무아,원피스/올인원,13000,2024-06-19,
1894,5월_여름 반려동물 의류,2026-05-29,2026-06-16,114,659461,핀터 플리츠 나시 원피스,메리무아,원피스/올인원,11000,2025-03-18,
1894,5월_여름 반려동물 의류,2026-05-29,2026-06-16,115,930890,해충방지베어올인원,메리무아,원피스/올인원,12500,2026-04-02,
1894,5월_여름 반려동물 의류,2026-05-29,2026-06-16,116,722995,[세이프워크] 해충방지 쿨 조끼,메리무아,티셔츠/나시,9500,2025-06-05,
1894,5월_여름 반려동물 의류,2026-05-29,2026-06-16,117,722999,[세이프워크] 해충방지 쿨 티셔츠,메리무아,티셔츠/나시,10000,2025-06-05,
1894,5월_여름 반려동물 의류,2026-05-29,2026-06-16,118,968420,로지레이스물결민소매,메리무아,티셔츠/나시,11500,2026-05-15,
1894,5월_여름 반려동물 의류,2026-05-29,2026-06-16,119,707818,쏘큐트오로라쿨링민소매,메리무아,티셔츠/나시,10000,2025-05-09,
1894,5월_여름 반려동물 의류,2026-05-29,2026-06-16,120,974718,쿨에버봉봉꽃나시,메리무아,티셔츠/나시,12000,2026-05-26,
1894,5월_여름 반려동물 의류,2026-05-29,2026-06-16,121,431666,퍼피 쿨링기능성 크롭 나시,메리무아,티셔츠/나시,6500,2024-06-12,
1894,5월_여름 반려동물 의류,2026-05-29,2026-06-16,122,911556,하이곰민소매나시,메리무아,티셔츠/나시,8500,2026-03-10,
1894,5월_여름 반려동물 의류,2026-05-29,2026-06-16,123,959688,후르츠아쿠아쿨조끼,메리무아,티셔츠/나시,10000,2026-05-05,
1894,5월_여름 반려동물 의류,2026-05-29,2026-06-16,124,205310,썸머수영복나시,블랙라벨퍼피,레인코트/수영복,10000,2023-06-14,
1894,5월_여름 반려동물 의류,2026-05-29,2026-06-16,125,205311,썸머수영복원피스,블랙라벨퍼피,레인코트/수영복,12000,2023-06-14,
1894,5월_여름 반려동물 의류,2026-05-29,2026-06-16,126,86808,레이스프릴티,블랙라벨퍼피,티셔츠/나시,9500,2022-08-16,
1894,5월_여름 반려동물 의류,2026-05-29,2026-06-16,127,974026,쿨링 하트,블랙라벨퍼피,티셔츠/나시,8000,2026-05-25,
1894,5월_여름 반려동물 의류,2026-05-29,2026-06-16,128,201659,쿨메쉬 나시,블랙라벨퍼피,티셔츠/나시,8000,2023-06-07,
1894,5월_여름 반려동물 의류,2026-05-29,2026-06-16,129,86830,탐나시,블랙라벨퍼피,티셔츠/나시,7000,2022-08-16,
1894,5월_여름 반려동물 의류,2026-05-29,2026-06-16,130,720863,쿨광 민소매 & 선캡 (S-3XL),비유펫,티셔츠/나시,11000,2025-06-01,
1894,5월_여름 반려동물 의류,2026-05-29,2026-06-16,131,720859,쿨광 크롭 나시 (S-3XL),비유펫,티셔츠/나시,11000,2025-06-01,
1894,5월_여름 반려동물 의류,2026-05-29,2026-06-16,132,447000,강아지옷 쿨 꽃매쉬 올인원 - 2color,스너글아워펫,원피스/올인원,12000,2024-07-23,
1894,5월_여름 반려동물 의류,2026-05-29,2026-06-16,133,734073,상큼 딸기 매쉬 올인원 - 3color (S-XL),스너글아워펫,원피스/올인원,13200,2025-07-01,
1894,5월_여름 반려동물 의류,2026-05-29,2026-06-16,134,189786,애플애플 쿨링쿨링조끼,완짱,자켓/가디건/조끼,8000,2023-05-09,
1894,5월_여름 반려동물 의류,2026-05-29,2026-06-16,135,193790,애플애플 러블리끈나시,완짱,티셔츠/나시,6000,2023-05-18,
1894,5월_여름 반려동물 의류,2026-05-29,2026-06-16,136,713385,애플애플 롤리팝스타 쿨링 캐미솔,완짱,티셔츠/나시,12000,2025-05-19,
1894,5월_여름 반려동물 의류,2026-05-29,2026-06-16,137,436056,애플애플 슈가팝 크롭티 강아지 나시티,완짱,티셔츠/나시,8000,2024-06-21,
1894,5월_여름 반려동물 의류,2026-05-29,2026-06-16,138,436062,애플애플 엄마손 난닝구 강아지 나시티,완짱,티셔츠/나시,8000,2024-06-21,
1894,5월_여름 반려동물 의류,2026-05-29,2026-06-16,139,196740,애플애플 여름츄나시티,완짱,티셔츠/나시,8000,2023-05-24,
1894,5월_여름 반려동물 의류,2026-05-29,2026-06-16,140,190353,애플애플 체크쿨~티셔츠,완짱,티셔츠/나시,8000,2023-05-10,
1894,5월_여름 반려동물 의류,2026-05-29,2026-06-16,141,189935,애플애플 체크쿨나시티,완짱,티셔츠/나시,8000,2023-05-10,
1894,5월_여름 반려동물 의류,2026-05-29,2026-06-16,142,662714,애플애플 하트 레이스 망사 캐미솔,완짱,티셔츠/나시,8500,2025-03-21,
1894,5월_여름 반려동물 의류,2026-05-29,2026-06-16,143,17096,강아지 옷 하트 망사나시,작은언덕,티셔츠/나시,6500,2021-07-14,
1894,5월_여름 반려동물 의류,2026-05-29,2026-06-16,144,926775,강아지 저버 나시,작은언덕,티셔츠/나시,7000,2026-03-30,
1894,5월_여름 반려동물 의류,2026-05-29,2026-06-16,145,926777,강아지 하트 나시,작은언덕,티셔츠/나시,7000,2026-03-30,
1894,5월_여름 반려동물 의류,2026-05-29,2026-06-16,146,17306,강아지나시티 꽃망사,작은언덕,티셔츠/나시,6500,2021-07-16,
1894,5월_여름 반려동물 의류,2026-05-29,2026-06-16,147,184591,별 기본나시,작은언덕,티셔츠/나시,7000,2023-04-27,
1894,5월_여름 반려동물 의류,2026-05-29,2026-06-16,148,173065,별 끈나시,작은언덕,티셔츠/나시,7000,2023-04-11,
1894,5월_여름 반려동물 의류,2026-05-29,2026-06-16,149,80305,쿨링플라워고무줄나시…2color,제이엔제이 J&J,티셔츠/나시,10000,2022-07-21,
1894,5월_여름 반려동물 의류,2026-05-29,2026-06-16,150,720201,쥬비코 강아지수영복 도트수영복,쥬비코,레인코트/수영복,10000,2025-05-30,
1894,5월_여름 반려동물 의류,2026-05-29,2026-06-16,151,408910,쥬비코 강아지수영복 리본 수영복,쥬비코,레인코트/수영복,10000,2024-05-13,
1894,5월_여름 반려동물 의류,2026-05-29,2026-06-16,152,720198,쥬비코 강아지수영복 비키니꽃 수영복,쥬비코,레인코트/수영복,14000,2025-05-30,
1894,5월_여름 반려동물 의류,2026-05-29,2026-06-16,153,436210,샤시스루,쥬비코,티셔츠/나시,11000,2024-06-21,
1894,5월_여름 반려동물 의류,2026-05-29,2026-06-16,154,716175,쥬비코 강아지옷 골지쿨 슬리브리스,쥬비코,티셔츠/나시,7000,2025-05-22,
1894,5월_여름 반려동물 의류,2026-05-29,2026-06-16,155,976243,쥬비코 강아지옷 금비 망사 시스루 끈나시,쥬비코,티셔츠/나시,8000,2026-05-28,
1894,5월_여름 반려동물 의류,2026-05-29,2026-06-16,156,713811,쥬비코 강아지옷 안티버그 쿨튜브곰 슬리브리스,쥬비코,티셔츠/나시,7000,2025-05-20,
1894,5월_여름 반려동물 의류,2026-05-29,2026-06-16,157,391766,쥬비코 강아지옷 엔젤망사 슬리브리스 ,쥬비코,티셔츠/나시,7000,2024-04-26,
1894,5월_여름 반려동물 의류,2026-05-29,2026-06-16,158,152210,쥬비코 강아지옷 오가닉민소매나시,쥬비코,티셔츠/나시,7000,2023-02-23,
1894,5월_여름 반려동물 의류,2026-05-29,2026-06-16,159,462636,쥬비코 강아지옷 쭈그리 레이스 티셔츠,쥬비코,티셔츠/나시,9500,2024-08-12,
1894,5월_여름 반려동물 의류,2026-05-29,2026-06-16,160,432485,쥬비코 강아지옷 체리 쿨링 메쉬 크롭 티셔츠 ,쥬비코,티셔츠/나시,6500,2024-06-13,
1894,5월_여름 반려동물 의류,2026-05-29,2026-06-16,161,956465,쥬비코 강아지옷 쿨매쉬 부릉 & 스케치북 나시,쥬비코,티셔츠/나시,6500,2026-04-28,
1894,5월_여름 반려동물 의류,2026-05-29,2026-06-16,162,413342,쥬비코 강아지옷 쿨매쉬 슬리브리스 ,쥬비코,티셔츠/나시,6500,2024-05-17,
1894,5월_여름 반려동물 의류,2026-05-29,2026-06-16,163,976282,쥬비코 강아지옷 피그먼트 매쉬 끈나시,쥬비코,티셔츠/나시,7500,2026-05-28,
1894,5월_여름 반려동물 의류,2026-05-29,2026-06-16,164,972492,쥬비코 강아지옷 하트망사 나시옷,쥬비코,티셔츠/나시,6500,2026-05-21,
1894,5월_여름 반려동물 의류,2026-05-29,2026-06-16,165,735212,쥬비코 강아지옷 해피쿨 매쉬 슬리브리스,쥬비코,티셔츠/나시,7000,2025-07-04,
1894,5월_여름 반려동물 의류,2026-05-29,2026-06-16,166,972493,쥬비코 강아지옷 호피 망사 나시옷,쥬비코,티셔츠/나시,7000,2026-05-21,
1894,5월_여름 반려동물 의류,2026-05-29,2026-06-16,167,689859,쥬비코 강아지옷냉감 쿨꽃매쉬 슬리브리스,쥬비코,티셔츠/나시,7500,2025-04-16,
1894,5월_여름 반려동물 의류,2026-05-29,2026-06-16,168,194113,코코펫 애견의류 체크 체리끈나시,코코펫,티셔츠/나시,8000,2023-05-18,
1894,5월_여름 반려동물 의류,2026-05-29,2026-06-16,169,194112,코코펫 애견의류 펀칭 꽃 끈나시,코코펫,티셔츠/나시,13000,2023-05-18,
1894,5월_여름 반려동물 의류,2026-05-29,2026-06-16,170,362419,곰돌이수영복,토토팬시,레인코트/수영복,10000,2024-03-14,
1894,5월_여름 반려동물 의류,2026-05-29,2026-06-16,171,362426,데이지수영복,토토팬시,레인코트/수영복,10000,2024-03-14,
1894,5월_여름 반려동물 의류,2026-05-29,2026-06-16,172,362278,곰돌이끈나시올인원,토토팬시,원피스/올인원,6000,2024-03-14,
1894,5월_여름 반려동물 의류,2026-05-29,2026-06-16,173,362443,여름항아리올인원,토토팬시,원피스/올인원,10000,2024-03-14,
1894,5월_여름 반려동물 의류,2026-05-29,2026-06-16,174,27733,개더워 나시티,토토팬시,티셔츠/나시,6000,2021-11-11,
1894,5월_여름 반려동물 의류,2026-05-29,2026-06-16,175,362307,곰돌이망사나시,토토팬시,티셔츠/나시,7000,2024-03-14,
1894,5월_여름 반려동물 의류,2026-05-29,2026-06-16,176,362309,국화망사나시,토토팬시,티셔츠/나시,7000,2024-03-14,
1894,5월_여름 반려동물 의류,2026-05-29,2026-06-16,177,27732,다저스메쉬나시,토토팬시,티셔츠/나시,7000,2021-11-11,
1894,5월_여름 반려동물 의류,2026-05-29,2026-06-16,178,362315,딸기망사나시,토토팬시,티셔츠/나시,7000,2024-03-14,
1894,5월_여름 반려동물 의류,2026-05-29,2026-06-16,179,362286,레이스하네스티,토토팬시,티셔츠/나시,6000,2024-03-14,
1894,5월_여름 반려동물 의류,2026-05-29,2026-06-16,180,27731,불스메쉬나시,토토팬시,티셔츠/나시,7000,2021-11-11,
1894,5월_여름 반려동물 의류,2026-05-29,2026-06-16,181,362432,와플레이스나시,토토팬시,티셔츠/나시,7000,2024-03-14,
1894,5월_여름 반려동물 의류,2026-05-29,2026-06-16,182,362305,장미망사나시,토토팬시,티셔츠/나시,7000,2024-03-14,
1894,5월_여름 반려동물 의류,2026-05-29,2026-06-16,183,413219,강아지 땡땡이 멍키니 비키니 여름 수영복 개쉬가드 래쉬가드,패션퍼피,레인코트/수영복,7000,2024-05-17,
1894,5월_여름 반려동물 의류,2026-05-29,2026-06-16,184,413216,강아지 땡땡이 멍키니 비키니 여름 수영복 개쉬가드 래쉬가드,패션퍼피,레인코트/수영복,7000,2024-05-17,
1894,5월_여름 반려동물 의류,2026-05-29,2026-06-16,185,685472,딸기 비키니 XS-L 강아지 수영복,패션퍼피,레인코트/수영복,5000,2025-04-14,
1894,5월_여름 반려동물 의류,2026-05-29,2026-06-16,186,435302,"세일) 멍키니 (파인XS,XL /공룡XS S L XL만 가능) 강아지옷 수영복",패션퍼피,레인코트/수영복,5000,2024-06-19,
1894,5월_여름 반려동물 의류,2026-05-29,2026-06-16,187,951370,프렌즈 메시 올인원 XS-7XL 중형견 대형견 해충방지 버그가드 망사 강아지,패션퍼피,원피스/올인원,7000,2026-04-21,
1894,5월_여름 반려동물 의류,2026-05-29,2026-06-16,188,726589,피치 래쉬가드(모자 세트) 강아지 수영복 올인원 여름 휴가,패션퍼피,원피스/올인원,12000,2025-06-12,
1894,5월_여름 반려동물 의류,2026-05-29,2026-06-16,189,213465,리본토끼 수영복,펫무드,레인코트/수영복,10000,2023-07-11,
1894,5월_여름 반려동물 의류,2026-05-29,2026-06-16,190,667716,매쉬촌캉스올인원(썬캡별도),펫무드,원피스/올인원,11000,2025-03-27,
1894,5월_여름 반려동물 의류,2026-05-29,2026-06-16,191,705781,SALE) 쥬쥬 펀칭 레이스 나시,펫무드,티셔츠/나시,6000,2025-05-06,
1894,5월_여름 반려동물 의류,2026-05-29,2026-06-16,192,431266,꽃시스루 홀터넥,펫무드,티셔츠/나시,11000,2024-06-11,
1894,5월_여름 반려동물 의류,2026-05-29,2026-06-16,193,396491,매쉬 촌캉스 나시,펫무드,티셔츠/나시,9000,2024-05-03,
1894,5월_여름 반려동물 의류,2026-05-29,2026-06-16,194,733070,벨리본 쿨나시,펫무드,티셔츠/나시,8500,2025-06-29,
1894,5월_여름 반려동물 의류,2026-05-29,2026-06-16,195,713406,야광 하트 쿨링 밸크로 민소매,펫무드,티셔츠/나시,10500,2025-05-19,
1894,5월_여름 반려동물 의류,2026-05-29,2026-06-16,196,409345,곰돌이토끼 나시 티셔츠/원피스,프레이,원피스/올인원,7000,2024-05-14,
1894,5월_여름 반려동물 의류,2026-05-29,2026-06-16,197,726556,딸기꽃 나시 리본 원피스,프레이,원피스/올인원,11000,2025-06-12,
1894,5월_여름 반려동물 의류,2026-05-29,2026-06-16,198,923465,로즈가든 나시 티/원피스,프레이,원피스/올인원,10000,2026-03-25,
1894,5월_여름 반려동물 의류,2026-05-29,2026-06-16,199,947729,베리 프릴 나시 원피스,프레이,원피스/올인원,12000,2026-04-18,
1894,5월_여름 반려동물 의류,2026-05-29,2026-06-16,200,699272,왕리본 도트 레이스 나시 원피스,프레이,원피스/올인원,10000,2025-04-26,
1894,5월_여름 반려동물 의류,2026-05-29,2026-06-16,201,973228,쿨매쉬 나시 원피스,프레이,원피스/올인원,12000,2026-05-22,
1894,5월_여름 반려동물 의류,2026-05-29,2026-06-16,202,937380,해충방지 왕리본 올인원,프레이,원피스/올인원,13000,2026-04-08,
1894,5월_여름 반려동물 의류,2026-05-29,2026-06-16,203,922259,미니가든 레이스 나시티셔츠,프레이,티셔츠/나시,11000,2026-03-24,
1894,5월_여름 반려동물 의류,2026-05-29,2026-06-16,204,667083,발레코어 골지 리본 레이스 나시 티셔츠,프레이,티셔츠/나시,10000,2025-03-26,
1894,5월_여름 반려동물 의류,2026-05-29,2026-06-16,205,730743,발레코어 스트라이프 쿨나시티,프레이,티셔츠/나시,10000,2025-06-23,
1894,5월_여름 반려동물 의류,2026-05-29,2026-06-16,206,776417,프레이 강아지옷 하트 레이스 티셔츠,프레이,티셔츠/나시,11000,2025-09-03,
1894,5월_여름 반려동물 의류,2026-05-29,2026-06-16,207,18513,나비 망사 나시 강아지옷 애견의류,한스독,티셔츠/나시,8000,2021-07-28,
1894,5월_여름 반려동물 의류,2026-05-29,2026-06-16,208,18518,데이지 망사 나시 강아지옷 애견의류,한스독,티셔츠/나시,7000,2021-07-28,
1894,5월_여름 반려동물 의류,2026-05-29,2026-06-16,209,53626,들꽃 시스루 나시 강아지옷 애견의류,한스독,티셔츠/나시,7000,2022-04-08,
1894,5월_여름 반려동물 의류,2026-05-29,2026-06-16,210,18515,레이스꽃 나시 강아지옷 애견의류,한스독,티셔츠/나시,7000,2021-07-28,
1894,5월_여름 반려동물 의류,2026-05-29,2026-06-16,211,727745,밀리터리 메쉬 나시,한스독,티셔츠/나시,7000,2025-06-16,
1894,5월_여름 반려동물 의류,2026-05-29,2026-06-16,212,72960,벌룬 레이스 나시 강아지옷 애견의류,한스독,티셔츠/나시,8000,2022-06-20,
1894,5월_여름 반려동물 의류,2026-05-29,2026-06-16,213,71496,벌룬 망사 나시 강아지옷 애견의류,한스독,티셔츠/나시,9000,2022-06-14,
1894,5월_여름 반려동물 의류,2026-05-29,2026-06-16,214,693445,다이어트 쿨수트(강아지옷),허그미,원피스/올인원,10000,2025-04-21,
1894,5월_여름 반려동물 의류,2026-05-29,2026-06-16,215,443885,하트 시스루 해충방지 올인원,허그미,원피스/올인원,12000,2024-07-16,
1895,5월_여름 키링,2026-05-29,2026-06-16,0,701280,크리스탈 조개 투명한 물고기 피쉬 키링 폰줄 바다 여름 제주도 여수 강릉 소품샵 가방걸이,위드삐삐마켓,키링/가방악세사리,1600,2025-04-29,Y
1895,5월_여름 키링,2026-05-29,2026-06-16,1,748620,(일본정품) 태닝키티 하와이안 쿠션키링,옐로맨션,키링/가방악세사리,4100,2025-08-09,Y
1895,5월_여름 키링,2026-05-29,2026-06-16,2,874584,(일본정품) 헬로키티 머메이드 진주 백참 3종,옐로맨션,키링/가방악세사리,22500,2026-01-22,Y
1895,5월_여름 키링,2026-05-29,2026-06-16,3,488452,(일본정품) 산리오 파르페 키링 열쇠고리,옐로맨션,키링/가방악세사리,2200,2024-08-28,Y
1895,5월_여름 키링,2026-05-29,2026-06-16,4,682354,토마토?? 키링 열쇠고리,릴리,키링/가방악세사리,1500,2025-04-10,
1895,5월_여름 키링,2026-05-29,2026-06-16,5,962506,(일본정품) 헬로키티 포켓키체인 3종,옐로맨션,키링/가방악세사리,2200,2026-05-08,Y
1895,5월_여름 키링,2026-05-29,2026-06-16,6,796426,(일본정품) 산리오 마이멜로디 방울스트랩,옐로맨션,키링/가방악세사리,2200,2025-09-26,Y
1895,5월_여름 키링,2026-05-29,2026-06-16,7,849383,(일본정품) 산리오 시나모롤 방울스트랩,옐로맨션,키링/가방악세사리,2200,2025-12-12,Y
1895,5월_여름 키링,2026-05-29,2026-06-16,8,796423,(일본정품) 산리오 헬로키티 방울스트랩,옐로맨션,키링/가방악세사리,2200,2025-09-26,Y
1895,5월_여름 키링,2026-05-29,2026-06-16,9,952963,(일본정품) 산리오캐릭터즈 랜덤 아크릴 키체인,옐로맨션,키링/가방악세사리,2200,2026-04-23,Y
1895,5월_여름 키링,2026-05-29,2026-06-16,10,898668,(일본정품) 산리오캐릭터즈 롤러지우개스타일 열쇠고리 가챠 5종세트,옐로맨션,키링/가방악세사리,23500,2026-02-17,Y
1895,5월_여름 키링,2026-05-29,2026-06-16,11,973476,(일본정품) 산리오캐릭터즈 바구니 마스코트 가챠 5종세트,옐로맨션,키링/가방악세사리,27600,2026-05-23,Y
1895,5월_여름 키링,2026-05-29,2026-06-16,12,934233,(일본정품) 산리오캐릭터즈 반사 키체인 4종,옐로맨션,키링/가방악세사리,2200,2026-04-06,Y
1895,5월_여름 키링,2026-05-29,2026-06-16,13,973875,(일본정품) 산리오캐릭터즈 테이크아웃 아메리칸다이너 가챠 5종세트,옐로맨션,키링/가방악세사리,27600,2026-05-24,Y
1895,5월_여름 키링,2026-05-29,2026-06-16,14,746775,일본푸딩키링 랜덤세트 (1세트 4종),옐로맨션,키링/가방악세사리,8800,2025-08-06,Y
1895,5월_여름 키링,2026-05-29,2026-06-16,15,527828,진주 리본 하트 키링,옐로맨션,키링/가방악세사리,2000,2024-10-23,Y
1895,5월_여름 키링,2026-05-29,2026-06-16,16,971289,푸드 아크릴 거울 키링 4종,옐로맨션,키링/가방악세사리,4500,2026-05-20,Y
1895,5월_여름 키링,2026-05-29,2026-06-16,17,551676,하트 선글라스 고양이 백참 열쇠고리 5종,옐로맨션,키링/가방악세사리,1500,2024-11-11,Y
1895,5월_여름 키링,2026-05-29,2026-06-16,18,959408,(제작) 조개가 들어있는 조개 키링 (써지컬스틸),감성놀이,키링/가방악세사리,3300,2026-05-04,Y
1895,5월_여름 키링,2026-05-29,2026-06-16,19,857400,(제작) 토마토 키링 비즈  폰줄 스트랩,감성놀이,키링/가방악세사리,1000,2025-12-30,Y
1895,5월_여름 키링,2026-05-29,2026-06-16,20,972512,금붕어 큐브 미니 말랑이 스퀴시 (사진사용 x),감성놀이,키링/가방악세사리,1400,2026-05-21,Y
1895,5월_여름 키링,2026-05-29,2026-06-16,21,861728,냥발바닥 키캡  led 키링 키보드 클리커 클릭커,감성놀이,키링/가방악세사리,1900,2026-01-10,Y
1895,5월_여름 키링,2026-05-29,2026-06-16,22,958170,돌고래 후우링 키링 풍경 조개,감성놀이,키링/가방악세사리,2000,2026-04-30,Y
1895,5월_여름 키링,2026-05-29,2026-06-16,23,959641,문어 문어 꼬치 키링 ???? 네잎클로버,감성놀이,키링/가방악세사리,2500,2026-05-05,Y
1895,5월_여름 키링,2026-05-29,2026-06-16,24,854142,물고기 클로버 비즈 키링 스트랩,감성놀이,키링/가방악세사리,2200,2025-12-22,Y
1895,5월_여름 키링,2026-05-29,2026-06-16,25,968395,바다 수영 친구들 키캡 키링 키보드 led 치이카와 물개 조개,감성놀이,키링/가방악세사리,2500,2026-05-15,Y
1895,5월_여름 키링,2026-05-29,2026-06-16,26,956454,바다가 담긴 유리병 키링,감성놀이,키링/가방악세사리,2000,2026-04-28,Y
1895,5월_여름 키링,2026-05-29,2026-06-16,27,876669,빵북이 키캡 led 키링 클리커 거북이,감성놀이,키링/가방악세사리,2000,2026-01-24,Y
1895,5월_여름 키링,2026-05-29,2026-06-16,28,919712,뻐끔뻐끔 줄무늬 물고기 목걸이 / 키링,감성놀이,키링/가방악세사리,1800,2026-03-22,Y
1895,5월_여름 키링,2026-05-29,2026-06-16,29,846814,뻐끔뻐끔 흰동가리 도자기 키링,감성놀이,키링/가방악세사리,2400,2025-12-08,Y
1895,5월_여름 키링,2026-05-29,2026-06-16,30,846899,생선을 물고 간 고양이 키링,감성놀이,키링/가방악세사리,1900,2025-12-08,Y
1895,5월_여름 키링,2026-05-29,2026-06-16,31,846813,생선을 좋아하는 새침 고양이 키링,감성놀이,키링/가방악세사리,2500,2025-12-08,Y
1895,5월_여름 키링,2026-05-29,2026-06-16,32,878369,세잎 네잎클로버 토끼 키링,감성놀이,키링/가방악세사리,2500,2026-01-26,Y
1895,5월_여름 키링,2026-05-29,2026-06-16,33,958813,수박 한통 ?? 키링,감성놀이,키링/가방악세사리,2000,2026-05-02,Y
1895,5월_여름 키링,2026-05-29,2026-06-16,34,965132,수영하러 가요 키링 수영,감성놀이,키링/가방악세사리,2500,2026-05-12,Y
1895,5월_여름 키링,2026-05-29,2026-06-16,35,873001,왕 클리커 키보드 키링 타자기소리???? 네잎클로버 야구,감성놀이,키링/가방악세사리,3500,2026-01-21,Y
1895,5월_여름 키링,2026-05-29,2026-06-16,36,864278,클로버 토마토 거북이 키캡  led 키링 키보드 클리커 클릭커,감성놀이,키링/가방악세사리,2500,2026-01-13,Y
1895,5월_여름 키링,2026-05-29,2026-06-16,37,968054,토마토 꼬치 구이 키링 키홀더,감성놀이,키링/가방악세사리,1800,2026-05-15,Y
1895,5월_여름 키링,2026-05-29,2026-06-16,38,915132,푸른 바다 속 키링 ??,감성놀이,키링/가방악세사리,3800,2026-03-14,Y
1895,5월_여름 키링,2026-05-29,2026-06-16,39,848113,행운의 종이학 키링 네잎클로버 (제작),감성놀이,키링/가방악세사리,1900,2025-12-10,Y
1895,5월_여름 키링,2026-05-29,2026-06-16,40,898663,행운의 푸른 물고기 키링 비즈 클로버,감성놀이,키링/가방악세사리,1400,2026-02-17,Y
1895,5월_여름 키링,2026-05-29,2026-06-16,41,966327,헤드셋 키링 별모양 별키링 헤드폰 이어폰 에어팟,감성놀이,키링/가방악세사리,1400,2026-05-13,Y
1895,5월_여름 키링,2026-05-29,2026-06-16,42,860999,금붕어키링 동물 물고기 키링 핸드폰줄 핸드폰고리 열쇠고리 백참 키홀더 소품샵 KR1060,데이오프,키링/가방악세사리,2000,2026-01-08,Y
1895,5월_여름 키링,2026-05-29,2026-06-16,43,903894,넘버키링 키홀더 가방고리 백팩 파우치 열쇠고리 숄더백 백참 주사위 키링 KR1110,데이오프,키링/가방악세사리,3000,2026-02-25,Y
1895,5월_여름 키링,2026-05-29,2026-06-16,44,860644,리본돌고래 핸드폰줄 핸드폰고리 돌핀 키링 하트 백참 폰스트랩 행운템 우정템 KR1058,데이오프,키링/가방악세사리,1900,2026-01-08,Y
1895,5월_여름 키링,2026-05-29,2026-06-16,45,865557,리틀본키링 핸드폰줄 핸드폰고리 폰스트랩 스트랩키링 백참 폰꾸미기 y2k KR1081,데이오프,키링/가방악세사리,1800,2026-01-14,Y
1895,5월_여름 키링,2026-05-29,2026-06-16,46,860702,메모키링 컬러 랜덤발송 장난감 토이 가방키링 백참 가방꾸미기 레트로 y2k KR1057,데이오프,키링/가방악세사리,2000,2026-01-08,Y
1895,5월_여름 키링,2026-05-29,2026-06-16,47,895856,멜론베어 키링 과일 인형 백참 가방키링 백팩 가방꾸미기 과일키링 과일인형 키치 KR1082,데이오프,키링/가방악세사리,1800,2026-02-11,Y
1895,5월_여름 키링,2026-05-29,2026-06-16,48,865574,멜론베어 키링 과일 인형 백참 가방키링 백팩 가방꾸미기 열쇠고리 키홀더 KR1082,데이오프,키링/가방악세사리,1600,2026-01-14,Y
1895,5월_여름 키링,2026-05-29,2026-06-16,49,861017,미니사과 키링 핸드폰줄 핸드폰고리 애플 폰스트랩 폰꾸미기 백참 가방고리 KR1061,데이오프,키링/가방악세사리,1500,2026-01-08,Y
1895,5월_여름 키링,2026-05-29,2026-06-16,50,868051,바나나 키링 인형 솜인형 가방키링 백참 가방꾸미기 과일 잡화점 소품샵 가챠 KR1084,데이오프,키링/가방악세사리,1800,2026-01-16,Y
1895,5월_여름 키링,2026-05-29,2026-06-16,51,839035,바다조개 키링 핸드폰줄 핸드폰고리 열쇠고리 키홀더 폰스트랩 파우치고리 소품샵 KR1001,데이오프,키링/가방악세사리,1800,2025-11-27,Y
1895,5월_여름 키링,2026-05-29,2026-06-16,52,839174,블루키 키링 핸드폰줄 핸드폰고리 백참 폰고리 폰스트랩 날개 엔젤 y2k 리본 KR1003,데이오프,키링/가방악세사리,1900,2025-11-27,Y
1895,5월_여름 키링,2026-05-29,2026-06-16,53,868180,세일 핑크나비키링 열쇠고리 백참 핸드폰고리 핸드폰스트랩 가방꾸미기 KR327,데이오프,키링/가방악세사리,1300,2026-01-16,Y
1895,5월_여름 키링,2026-05-29,2026-06-16,54,968503,수박키링 당도최고 여름과일 과일키링 핸드폰스트랩 가방고리 소품샵 잡화점 키치 KR1193,데이오프,키링/가방악세사리,1200,2026-05-16,Y
1895,5월_여름 키링,2026-05-29,2026-06-16,55,865386,실버돌핀 키링 핸드폰줄 핸드폰고리 열쇠고리 키홀더 돌고래 스타 바다 백참 1071,데이오프,키링/가방악세사리,1700,2026-01-14,Y
1895,5월_여름 키링,2026-05-29,2026-06-16,56,921837,실버키키링 핸드폰줄 핸드폰고리 가방고리 백참 열쇠고리 키홀더 KR1142,데이오프,키링/가방악세사리,1800,2026-03-24,Y
1895,5월_여름 키링,2026-05-29,2026-06-16,57,864682,아오리 키링 사과 그린 애플 핸드폰줄 핸드폰고리 천사 엔젤 과일키링 KR1069,데이오프,키링/가방악세사리,1900,2026-01-13,Y
1895,5월_여름 키링,2026-05-29,2026-06-16,58,849395,언더더씨 키링 핸드폰줄 핸드폰고리 폰스트랩 블루 열쇠고리 돌고래 바다 조개 KR1012,데이오프,키링/가방악세사리,1800,2025-12-12,Y
1895,5월_여름 키링,2026-05-29,2026-06-16,59,839159,젤리피쉬 별키링 스타키링 해파리 열쇠고리 키홀더 백참 소품샵 잡화점 가방꾸미기 KR1002,데이오프,키링/가방악세사리,2000,2025-11-27,Y
1895,5월_여름 키링,2026-05-29,2026-06-16,60,848654,초록이스트랩 핸드폰줄 핸드폰스트랩 비즈스트랩 클로버 크로바 행운템 럭키템 KR1008,데이오프,키링/가방악세사리,3300,2025-12-11,Y
1895,5월_여름 키링,2026-05-29,2026-06-16,61,879681,토깽이키링 토끼 봉제인형 키링 래빗 가방꾸미기 백참 열쇠고리 키홀더 가챠 KR1086,데이오프,키링/가방악세사리,1000,2026-01-27,Y
1895,5월_여름 키링,2026-05-29,2026-06-16,62,924097,토마토버튼 핸드폰줄 핸드폰고리 폰스트랩 백참 폰꾸미기 키링 소품샵 가방꾸미기 KR1154,데이오프,키링/가방악세사리,1900,2026-03-26,Y
1895,5월_여름 키링,2026-05-29,2026-06-16,63,959614,토마토별키링 과일키링 채소키링 TOMATO 음식키링 가방고리 백참 키치 KR1189,데이오프,키링/가방악세사리,1200,2026-05-05,Y
1895,5월_여름 키링,2026-05-29,2026-06-16,64,919244,포피키링 핸드폰줄 핸드폰고리 핑크 폰꾸미기 폰꾸 하트 y2k 가방고리 파우치 KR1141,데이오프,키링/가방악세사리,1900,2026-03-20,Y
1895,5월_여름 키링,2026-05-29,2026-06-16,65,838948,하트피치 키링 핸드폰줄 핸드폰고리 모바일 악세사리 열쇠고리 백참 폰스트랩 KR1000,데이오프,키링/가방악세사리,2000,2025-11-27,Y
1895,5월_여름 키링,2026-05-29,2026-06-16,66,868136,흰구름키링 구름 핸드폰스트랩 키링 포크 백참 가방꾸미기 소품샵 KR733,데이오프,키링/가방악세사리,1000,2026-01-16,Y
1895,5월_여름 키링,2026-05-29,2026-06-16,67,906771,led키캡 과일거북이 4종 키캡키링 클릭커,체리잡화점,키링/가방악세사리,1900,2026-02-28,Y
1895,5월_여름 키링,2026-05-29,2026-06-16,68,902880,led키캡 딸기우유 핑크키링 클릭커 키캡키링,체리잡화점,키링/가방악세사리,1800,2026-02-24,Y
1895,5월_여름 키링,2026-05-29,2026-06-16,69,924470,led키캡 러블리 하트단추 리본 키캡키링 클릭커,체리잡화점,키링/가방악세사리,3200,2026-03-26,Y
1895,5월_여름 키링,2026-05-29,2026-06-16,70,899169,led키캡 바다조개 키캡키링 클릭커키링 조개키링,체리잡화점,키링/가방악세사리,1900,2026-02-18,Y
1895,5월_여름 키링,2026-05-29,2026-06-16,71,976582,New?? Led키캡 딸기크레페 키캡키링,체리잡화점,키링/가방악세사리,2100,2026-05-29,Y
1895,5월_여름 키링,2026-05-29,2026-06-16,72,924722,?? led키캡2구 토마토 키캡키링,체리잡화점,키링/가방악세사리,3100,2026-03-27,Y
1895,5월_여름 키링,2026-05-29,2026-06-16,73,907825,?? 과일거북이 키캡뚜껑,체리잡화점,키링/가방악세사리,800,2026-03-03,Y
1895,5월_여름 키링,2026-05-29,2026-06-16,74,899110,?? ab 바다 돌고래3종 폰줄 충전단자캡 키링 여름키링,체리잡화점,키링/가방악세사리,1400,2026-02-18,Y
1895,5월_여름 키링,2026-05-29,2026-06-16,75,884134,???? led키캡 거북이&클로버 키캡키링 클릭커 거북이키캡 클로버키캡,체리잡화점,키링/가방악세사리,1900,2026-02-01,Y
1895,5월_여름 키링,2026-05-29,2026-06-16,76,861255,상큼>< 오렌지 귤조각 쿠우 폰줄 키링 제주소품,체리잡화점,키링/가방악세사리,1400,2026-01-09,Y
1895,5월_여름 키링,2026-05-29,2026-06-16,77,716460,수줍은 거북이 폰줄/ 키링,체리잡화점,키링/가방악세사리,1300,2025-05-22,Y
1895,5월_여름 키링,2026-05-29,2026-06-16,78,976425,신상New?? 노란 콘부기 거북이키링 두꺼운지퍼백키링,체리잡화점,키링/가방악세사리,1500,2026-05-28,Y
1895,5월_여름 키링,2026-05-29,2026-06-16,79,740052,야광 별바다 해달 폰줄/ 키링 소품샵추천,체리잡화점,키링/가방악세사리,1350,2025-07-20,Y
1895,5월_여름 키링,2026-05-29,2026-06-16,80,858242,조개 품은 바다 해달 폰줄 키링 충전단자캡,체리잡화점,키링/가방악세사리,1400,2026-01-02,Y
1895,5월_여름 키링,2026-05-29,2026-06-16,81,721953,천사 날개펄 폰줄/ 키링/ 충전단자캡,체리잡화점,키링/가방악세사리,900,2025-06-04,Y
1895,5월_여름 키링,2026-05-29,2026-06-16,82,722668,헤드셋 키링,체리잡화점,키링/가방악세사리,1800,2025-06-04,Y
1895,5월_여름 키링,2026-05-29,2026-06-16,83,597399,[ETC1085] 과일팩군번줄키링,엔유이,키링/가방악세사리,2000,2025-01-15,Y
1895,5월_여름 키링,2026-05-29,2026-06-16,84,628440,[ETC1111] 물고기봉투키링/핸드폰줄,엔유이,키링/가방악세사리,2000,2025-02-16,Y
1895,5월_여름 키링,2026-05-29,2026-06-16,85,628688,[ETC1118] 드롭비즈키링,엔유이,키링/가방악세사리,4000,2025-02-16,Y
1895,5월_여름 키링,2026-05-29,2026-06-16,86,630876,[ETC1121] 핸드메이드튤립키링,엔유이,키링/가방악세사리,8000,2025-02-18,Y
1895,5월_여름 키링,2026-05-29,2026-06-16,87,630920,[ETC1128] 실버방울키링,엔유이,키링/가방악세사리,6500,2025-02-18,Y
1895,5월_여름 키링,2026-05-29,2026-06-16,88,630925,[ETC1129] 토마토키링,엔유이,키링/가방악세사리,2000,2025-02-18,Y
1895,5월_여름 키링,2026-05-29,2026-06-16,89,701369,[ETC1208] 와이어유리꽃키링,엔유이,키링/가방악세사리,3000,2025-04-29,Y
1895,5월_여름 키링,2026-05-29,2026-06-16,90,705594,[ETC1216] 오렌지유리키링,엔유이,키링/가방악세사리,4000,2025-05-05,Y
1895,5월_여름 키링,2026-05-29,2026-06-16,91,705599,[ETC1220] 방울꽃키링/핸드폰줄,엔유이,키링/가방악세사리,4000,2025-05-05,Y
1895,5월_여름 키링,2026-05-29,2026-06-16,92,755539,[ETC1344] 물고기꽃키링,엔유이,키링/가방악세사리,3000,2025-08-15,Y
1895,5월_여름 키링,2026-05-29,2026-06-16,93,762123,[ETC1362] 아크릴나비빗키링,엔유이,키링/가방악세사리,4000,2025-08-24,Y
1895,5월_여름 키링,2026-05-29,2026-06-16,94,762124,[ETC1363] 하트초콜렛키링,엔유이,키링/가방악세사리,4000,2025-08-24,Y
1895,5월_여름 키링,2026-05-29,2026-06-16,95,771234,[ETC1370] 미니과일펠트키링,엔유이,키링/가방악세사리,3000,2025-08-29,Y
1895,5월_여름 키링,2026-05-29,2026-06-16,96,864015,[ETC1507] 별빛타원후로킹키링(엔유이제작),엔유이,키링/가방악세사리,4500,2026-01-13,Y
1895,5월_여름 키링,2026-05-29,2026-06-16,97,865478,[ETC1510] 컬러믹스캐릭터키캡키링(미송필수),엔유이,키링/가방악세사리,5500,2026-01-14,Y
1895,5월_여름 키링,2026-05-29,2026-06-16,98,876909,[ETC1511] 귤키링,엔유이,키링/가방악세사리,3000,2026-01-25,Y
1895,5월_여름 키링,2026-05-29,2026-06-16,99,880714,[ETC1520] 실버볼4구키캡키링,엔유이,키링/가방악세사리,5500,2026-01-28,Y
1895,5월_여름 키링,2026-05-29,2026-06-16,100,880778,[ETC1521] 금속하트키캡키링(엔유이제작),엔유이,키링/가방악세사리,4500,2026-01-28,Y
1895,5월_여름 키링,2026-05-29,2026-06-16,101,914533,[ETC1546] 그린도트로제트(엔유이제작),엔유이,키링/가방악세사리,6000,2026-03-12,Y
1895,5월_여름 키링,2026-05-29,2026-06-16,102,914536,[ETC1547] 스트라이프로제트(엔유이제작),엔유이,키링/가방악세사리,5500,2026-03-12,Y
1895,5월_여름 키링,2026-05-29,2026-06-16,103,914547,[ETC1550] 알록축키캡키링,엔유이,키링/가방악세사리,5000,2026-03-12,Y
1895,5월_여름 키링,2026-05-29,2026-06-16,104,917228,[ETC1556] 오니기리키링,엔유이,키링/가방악세사리,4000,2026-03-17,Y
1895,5월_여름 키링,2026-05-29,2026-06-16,105,917236,[ETC1558] 바캉스키캡키링,엔유이,키링/가방악세사리,5000,2026-03-17,Y
1895,5월_여름 키링,2026-05-29,2026-06-16,106,918508,[ETC1564] 체크패턴로제트(엔유이제작),엔유이,키링/가방악세사리,6500,2026-03-19,Y
1895,5월_여름 키링,2026-05-29,2026-06-16,107,918509,[ETC1565] 3블랙단추로제트(엔유이제작),엔유이,키링/가방악세사리,5000,2026-03-19,Y
1895,5월_여름 키링,2026-05-29,2026-06-16,108,918510,[ETC1566] 러브체크로제트(엔유이제작),엔유이,키링/가방악세사리,6000,2026-03-19,Y
1895,5월_여름 키링,2026-05-29,2026-06-16,109,950853,[ETC1599] 딸기단추키캡키링,엔유이,키링/가방악세사리,3000,2026-04-21,Y
1895,5월_여름 키링,2026-05-29,2026-06-16,110,952506,[ETC1601] 별포인트티셔츠키링(엔유이제작),엔유이,키링/가방악세사리,5500,2026-04-22,Y
1895,5월_여름 키링,2026-05-29,2026-06-16,111,968999,구슬포인,치치(CHI CHI),키링/가방악세사리,2500,2026-05-17,
1895,5월_여름 키링,2026-05-29,2026-06-16,112,969595,귀욤꽃3,치치(CHI CHI),키링/가방악세사리,1500,2026-05-18,
1895,5월_여름 키링,2026-05-29,2026-06-16,113,968596,꽃방울이5,치치(CHI CHI),키링/가방악세사리,700,2026-05-16,
1895,5월_여름 키링,2026-05-29,2026-06-16,114,968598,동물방울이,치치(CHI CHI),키링/가방악세사리,1000,2026-05-16,
1895,5월_여름 키링,2026-05-29,2026-06-16,115,971865,딸기친구2,치치(CHI CHI),키링/가방악세사리,1800,2026-05-21,
1895,5월_여름 키링,2026-05-29,2026-06-16,116,969001,리본음료4,치치(CHI CHI),키링/가방악세사리,2800,2026-05-17,
1895,5월_여름 키링,2026-05-29,2026-06-16,117,969002,바다로,치치(CHI CHI),키링/가방악세사리,1500,2026-05-17,
1895,5월_여름 키링,2026-05-29,2026-06-16,118,969059,바다스트랩,치치(CHI CHI),키링/가방악세사리,2500,2026-05-17,
1895,5월_여름 키링,2026-05-29,2026-06-16,119,968845,바다와4,치치(CHI CHI),키링/가방악세사리,1000,2026-05-17,
1895,5월_여름 키링,2026-05-29,2026-06-16,120,968846,바다와롱,치치(CHI CHI),키링/가방악세사리,1000,2026-05-17,
1895,5월_여름 키링,2026-05-29,2026-06-16,121,968847,바다와아발론,치치(CHI CHI),키링/가방악세사리,1500,2026-05-17,
1895,5월_여름 키링,2026-05-29,2026-06-16,122,969057,바다친구,치치(CHI CHI),키링/가방악세사리,1000,2026-05-17,
1895,5월_여름 키링,2026-05-29,2026-06-16,123,968597,발바닥방울이,치치(CHI CHI),키링/가방악세사리,1000,2026-05-16,
1895,5월_여름 키링,2026-05-29,2026-06-16,124,969596,블루씨2,치치(CHI CHI),키링/가방악세사리,1500,2026-05-18,
1895,5월_여름 키링,2026-05-29,2026-06-16,125,973040,블루플라워,치치(CHI CHI),키링/가방악세사리,3800,2026-05-22,
1895,5월_여름 키링,2026-05-29,2026-06-16,126,969594,비즈프르티,치치(CHI CHI),키링/가방악세사리,2000,2026-05-18,
1895,5월_여름 키링,2026-05-29,2026-06-16,127,968592,뽕뽕꽃4,치치(CHI CHI),키링/가방악세사리,2500,2026-05-16,
1895,5월_여름 키링,2026-05-29,2026-06-16,128,971868,쉘신호키캡,치치(CHI CHI),키링/가방악세사리,2200,2026-05-21,
1895,5월_여름 키링,2026-05-29,2026-06-16,129,974727,실버볼롱리본,치치(CHI CHI),키링/가방악세사리,3500,2026-05-26,
1895,5월_여름 키링,2026-05-29,2026-06-16,130,969597,아이스크림4,치치(CHI CHI),키링/가방악세사리,800,2026-05-18,
1895,5월_여름 키링,2026-05-29,2026-06-16,131,971864,애플타임,치치(CHI CHI),키링/가방악세사리,2000,2026-05-21,
1895,5월_여름 키링,2026-05-29,2026-06-16,132,971861,클로버 2,치치(CHI CHI),키링/가방악세사리,1800,2026-05-21,
1895,5월_여름 키링,2026-05-29,2026-06-16,133,968594,투명플라워방울이,치치(CHI CHI),키링/가방악세사리,1000,2026-05-16,
1895,5월_여름 키링,2026-05-29,2026-06-16,134,968299,플라키캡,치치(CHI CHI),키링/가방악세사리,2500,2026-05-15,
1895,5월_여름 키링,2026-05-29,2026-06-16,135,963187,12구 LED 뽑기 소품샵 키캡 키링 딸깍이 스포츠 공 열쇠고리 차키 가방고리 가방키링,위드삐삐마켓,키링/가방악세사리,2800,2026-05-08,Y
1895,5월_여름 키링,2026-05-29,2026-06-16,136,971663,3구 완제 고양이 KT 헤드셋 음악 LED 캐릭터 야광 불빛 키캡 키링 컬러 딸깍이 클리커,위드삐삐마켓,키링/가방악세사리,4000,2026-05-20,Y
1895,5월_여름 키링,2026-05-29,2026-06-16,137,971658,3구 완제 동물 양 토끼 하트 LED 캐릭터 야광 불빛 키캡 키링 컬러 키보드 자판 딸깍이,위드삐삐마켓,키링/가방악세사리,4000,2026-05-20,Y
1895,5월_여름 키링,2026-05-29,2026-06-16,138,971662,3구 완제 야채 채소 당근 호박 가지 브로콜리 버섯 LED 캐릭터 야광 불빛 키캡 키링 컬,위드삐삐마켓,키링/가방악세사리,4000,2026-05-20,Y
1895,5월_여름 키링,2026-05-29,2026-06-16,139,931221,4구 돌고래 돌핀 여름 제주도 아쿠아리움 동물 LED 야광 불빛 키캡 키링 컬러 키보드,위드삐삐마켓,키링/가방악세사리,5000,2026-04-02,Y
1895,5월_여름 키링,2026-05-29,2026-06-16,140,931218,4구 코끼리 토끼 개구리 강아지 동물 LED 야광 불빛 키캡 키링 컬러 키보드 자판 딸깍이,위드삐삐마켓,키링/가방악세사리,5000,2026-04-02,Y
1895,5월_여름 키링,2026-05-29,2026-06-16,141,844367,ver 2 귤 오렌지 한라봉 제주도 과일 파우치 별 DIY 키링 열쇠고리 폰줄 가방꾸미기,위드삐삐마켓,키링/가방악세사리,1500,2025-12-04,Y
1895,5월_여름 키링,2026-05-29,2026-06-16,142,881013,고래 범고래 물개 바다 제주도 강릉 아쿠아리움 소품샵 폰줄 키링 열쇠고리 차키 가방고리 가,위드삐삐마켓,키링/가방악세사리,900,2026-01-28,Y
1895,5월_여름 키링,2026-05-29,2026-06-16,143,902564,과일 체리 앵두 리본 키링 폰줄 하트 포인트 행운 소품샵 기념품샵,위드삐삐마켓,키링/가방악세사리,1100,2026-02-24,Y
1895,5월_여름 키링,2026-05-29,2026-06-16,144,950818,동물 친구들 오리 다람쥐 수달 카피바라 키링 폰줄 포인트 행운 포인트 소품샵 사은품,위드삐삐마켓,키링/가방악세사리,900,2026-04-21,Y
1895,5월_여름 키링,2026-05-29,2026-06-16,145,901142,문어 오징어 아쿠아리움 컬러 알록달록 비비드 DIY 키링 열쇠고리 폰줄 가방꾸미기 포인트,위드삐삐마켓,키링/가방악세사리,1000,2026-02-23,Y
1895,5월_여름 키링,2026-05-29,2026-06-16,146,860406,별 물고기 조개 껍질 불가사리 키링 고동 등대 소라 바다 여름 제주도 여수 강릉 소품샵 가,위드삐삐마켓,키링/가방악세사리,2200,2026-01-07,Y
1895,5월_여름 키링,2026-05-29,2026-06-16,147,860407,블루 물고기 조개 불가사리 키링 폰줄 고동 등대 소라 바다 여름 제주도 여수 강릉 소품샵,위드삐삐마켓,키링/가방악세사리,2500,2026-01-07,Y
1895,5월_여름 키링,2026-05-29,2026-06-16,148,860405,소라 물고기 조개 껍질 불가사리 키링 고동 등대 소라 바다 여름 제주도 여수 강릉 소품샵,위드삐삐마켓,키링/가방악세사리,2000,2026-01-07,Y
1895,5월_여름 키링,2026-05-29,2026-06-16,149,881008,수달 고래 범고래 물개 바다 제주도 강릉 아쿠아리움 소품샵 폰줄 키링 열쇠고리 차키 가방고,위드삐삐마켓,키링/가방악세사리,900,2026-01-28,Y
1895,5월_여름 키링,2026-05-29,2026-06-16,150,902568,수달 물개 물고기 키링 아쿠아리움 제주도 여수 강릉 소품샵 기념품샵 포인트 기본,위드삐삐마켓,키링/가방악세사리,1150,2026-02-24,Y
1895,5월_여름 키링,2026-05-29,2026-06-16,151,850430,야채 채소 토마토 옥수수 감자 양배추 버섯 키링 폰줄 핸드폰고리 귀여운 소품샵 선물 판촉,위드삐삐마켓,키링/가방악세사리,1250,2025-12-14,Y
1895,5월_여름 키링,2026-05-29,2026-06-16,152,881004,여름 파우치 수달 물개 바다 제주도 강릉 아쿠아리움 소품샵 폰줄 키링 열쇠고리 차키 가방고,위드삐삐마켓,키링/가방악세사리,1500,2026-01-28,Y
1895,5월_여름 키링,2026-05-29,2026-06-16,153,920964,자체제작 해변 모래 수영 서핑 알록달록 제주도 파우치 DIY 키링 열쇠고리 폰줄 가방꾸미기,위드삐삐마켓,키링/가방악세사리,1600,2026-03-23,Y
1895,5월_여름 키링,2026-05-29,2026-06-16,154,917221,자체제작 해변 튜브 수영 서핑 알록달록 제주도 파우치 DIY 키링 열쇠고리 폰줄 가방꾸미기,위드삐삐마켓,키링/가방악세사리,2200,2026-03-17,Y
1895,5월_여름 키링,2026-05-29,2026-06-16,155,950817,컬러 KT 캐릭터 미니 고양이 키링 폰줄 별 포인트 행운 포인트 소품샵 꾸미기,위드삐삐마켓,키링/가방악세사리,1100,2026-04-21,Y
1895,5월_여름 키링,2026-05-29,2026-06-16,156,971503,키링 거울 로케트 타원형 판촉물 기념품 자체제작 DIY 양면거울 미니 손거울,위드삐삐마켓,키링/가방악세사리,1250,2026-05-20,Y
1895,5월_여름 키링,2026-05-29,2026-06-16,157,928128,한라봉 귤 오렌지 알록달록 제주도 파우치 DIY 키링 열쇠고리 폰줄 가방꾸미기 포인트 소품,위드삐삐마켓,키링/가방악세사리,900,2026-03-30,Y
1895,5월_여름 키링,2026-05-29,2026-06-16,158,931331,LED 당고 마시멜로 식빵 키캡 키링 키캡키링,갓제트,키링/가방악세사리,2900,2026-04-02,Y
1895,5월_여름 키링,2026-05-29,2026-06-16,159,937372,LED 키보드 꾸미기 키캡 키링 키캡키링 고양이 고양이발,갓제트,키링/가방악세사리,2600,2026-04-08,Y
1895,5월_여름 키링,2026-05-29,2026-06-16,160,919367,다마고치 다마고찌 클리커 클릭커 키링,갓제트,키링/가방악세사리,3500,2026-03-20,Y
1895,5월_여름 키링,2026-05-29,2026-06-16,161,919365,케이크 케잌 클릭커 클리커 키링 키캡,갓제트,키링/가방악세사리,4000,2026-03-20,Y
1895,5월_여름 키링,2026-05-29,2026-06-16,162,919366,케잌 케이크 클릭커 클리커 키링 키캡 열쇠고리,갓제트,키링/가방악세사리,4500,2026-03-20,Y
1895,5월_여름 키링,2026-05-29,2026-06-16,163,924591,클리커 클릭커 다마고치 다마고찌 키링 키캡 딸깍이 3D 프린터,갓제트,키링/가방악세사리,4000,2026-03-26,Y
1895,5월_여름 키링,2026-05-29,2026-06-16,164,924592,클리커 클릭커 다마고치 다마고찌 키링 키캡 딸깍이 3D 프린터,갓제트,키링/가방악세사리,4000,2026-03-26,Y
1895,5월_여름 키링,2026-05-29,2026-06-16,165,922272,클리커 클릭커 딸깍이 키캡 만두 키링,갓제트,키링/가방악세사리,1500,2026-03-24,Y
1895,5월_여름 키링,2026-05-29,2026-06-16,166,931442,키링 꾸미기 키꾸 열쇠고리 털 하트,갓제트,키링/가방악세사리,900,2026-04-02,Y
1895,5월_여름 키링,2026-05-29,2026-06-16,167,931443,키링 꾸미기 키꾸 키링꾸미기 하트 카라비너,갓제트,키링/가방악세사리,480,2026-04-02,Y
1895,5월_여름 키링,2026-05-29,2026-06-16,168,931338,키캡 키링 키보드꾸미기 키꾸 6구 6버튼 키캡키링,갓제트,키링/가방악세사리,1900,2026-04-02,Y
1895,5월_여름 키링,2026-05-29,2026-06-16,169,933924,(녹음가능)카세트키링4종ver2,뉴마켓,키링/가방악세사리,3000,2026-04-06,
1895,5월_여름 키링,2026-05-29,2026-06-16,170,974561,미니부채키링세트(10개),뉴마켓,키링/가방악세사리,3000,2026-05-26,
1895,5월_여름 키링,2026-05-29,2026-06-16,171,968521,Led 가오리 오징어 키캡 키링 강원도 속초 강릉 동해 바다 제주,아수네잡화점,키링/가방악세사리,2200,2026-05-16,Y
1895,5월_여름 키링,2026-05-29,2026-06-16,172,950081,Led 과일 거북이 시리즈 4구 키캡 키링,아수네잡화점,키링/가방악세사리,5500,2026-04-20,Y
1895,5월_여름 키링,2026-05-29,2026-06-16,173,968957,Led 문어와 오징어 키캡 키링 바다 강원도 강릉 속초 제주 동해,아수네잡화점,키링/가방악세사리,2300,2026-05-17,Y
1895,5월_여름 키링,2026-05-29,2026-06-16,174,948300,Led 반짝 거북이 4구 키캡 키링,아수네잡화점,키링/가방악세사리,6000,2026-04-19,Y
1895,5월_여름 키링,2026-05-29,2026-06-16,175,968286,Led 사각 토마토 키캡 키링,아수네잡화점,키링/가방악세사리,2000,2026-05-15,Y
1895,5월_여름 키링,2026-05-29,2026-06-16,176,973263,Led 토마토 시리즈 네잎클로버 4구 키캡 키링,아수네잡화점,키링/가방악세사리,6500,2026-05-22,Y
1895,5월_여름 키링,2026-05-29,2026-06-16,177,963394,Led 해파리 신호등 4구 키캡 키링 동해 속초 강릉 제주,아수네잡화점,키링/가방악세사리,6500,2026-05-09,Y
1895,5월_여름 키링,2026-05-29,2026-06-16,178,963396,Led 해파리 키캡 키링 바다 동해 강릉 속초 제주,아수네잡화점,키링/가방악세사리,2200,2026-05-09,Y
1895,5월_여름 키링,2026-05-29,2026-06-16,179,963291,과일 거북이 키링,아수네잡화점,키링/가방악세사리,1600,2026-05-08,Y
1895,5월_여름 키링,2026-05-29,2026-06-16,180,939654,[감성캣츠] 들꽃 플라워 단추 진주 체크 잔체크 인형 키링,BROOKLYN nature,키링/가방악세사리,3500,2026-04-10,
1895,5월_여름 키링,2026-05-29,2026-06-16,181,958298,[마블하트] 캔디 하트 우드 단추 꽃 해마타이트 매듭 키링 폰꾸미기,BROOKLYN nature,키링/가방악세사리,4000,2026-04-30,
1895,5월_여름 키링,2026-05-29,2026-06-16,182,959230,[소라피쉬] 5color 물고기 소라 원석 도넛 키링 폰꾸 폰꾸미기,BROOKLYN nature,키링/가방악세사리,4000,2026-05-04,
1895,5월_여름 키링,2026-05-29,2026-06-16,183,969560,[스컬리] 조개 천연석 휴양지 써지컬스틸 핸드폰 키링 악세서리,BROOKLYN nature,키링/가방악세사리,3500,2026-05-18,
1895,5월_여름 키링,2026-05-29,2026-06-16,184,939754,[캔디팝] 체크 잔체크 사탕 인형 꽃 체크 단추 키링,BROOKLYN nature,키링/가방악세사리,3500,2026-04-10,
1895,5월_여름 키링,2026-05-29,2026-06-16,185,959974,[펄오션] 소라 자개 바다 해변 써지컬스틸 키링 핸드폰 가방 악세서리,BROOKLYN nature,키링/가방악세사리,3000,2026-05-06,
1895,5월_여름 키링,2026-05-29,2026-06-16,186,972195,[피쉬본] 현무암 원석 물고기 유니크 키링 폰꾸 핸드폰 가방 악세사리,BROOKLYN nature,키링/가방악세사리,3000,2026-05-21,
1895,5월_여름 키링,2026-05-29,2026-06-16,187,947462,과일키링) 로프 하트 오렌지 라임 레몬 키홀더 여름 딸기 과일 블랑,DDM82,키링/가방악세사리,7000,2026-04-17,
1895,5월_여름 키링,2026-05-29,2026-06-16,188,943891,과일키링_딸기(대) 키링 백참 비즈 귀여운 가방 미니 키홀더,DDM82,키링/가방악세사리,9000,2026-04-14,
1895,5월_여름 키링,2026-05-29,2026-06-16,189,943870,과일키링_딸기(소) 키링 백참 비즈 체리 귀여운 가방 미니 키홀더,DDM82,키링/가방악세사리,9000,2026-04-14,
1895,5월_여름 키링,2026-05-29,2026-06-16,190,943755,과일키링_체리) 키링 백참 비즈 체리 귀여운 가방꾸미기 키홀더,DDM82,키링/가방악세사리,9000,2026-04-14,
1895,5월_여름 키링,2026-05-29,2026-06-16,191,945165,로프키링) 블랙 별 레더 열쇠 하트 키홀더 가방 레터링,DDM82,키링/가방악세사리,10000,2026-04-15,
1895,5월_여름 키링,2026-05-29,2026-06-16,192,945132,로프키링) 야구공 곰돌이 큐빅 별 레이스 하트 키홀더 가방,DDM82,키링/가방악세사리,10000,2026-04-15,
1895,5월_여름 키링,2026-05-29,2026-06-16,193,945127,로프키링) 화이트꽃 진주 플라워 까멜 비즈 레이스 쉬폰 별 키홀더 가방,DDM82,키링/가방악세사리,12000,2026-04-15,
1895,5월_여름 키링,2026-05-29,2026-06-16,194,975098,아이스크림 디저트 케이크 모형 키링,뉴얼리 newerly,키링/가방악세사리,3000,2026-05-26,
1895,5월_여름 키링,2026-05-29,2026-06-16,195,936168,진주조개 LED 키보드 딸깍이 키캡 키링,뉴얼리 newerly,키링/가방악세사리,1700,2026-04-07,
1895,5월_여름 키링,2026-05-29,2026-06-16,196,963530,토마토 귤 과일 4구 키캡 키보드 키링 딸깍이 클릭커 (led아님),뉴얼리 newerly,키링/가방악세사리,2500,2026-05-10,
1895,5월_여름 키링,2026-05-29,2026-06-16,197,969587,블루 물고기 회사 사원증 명함택 키링 키홀더 펜던트,대지꿀꿀집,키링/가방악세사리,3500,2026-05-18,
1895,5월_여름 키링,2026-05-29,2026-06-16,198,960172,.개당2000 바닐라 아이스크림  클리커  키캡 키링(군번줄),더칼라,키링/가방악세사리,2000,2026-05-06,
1895,5월_여름 키링,2026-05-29,2026-06-16,199,959014,데일리샵 물고기 켓 고양이 키링 열쇠고리 가방고리 인형 악세사리,데일리샵,키링/가방악세사리,1200,2026-05-03,
1895,5월_여름 키링,2026-05-29,2026-06-16,200,959020,키캡키링 4구  레드 과일 LED 1팩 3000×10,디케이악세사리,키링/가방악세사리,30000,2026-05-03,
1895,5월_여름 키링,2026-05-29,2026-06-16,201,967129,물고기 아크릴 키링 1종,라온,키링/가방악세사리,500,2026-05-14,
1895,5월_여름 키링,2026-05-29,2026-06-16,202,967105,바다 친구들 말랑이 키링 (믹스),라온,키링/가방악세사리,700,2026-05-14,
1895,5월_여름 키링,2026-05-29,2026-06-16,203,938349,별 사과 토마토 스트랩 키링 2종,라온,키링/가방악세사리,900,2026-04-09,
1895,5월_여름 키링,2026-05-29,2026-06-16,204,938963,별 토마토 d고리 키링,라온,키링/가방악세사리,1400,2026-04-09,
1895,5월_여름 키링,2026-05-29,2026-06-16,205,938823,실버엔젤 별 키링,라온,키링/가방악세사리,1000,2026-04-09,
1895,5월_여름 키링,2026-05-29,2026-06-16,206,971757,제작/ 뜨개 콩알 애완 감자 토마토 미니 키링??,라유니크,키링/가방악세사리,1900,2026-05-20,
1895,5월_여름 키링,2026-05-29,2026-06-16,207,922524,바다키링,라익(like),키링/가방악세사리,2000,2026-03-25,
1895,5월_여름 키링,2026-05-29,2026-06-16,208,923442,(제작)과일키캡키링,라팡,키링/가방악세사리,1500,2026-03-25,
1895,5월_여름 키링,2026-05-29,2026-06-16,209,975058,후르츠애니멀빗키링,라팡,키링/가방악세사리,2000,2026-05-26,
1895,5월_여름 키링,2026-05-29,2026-06-16,210,957700,과일 키링 빗고리 휴대용 빗,로즈리본,키링/가방악세사리,2500,2026-04-30,
1895,5월_여름 키링,2026-05-29,2026-06-16,211,928216,100개단위//돌고래 조개 실버 키링 부자재 열쇠고리 재료,루씨드,키링/가방악세사리,18000,2026-03-30,
1895,5월_여름 키링,2026-05-29,2026-06-16,212,925959,y2k 키치 글리터 실버 날개 별 키링 엔젤코어 위시코어,바니유,키링/가방악세사리,1800,2026-03-27,
1895,5월_여름 키링,2026-05-29,2026-06-16,213,965998,40_토끼+리본+하트+별 4구 키캡키링,바르게 담다,키링/가방악세사리,3200,2026-05-13,
1895,5월_여름 키링,2026-05-29,2026-06-16,214,966000,41_토끼+디저트+별 4구 키캡키링,바르게 담다,키링/가방악세사리,3200,2026-05-13,
1895,5월_여름 키링,2026-05-29,2026-06-16,215,968505,수박키링 당도최고 여름과일 과일키링 핸드폰스트랩 가방고리 소품샵 잡화점 키치 KR1193,베이비블루 babyblue,키링/가방악세사리,1200,2026-05-16,
1895,5월_여름 키링,2026-05-29,2026-06-16,216,959619,토마토별키링 과일키링 채소키링 TOMATO 음식키링 가방고리 백참 키치 KR1189,베이비블루 babyblue,키링/가방악세사리,1200,2026-05-05,
1895,5월_여름 키링,2026-05-29,2026-06-16,217,963145,26SS) 도넛 글라스 꽃 스마일 옷핀 브로치 단추 키링 폰꾸 가방,브루클린,키링/가방악세사리,4000,2026-05-08,
1895,5월_여름 키링,2026-05-29,2026-06-16,218,959982,26SS) 도트 단추 옷핀 브로치 야자수 장화 써지컬스틸 키링 폰꾸,브루클린,키링/가방악세사리,4000,2026-05-06,
1895,5월_여름 키링,2026-05-29,2026-06-16,219,963182,26SS) 매트 무광 별 은하수 단추 하트 열쇠 써지컬 체인 키링 폰꾸 가방,브루클린,키링/가방악세사리,4000,2026-05-08,
1895,5월_여름 키링,2026-05-29,2026-06-16,220,959223,26SS) 별 원석 써지컬스틸 키링 폰꾸 폰꾸미기 핸드폰 가방 악세사리,브루클린,키링/가방악세사리,4000,2026-05-04,
1895,5월_여름 키링,2026-05-29,2026-06-16,221,944435,26SS) 옷핀 브로치 도트 단추 스마일 구름 장화 써지컬스틸 키링,브루클린,키링/가방악세사리,4000,2026-04-15,
1895,5월_여름 키링,2026-05-29,2026-06-16,222,959235,26SS) 옷핀 브로치 버섯 꽃 별 단추 키치 폰꾸 폰꾸미기 키링 가방,브루클린,키링/가방악세사리,4000,2026-05-04,
1895,5월_여름 키링,2026-05-29,2026-06-16,223,958300,26SS) 옷핀 브로치 스트라이프 단추 스마일 써지컬스틸 키링,브루클린,키링/가방악세사리,4000,2026-04-30,
1895,5월_여름 키링,2026-05-29,2026-06-16,224,954148,26SS) 옷핀 브로치 자개 별 우주선 써지컬스틸 키링,브루클린,키링/가방악세사리,4000,2026-04-24,
1895,5월_여름 키링,2026-05-29,2026-06-16,225,941711,26SS) 자개 별 실버 버튼 단추 써지컬스틸 키링 핸드폰 가방 악세사리,브루클린,키링/가방악세사리,3500,2026-04-13,
1895,5월_여름 키링,2026-05-29,2026-06-16,226,970988,조개 든 아기 수달 해달 후로킹 스트랩 키링 완제품 소품샵 폰꾸 핸드폰고리,뿌야마켓,키링/가방악세사리,1500,2026-05-20,
1895,5월_여름 키링,2026-05-29,2026-06-16,227,938080,바다 인형 키링 _ 고래 범고래 돌고래 상어 핑크고래 인형 키고리,샤빌,키링/가방악세사리,3500,2026-04-09,
1895,5월_여름 키링,2026-05-29,2026-06-16,228,972806,돌고래 고양이 키링,샬롬공예,키링/가방악세사리,6000,2026-05-22,
1895,5월_여름 키링,2026-05-29,2026-06-16,229,924433,(키링선택가능) 물고기 치즈냥 키링 ????,소분상점,키링/가방악세사리,1900,2026-03-26,
1895,5월_여름 키링,2026-05-29,2026-06-16,230,937336,토마토 거북이 토북이 키링,소분상점,키링/가방악세사리,1900,2026-04-08,
1895,5월_여름 키링,2026-05-29,2026-06-16,231,962092,곰돌이 단추 코튼 키링 (2컬러),소소공방,키링/가방악세사리,3500,2026-05-07,
1895,5월_여름 키링,2026-05-29,2026-06-16,232,969146,민트 도트 단추 키링,소소공방,키링/가방악세사리,5500,2026-05-17,
1895,5월_여름 키링,2026-05-29,2026-06-16,233,971179,강아지코끼리 물고기키링,손장난,키링/가방악세사리,5000,2026-05-20,
1895,5월_여름 키링,2026-05-29,2026-06-16,234,933675,정품  토마토 춘식이인형키링,솜사탕,키링/가방악세사리,4500,2026-04-06,
1895,5월_여름 키링,2026-05-29,2026-06-16,235,930352,별 토마토 d고리 키링,스르르,키링/가방악세사리,1400,2026-04-01,
1895,5월_여름 키링,2026-05-29,2026-06-16,236,924098,토마토버튼 핸드폰줄 핸드폰고리 폰스트랩 백참 폰꾸미기 키링 소품샵 가방꾸미기 KR1154,스위니,키링/가방악세사리,1900,2026-03-26,
1895,5월_여름 키링,2026-05-29,2026-06-16,237,960525,물놀이 튜브 키링 여름 패션 가방 꾸미기 고리,쌀리문방구,키링/가방악세사리,3500,2026-05-06,
1895,5월_여름 키링,2026-05-29,2026-06-16,238,934341,붕어키링(블루) 물고기 열쇠고리 핸드폰줄 핸드폰고리 키홀더 커플템 소품샵 KR682,아이즈  Eyes,키링/가방악세사리,2000,2026-04-06,
1895,5월_여름 키링,2026-05-29,2026-06-16,239,964447,제주돌고래키링 돌핀 바다 핸드폰줄 핸드폰고리 백참 행운템 백참 가방꾸미기 KR678,아이즈  Eyes,키링/가방악세사리,1200,2026-05-11,
1895,5월_여름 키링,2026-05-29,2026-06-16,240,962481,26여름)[데일리샵]물고기켓키링,애플네,키링/가방악세사리,1500,2026-05-08,
1895,5월_여름 키링,2026-05-29,2026-06-16,241,956066,별빛 날개 키캡 키링,앤디어,키링/가방악세사리,2500,2026-04-27,
1895,5월_여름 키링,2026-05-29,2026-06-16,242,956064,빈티지체크 별단추 키캡 키링,앤디어,키링/가방악세사리,4500,2026-04-27,
1895,5월_여름 키링,2026-05-29,2026-06-16,243,944003,냥마고치별키링,에그니 ,키링/가방악세사리,3300,2026-04-14,
1895,5월_여름 키링,2026-05-29,2026-06-16,244,975735,비즈돌고래키링,에그니 ,키링/가방악세사리,1500,2026-05-27,
1895,5월_여름 키링,2026-05-29,2026-06-16,245,959011,빈티지단추워터3구키캡키링,에그니 ,키링/가방악세사리,5800,2026-05-03,
1895,5월_여름 키링,2026-05-29,2026-06-16,246,959529,토마토져지파우치키링,에그니 ,키링/가방악세사리,4500,2026-05-05,
1895,5월_여름 키링,2026-05-29,2026-06-16,247,971680,퓨어엔젤단추4구키캡키링,에그니 ,키링/가방악세사리,4800,2026-05-20,
1895,5월_여름 키링,2026-05-29,2026-06-16,248,967437,프레쉬애플단추키링,에그니 ,키링/가방악세사리,2000,2026-05-14,
1895,5월_여름 키링,2026-05-29,2026-06-16,249,954164,바다 돌고래 키링 모음집 .zip,엔리코,키링/가방악세사리,2000,2026-04-24,
1895,5월_여름 키링,2026-05-29,2026-06-16,250,928457,LED과일유머키캡키링(신상),엠유에스,키링/가방악세사리,2500,2026-03-31,
1895,5월_여름 키링,2026-05-29,2026-06-16,251,932660,LED음표물고기키캡키링(신상),엠유에스,키링/가방악세사리,3500,2026-04-04,
1895,5월_여름 키링,2026-05-29,2026-06-16,252,930673,과일장난감클릭커키링(신상),엠유에스,키링/가방악세사리,4000,2026-04-02,
1895,5월_여름 키링,2026-05-29,2026-06-16,253,932653,바다동물클릭커키링(신상),엠유에스,키링/가방악세사리,2500,2026-04-04,
1895,5월_여름 키링,2026-05-29,2026-06-16,254,922273,(제작)과일키캡키링,제이래빗,키링/가방악세사리,1500,2026-03-24,
1895,5월_여름 키링,2026-05-29,2026-06-16,255,975751,(제작)아이스크림클릭커키링,제이래빗,키링/가방악세사리,3500,2026-05-27,
1895,5월_여름 키링,2026-05-29,2026-06-16,256,959675,레드 토마토 거북이 핸드폰줄 키링,쥬쥬마켓,키링/가방악세사리,700,2026-05-05,
1895,5월_여름 키링,2026-05-29,2026-06-16,257,934205,조개로프키링 신상키링,천사,키링/가방악세사리,7000,2026-04-06,
1895,5월_여름 키링,2026-05-29,2026-06-16,258,965035,[ 인기 재입고예정!!! ]멜론거북이& 진주 조개 키링 (5종 컬러 믹스),티제이,키링/가방악세사리,1500,2026-05-12,
1895,5월_여름 키링,2026-05-29,2026-06-16,259,973455,"[made.by.tj] 썸머 비치 라탄 부채키링,미니부채 키링",티제이,키링/가방악세사리,3800,2026-05-23,
1895,5월_여름 키링,2026-05-29,2026-06-16,260,967649,"[made,by.tj NEW!!!] 썸머 라탄 부채 키링 ,빅테슬 부채키링",티제이,키링/가방악세사리,3500,2026-05-15,
1895,5월_여름 키링,2026-05-29,2026-06-16,261,927504,"☆재입고완료!!☆쁘띠토마토 LED키캡키링,토마토클릭커 키링",티제이,키링/가방악세사리,2300,2026-03-30,
1895,5월_여름 키링,2026-05-29,2026-06-16,262,942766,"불가사리 조개키링,조개키링",티제이,키링/가방악세사리,3800,2026-04-14,
1895,5월_여름 키링,2026-05-29,2026-06-16,263,962904,블루 조개 핸드폰스트랩 키링,티제이,키링/가방악세사리,1800,2026-05-08,
1895,5월_여름 키링,2026-05-29,2026-06-16,264,964335,"수박 테이크아웃 키링 , 수박이 제철",티제이,키링/가방악세사리,1200,2026-05-11,
1895,5월_여름 키링,2026-05-29,2026-06-16,265,922768,"썬데이 아일랜드 열대과일 키캡키링,led2구 키캡 키링",티제이,키링/가방악세사리,2500,2026-03-25,
1895,5월_여름 키링,2026-05-29,2026-06-16,266,950402,"썸머 조개와물고기 핸드폰스트랩,키링",티제이,키링/가방악세사리,1800,2026-04-21,
1895,5월_여름 키링,2026-05-29,2026-06-16,267,966494,"킥판 엔커 닻 키링,서핑보트 키링",티제이,키링/가방악세사리,1400,2026-05-14,
1895,5월_여름 키링,2026-05-29,2026-06-16,268,961288,"해피 바다거북 키링,거북이키링",티제이,키링/가방악세사리,1500,2026-05-07,
1895,5월_여름 키링,2026-05-29,2026-06-16,269,972738,(자체제작)꽃잎 물고기 피쉬 키링 열쇠고리 가방고리 키링악세사리,플랜제이,키링/가방악세사리,1500,2026-05-22,
1895,5월_여름 키링,2026-05-29,2026-06-16,270,954843,(핸드메이드) 여름 신상 딸기  개구리 하트 돌고래  키링 체인느낌 열쇠고리 가방악세사리,플랜제이,키링/가방악세사리,1500,2026-04-26,
1895,5월_여름 키링,2026-05-29,2026-06-16,271,940924,과일 야채 표정 시리즈 키링 열쇠고리 가방악세사리,플랜제이,키링/가방악세사리,1000,2026-04-12,
1895,5월_여름 키링,2026-05-29,2026-06-16,272,940942,돌고래 실버 체인  키링 열쇠고리 가방악세사리,플랜제이,키링/가방악세사리,2000,2026-04-12,
1895,5월_여름 키링,2026-05-29,2026-06-16,273,968662,러블리 돌고래 조개 불가사리 *자체제작* 롱타입(키링 열쇠고리 가방고리 악세사리 ),플랜제이,키링/가방악세사리,2000,2026-05-16,
1895,5월_여름 키링,2026-05-29,2026-06-16,274,973014,물고기 키링 열쇠고리,플랜제이,키링/가방악세사리,1000,2026-05-22,
1895,5월_여름 키링,2026-05-29,2026-06-16,275,940971,별별  체인 실버 도금 키링 열쇠고리 가방고리,플랜제이,키링/가방악세사리,2000,2026-04-12,
1895,5월_여름 키링,2026-05-29,2026-06-16,276,972737,옷핀 물고기 파스텔 피쉬 키링 열쇠고리 가방고리 키링악세사리,플랜제이,키링/가방악세사리,2000,2026-05-22,
1895,5월_여름 키링,2026-05-29,2026-06-16,277,951550,통통 상큼 과일  4구 키캡 클릭커 키링 열쇠고리,플랜제이,키링/가방악세사리,3500,2026-04-22,
1895,5월_여름 키링,2026-05-29,2026-06-16,278,958658,하트리본 물고기 키링 열쇠고리 가방고리,플랜제이,키링/가방악세사리,1500,2026-05-02,
1895,5월_여름 키링,2026-05-29,2026-06-16,279,965528,흰동가리 물고기 미니 키링 KRHB605A,햇빛,키링/가방악세사리,1000,2026-05-13,Y
1902,6월_925 원석 반지,2026-06-09,2026-06-23,0,90453,925 레이어드 원석 은반지_YR390,이야기 ,실버925,12000,2022-08-31,
1902,6월_925 원석 반지,2026-06-09,2026-06-23,1,213419,925 오팔원석 꼬임 은반지_YR466,이야기 ,실버925,9000,2023-07-11,
1902,6월_925 원석 반지,2026-06-09,2026-06-23,2,963767,925 문스톤 데일리 은반지_YR568,이야기 ,실버925,15000,2026-05-11,
1902,6월_925 원석 반지,2026-06-09,2026-06-23,3,726684,실버925 캐츠아이 체인 반지 R240180531,졸리,실버925,13000,2025-06-13,
1902,6월_925 원석 반지,2026-06-09,2026-06-23,4,757502,실버925 클래식 문스톤 오픈 반지 R230410886,졸리,실버925,34000,2025-08-19,
1902,6월_925 원석 반지,2026-06-09,2026-06-23,5,905814,실버925 클래식 원석 반지 R230243651,졸리,실버925,12000,2026-02-27,
1902,6월_925 원석 반지,2026-06-09,2026-06-23,6,914882,실버925 터키 원석 오픈 반지 R220582181,졸리,실버925,17000,2026-03-13,
1902,6월_925 원석 반지,2026-06-09,2026-06-23,7,914492,실버925 터키-오닉스 원석 반지 R220653061,졸리,실버925,16000,2026-03-12,
1902,6월_925 원석 반지,2026-06-09,2026-06-23,8,727919,실버925 하트 오로라 원석 반지 R230418896,졸리,실버925,14000,2025-06-17,
1902,6월_925 원석 반지,2026-06-09,2026-06-23,9,955194,실버925 하트 원석 오픈 반지 R230405827,졸리,실버925,10000,2026-04-27,
1902,6월_925 원석 반지,2026-06-09,2026-06-23,10,611234,925 엔틱 문스톤 은반지_YR576,이야기 ,실버925,16000,2025-02-03,
1902,6월_925 원석 반지,2026-06-09,2026-06-23,11,580754,925 엔틱 원석 은반지_YR559,이야기 ,실버925,26000,2024-12-09,
1902,6월_925 원석 반지,2026-06-09,2026-06-23,12,947218,925 엔틱 원석 은반지_YR617,이야기 ,실버925,20000,2026-04-17,
1902,6월_925 원석 반지,2026-06-09,2026-06-23,13,638365,925 오팔 원석 은반지_YR583,이야기 ,실버925,14000,2025-02-25,
1902,6월_925 원석 반지,2026-06-09,2026-06-23,14,848337,925 오팔 원석 은반지_YR612,이야기 ,실버925,9500,2025-12-11,
1902,6월_925 원석 반지,2026-06-09,2026-06-23,15,613135,925 원석 두줄 은반지_YR579,이야기 ,실버925,22000,2025-02-04,
1902,6월_925 원석 반지,2026-06-09,2026-06-23,16,863608,925 원석 심플 은반지_YR615,이야기 ,실버925,20000,2026-01-13,
1902,6월_925 원석 반지,2026-06-09,2026-06-23,17,757863,925 원석 오픈 은반지_YR608,이야기 ,실버925,18000,2025-08-19,
1902,6월_925 원석 반지,2026-06-09,2026-06-23,18,960688,925 원석 패션 은반지_YR567,이야기 ,실버925,15000,2026-05-07,
1902,6월_925 원석 반지,2026-06-09,2026-06-23,19,672305,925 터키석 원석 은반지_YR582,이야기 ,실버925,13000,2025-04-01,
1902,6월_925 원석 반지,2026-06-09,2026-06-23,20,762902,925 패션 원석 은반지_YR609,이야기 ,실버925,18000,2025-08-26,
1902,6월_925 원석 반지,2026-06-09,2026-06-23,21,524042,925 실버 문스톤 꽃 오픈반지 R0133,은도어,실버925,22000,2024-10-18,
1902,6월_925 원석 반지,2026-06-09,2026-06-23,22,446011,925 실버 사각 문스톤 오픈반지,은도어,실버925,14000,2024-07-21,
1902,6월_925 원석 반지,2026-06-09,2026-06-23,23,855495,실버 925 천연 원석 반지 R 1485,샤이닝스톤,실버925,33000,2025-12-24,
1902,6월_925 원석 반지,2026-06-09,2026-06-23,24,879281,실버925 원석 문스톤 반지 R3885,샤이닝스톤,실버925,22000,2026-01-27,
1902,6월_925 원석 반지,2026-06-09,2026-06-23,25,879296,실버925 원석 반지 R3884,샤이닝스톤,실버925,25000,2026-01-27,
1902,6월_925 원석 반지,2026-06-09,2026-06-23,26,886953,실버925 원석 반지 R3941,샤이닝스톤,실버925,22000,2026-02-03,
1902,6월_925 원석 반지,2026-06-09,2026-06-23,27,879852,실버925 원석 반지 R4120,샤이닝스톤,실버925,27000,2026-01-27,
1902,6월_925 원석 반지,2026-06-09,2026-06-23,28,907689,실버925 원석 반지 R4160,샤이닝스톤,실버925,20000,2026-03-03,
1902,6월_925 원석 반지,2026-06-09,2026-06-23,29,879290,실버925 원석 반지 페리도트 R3883,샤이닝스톤,실버925,16000,2026-01-27,
1902,6월_925 원석 반지,2026-06-09,2026-06-23,30,907575,실버925 원석반지 R4058,샤이닝스톤,실버925,23000,2026-03-03,
1902,6월_925 원석 반지,2026-06-09,2026-06-23,31,900677,실버925 원석반지 오픈링 R1944,샤이닝스톤,실버925,21000,2026-02-23,
1902,6월_925 원석 반지,2026-06-09,2026-06-23,32,621410,E 실버925 둥근 물방울 천연 원석 레인보우 문스톤 반지,어썸,실버925,25000,2025-02-11,
1902,6월_925 원석 반지,2026-06-09,2026-06-23,33,908553,R 실버 925 스톤 비정형 물결 유니크 호수 반지,어썸,실버925,27000,2026-03-04,
1902,6월_925 원석 반지,2026-06-09,2026-06-23,34,902533,R 실버 925 오닉스 크리스탈 원석 레이어드 반지,어썸,실버925,26000,2026-02-24,
1902,6월_925 원석 반지,2026-06-09,2026-06-23,35,513572,R 실버925 가넷 천연 원석 반지,어썸,실버925,19000,2024-10-04,
1902,6월_925 원석 반지,2026-06-09,2026-06-23,36,636262,R 실버925 가로 타원 래브라도 로즈쿼츠 칼세도니아 천연 원석 반지,어썸,실버925,23000,2025-02-21,
1902,6월_925 원석 반지,2026-06-09,2026-06-23,37,447698,R 실버925 네모 사각 천연 원석 반지,어썸,실버925,16000,2024-07-24,
1902,6월_925 원석 반지,2026-06-09,2026-06-23,38,629026,R 실버925 담수진주 유니크 난집 물림 천연 원석 반지 - 4TYPE,어썸,실버925,14000,2025-02-17,
1902,6월_925 원석 반지,2026-06-09,2026-06-23,39,621525,R 실버925 로돌라이트 가넷 문스톤 토파즈 자수정 믹스 천연 원석 반지,어썸,실버925,29000,2025-02-11,
1902,6월_925 원석 반지,2026-06-09,2026-06-23,40,655858,R 실버925 루비 사파이어 에메랄드 착색 원석 볼드 라운드 반지,어썸,실버925,15000,2025-03-13,
1902,6월_925 원석 반지,2026-06-09,2026-06-23,41,742741,R 실버925 백수정 투명 알 원석 구슬 반지,어썸,실버925,27000,2025-07-25,
1902,6월_925 원석 반지,2026-06-09,2026-06-23,42,808632,R 실버925 볼드 블랙오닉스 천연 원석 엔틱 빈티지 보석 반지,어썸,실버925,35000,2025-10-23,
1902,6월_925 원석 반지,2026-06-09,2026-06-23,43,869962,R 실버925 블랙 오닉스 오픈 링 프리사이즈 원석 반지,어썸,실버925,26000,2026-01-19,
1902,6월_925 원석 반지,2026-06-09,2026-06-23,44,754433,실버925 실버볼-원석 밴딩 반지 R250899302,졸리,실버925,7000,2025-08-14,
1902,6월_925 원석 반지,2026-06-09,2026-06-23,45,847456,실버925 실버칩 진주-원석 반지 R240794413,졸리,실버925,15000,2025-12-10,
1902,6월_925 원석 반지,2026-06-09,2026-06-23,46,740995,실버925 오닉스 스퀘어 원석 오픈 반지 R230209489,졸리,실버925,21000,2025-07-22,
1902,6월_925 원석 반지,2026-06-09,2026-06-23,47,792250,실버925 오닉스 원석 앤틱 오픈 반지 R250991751,졸리,실버925,35000,2025-09-19,
1902,6월_925 원석 반지,2026-06-09,2026-06-23,48,790418,실버925 오닉스 원석 오픈 반지 R250951780,졸리,실버925,33000,2025-09-18,
1902,6월_925 원석 반지,2026-06-09,2026-06-23,49,640189,실버925 오닉스-자만옥-산호석 원석 실버칩 반지 R250281553,졸리,실버925,8000,2025-02-25,
1902,6월_925 원석 반지,2026-06-09,2026-06-23,50,732944,실버925 오로라 원석 반지 R230415172,졸리,실버925,15000,2025-06-27,
1902,6월_925 원석 반지,2026-06-09,2026-06-23,51,720548,실버925 원석 트위스트 실반지 R220333453,졸리,실버925,5000,2025-05-31,
1902,6월_925 원석 반지,2026-06-09,2026-06-23,52,713585,실버925 유화 스퀘어 원석 반지 R250548398,졸리,실버925,19000,2025-05-20,
1902,6월_925 원석 반지,2026-06-09,2026-06-23,53,720546,실버925 진주-원석 실버볼 오픈 반지 R230386716,졸리,실버925,17000,2025-05-31,
1902,6월_925 원석 반지,2026-06-09,2026-06-23,54,724641,[문스톤] 자연석 천연석 실버925 데일리 여성 은반지,쥬쥬,실버925,12000,2025-06-09,
1902,6월_925 원석 반지,2026-06-09,2026-06-23,55,967315,실버925 6mm 원석 반지,파피용,실버925,16000,2026-05-14,
1902,6월_925 원석 반지,2026-06-09,2026-06-23,56,486949,925실버 Alxa 스톤 홍옥 반지,거울공주실버 ,실버925,5500,2024-08-26,
1902,6월_925 원석 반지,2026-06-09,2026-06-23,57,713854,925실버 스와로브스키 스톤 손물림 반지(블루오팔),거울공주실버 ,실버925,16000,2025-05-20,
1902,6월_925 원석 반지,2026-06-09,2026-06-23,58,713851,925실버 스와로브스키 스톤 손물림 반지(퍼시픽오팔),거울공주실버 ,실버925,16000,2025-05-20,
1902,6월_925 원석 반지,2026-06-09,2026-06-23,59,713843,925실버 스와로브스키 스톤 손물림 반지(핑크오팔),거울공주실버 ,실버925,16000,2025-05-20,
1902,6월_925 원석 반지,2026-06-09,2026-06-23,60,659394,925실버 파스텔 캐츠아이원석 실버볼 반지,거울공주실버 ,실버925,6000,2025-03-18,
1902,6월_925 원석 반지,2026-06-09,2026-06-23,61,685408,"S925더블링,은,비즈,핸드메이드,세트,원석,여름반지,세트링 [실버 레이어드링]",미미가,실버925,10000,2025-04-14,
1902,6월_925 원석 반지,2026-06-09,2026-06-23,62,939581,실버925 은볼 라피스라줄리 원석 레이어드 반지 프리사이즈 팔찌,바나다,실버925,6000,2026-04-10,
1902,6월_925 원석 반지,2026-06-09,2026-06-23,63,850730,실버925 큐빅 은반지 컬러 타원 원석 포인트반지,바나다,실버925,16000,2025-12-15,
1902,6월_925 원석 반지,2026-06-09,2026-06-23,64,920073,실버925 큐빅 컬러 원형 스톤 반지 은반지,바나다,실버925,16000,2026-03-23,
1902,6월_925 원석 반지,2026-06-09,2026-06-23,65,961989,미니 원석 포인트 링,바로와,실버925,6000,2026-05-07,
1902,6월_925 원석 반지,2026-06-09,2026-06-23,66,811911,실버925 천연 원석 반지 R 1512,샤이닝스톤,실버925,33000,2025-10-28,
1902,6월_925 원석 반지,2026-06-09,2026-06-23,67,853604,실버925 천연 원석 반지 R 1681,샤이닝스톤,실버925,26000,2025-12-19,
1902,6월_925 원석 반지,2026-06-09,2026-06-23,68,856172,실버925 천연 원석 반지 R 1783,샤이닝스톤,실버925,28000,2025-12-26,
1902,6월_925 원석 반지,2026-06-09,2026-06-23,69,833637,실버925 천연 원석 반지 R 1814,샤이닝스톤,실버925,16000,2025-11-19,
1902,6월_925 원석 반지,2026-06-09,2026-06-23,70,801388,실버925 천연 원석 반지 R 1967,샤이닝스톤,실버925,33000,2025-10-13,
1902,6월_925 원석 반지,2026-06-09,2026-06-23,71,856079,실버925 천연 원석 반지 R 1990,샤이닝스톤,실버925,28000,2025-12-26,
1902,6월_925 원석 반지,2026-06-09,2026-06-23,72,809138,실버925 천연 원석 반지 R 2188,샤이닝스톤,실버925,24000,2025-10-24,
1902,6월_925 원석 반지,2026-06-09,2026-06-23,73,809125,실버925 천연 원석 반지 R 2721,샤이닝스톤,실버925,35000,2025-10-24,
1902,6월_925 원석 반지,2026-06-09,2026-06-23,74,838347,실버925 천연 원석 반지 R 2722,샤이닝스톤,실버925,24000,2025-11-26,
1902,6월_925 원석 반지,2026-06-09,2026-06-23,75,854983,실버925 천연 원석 반지 R 3037,샤이닝스톤,실버925,29000,2025-12-23,
1902,6월_925 원석 반지,2026-06-09,2026-06-23,76,810861,실버925 천연 원석 반지 R 3565,샤이닝스톤,실버925,30000,2025-10-27,
1902,6월_925 원석 반지,2026-06-09,2026-06-23,77,808014,실버925 천연 원석 반지 R 3566,샤이닝스톤,실버925,28000,2025-10-23,
1902,6월_925 원석 반지,2026-06-09,2026-06-23,78,801047,실버925 천연 원석 반지 R 3875,샤이닝스톤,실버925,30000,2025-10-13,
1902,6월_925 원석 반지,2026-06-09,2026-06-23,79,909230,블랙 스톤 포인트 트위스트 실버925,세컨룩,실버925,13000,2026-03-05,
1902,6월_925 원석 반지,2026-06-09,2026-06-23,80,906796,원석 비즈볼 심플 실버925 반지 (네이비/라벤더),세컨룩,실버925,10000,2026-03-01,
1902,6월_925 원석 반지,2026-06-09,2026-06-23,81,652890,실버 925 스피넬 원석 반지 실버칩반지,실버리즈,실버925,7000,2025-03-11,
1902,6월_925 원석 반지,2026-06-09,2026-06-23,82,652893,실버 925 실버칩반지 스피넬원석반지,실버리즈,실버925,12000,2025-03-11,
1902,6월_925 원석 반지,2026-06-09,2026-06-23,83,652898,실버925 스피넬원석 물고기반지 실버피쉬 행운반지,실버리즈,실버925,9000,2025-03-11,
1902,6월_925 원석 반지,2026-06-09,2026-06-23,84,652895,실버925 스피넬원석반지 실버칩반지 스피넬4실버칩4,실버리즈,실버925,9000,2025-03-11,
1902,6월_925 원석 반지,2026-06-09,2026-06-23,85,513718,실버925 은볼 컷팅 원석 반지 실버반지 은반지,실버리즈,실버925,7000,2024-10-04,
1902,6월_925 원석 반지,2026-06-09,2026-06-23,86,854933,실버925 천연 원석 십자가 반지 R 152,샤이닝스톤,실버925,22000,2025-12-23,
1902,6월_925 원석 반지,2026-06-09,2026-06-23,87,849394,실버925 천연 원석 오픈링 반지 R 159,샤이닝스톤,실버925,24000,2025-12-12,
1902,6월_925 원석 반지,2026-06-09,2026-06-23,88,852502,실버925 천연 원석 진주 반지 R 3879,샤이닝스톤,실버925,18000,2025-12-17,
1902,6월_925 원석 반지,2026-06-09,2026-06-23,89,826037,실버925 천연 원석 하트 반지 R 2940,샤이닝스톤,실버925,18000,2025-11-11,
1902,6월_925 원석 반지,2026-06-09,2026-06-23,90,710898,실버925 마린원석 엔틱반지,쏭오브스타일,실버925,19000,2025-05-15,
1902,6월_925 원석 반지,2026-06-09,2026-06-23,91,681865,실버925 스톤 콩콩이 은반지,쏭오브스타일,실버925,24000,2025-04-10,
1902,6월_925 원석 반지,2026-06-09,2026-06-23,92,458915,실버925 핑크스톤반지,쏭오브스타일,실버925,21000,2024-08-08,
1902,6월_925 원석 반지,2026-06-09,2026-06-23,93,458920,실버925 핑크하트스톤반지,쏭오브스타일,실버925,19000,2024-08-08,
1902,6월_925 원석 반지,2026-06-09,2026-06-23,94,538069,"R0023OPE05 (SUN,Labradorite) 천연석 원석 실버 은볼 스틱 바 반지",오네(O.NE),실버925,8000,2024-10-31,
1902,6월_925 원석 반지,2026-06-09,2026-06-23,95,729437,925실버 은 반지 원석-K24R,씨스타,실버925,15000,2025-06-19,
1902,6월_925 원석 반지,2026-06-09,2026-06-23,96,825938,고퀄 유니크 빅사이즈 타원 마노석 볼드 원석 반지 2col,안드레,실버925,27000,2025-11-11,
1902,6월_925 원석 반지,2026-06-09,2026-06-23,97,825936,내추럴 도트 타원 멜팅 원석 터키석 볼드 반지 실버925,안드레,실버925,28000,2025-11-11,
1902,6월_925 원석 반지,2026-06-09,2026-06-23,98,745179,내추럴 실링 멜팅 아쿠아마린 원석 오픈링 반지 실버925,안드레,실버925,29000,2025-07-30,
1902,6월_925 원석 반지,2026-06-09,2026-06-23,99,745187,멜팅 윈드 물결 원석 실버925 오픈링 반지 아쿠아마린 AB,안드레,실버925,22000,2025-07-30,
1902,6월_925 원석 반지,2026-06-09,2026-06-23,100,806170,빅사이즈 타원 마노석 원석 콩 실버925 오픈링 반지(3col) (314),안드레,실버925,21000,2025-10-21,
1902,6월_925 원석 반지,2026-06-09,2026-06-23,101,745177,쁘띠 로즈쿼츠 플라워 실버925 투 큐빅 원석 오픈링 반지,안드레,실버925,17500,2025-07-30,
1902,6월_925 원석 반지,2026-06-09,2026-06-23,102,825957,실버925 반짝 월광석 화이트 원석 투스타 별 오픈링 반지,안드레,실버925,28000,2025-11-11,
1902,6월_925 원석 반지,2026-06-09,2026-06-23,103,745182,영롱 AB 오로라 원석 타원 오픈링 실버925 은반지,안드레,실버925,20000,2025-07-30,
1902,6월_925 원석 반지,2026-06-09,2026-06-23,104,489940,R 실버925 천연 원석 미니 블루토파즈 문스톤 로즈쿼츠 반지,어썸,실버925,13000,2024-08-29,
1902,6월_925 원석 반지,2026-06-09,2026-06-23,105,590050,R 실버925 천연 원석 왕관 은볼 가넷 자수정 문스톤 그린오닉스 반지,어썸,실버925,9000,2024-12-30,
1902,6월_925 원석 반지,2026-06-09,2026-06-23,106,590042,R 실버925 천연 원석 크라운 왕관 문스톤 블루토파즈 로즈쿼츠 반지,어썸,실버925,11000,2024-12-30,
1902,6월_925 원석 반지,2026-06-09,2026-06-23,107,742275,R 실버925 타원 플라워 쉐입 딸기 수정 원석 프리사이즈 반지,어썸,실버925,25000,2025-07-24,
1902,6월_925 원석 반지,2026-06-09,2026-06-23,108,621417,R 실버925 피치문스톤 아마조나이트 문스톤 둥근 물방울 천연 원석반지,어썸,실버925,18000,2025-02-11,
1902,6월_925 원석 반지,2026-06-09,2026-06-23,109,789993,R 실버925 합성 원석 터키석 골드 실버 믹스 칩 고무줄 반지,어썸,실버925,13000,2025-09-17,
1902,6월_925 원석 반지,2026-06-09,2026-06-23,110,914369,R실버925 천연석 원석 타원 블랙오닉스 프리사이즈 반지,어썸,실버925,32000,2026-03-12,
1902,6월_925 원석 반지,2026-06-09,2026-06-23,111,713587,실버925 호피 원석 반지 R250581907,졸리,실버925,19000,2025-05-20,
1902,6월_925 원석 반지,2026-06-09,2026-06-23,112,917071,실버925 담수진주-터키 원석 오픈 반지 R230450266,졸리,실버925,19000,2026-03-17,
1902,6월_925 원석 반지,2026-06-09,2026-06-23,113,663608,실버925 라운드 원석 오픈 반지 R240703061,졸리,실버925,12000,2025-03-24,
1902,6월_925 원석 반지,2026-06-09,2026-06-23,114,936128,실버925 빈티지 클래식 담수진주 블랙 스피넬 원석 반지 R231027078,졸리,실버925,6000,2026-04-07,
1902,6월_925 원석 반지,2026-06-09,2026-06-23,115,847686,실버925 천연 원석 R 1636,샤이닝스톤,실버925,20000,2025-12-10,
1902,6월_925 원석 반지,2026-06-09,2026-06-23,116,829474,실버925 천연 원석 R 1679,샤이닝스톤,실버925,22000,2025-11-14,
1902,6월_925 원석 반지,2026-06-09,2026-06-23,117,834217,실버925 천연 원석 레이어드 반지 R 3317A,샤이닝스톤,실버925,13000,2025-11-20,
1902,6월_925 원석 반지,2026-06-09,2026-06-23,118,843362,실버925 천연 원석 반지 LR 091,샤이닝스톤,실버925,14000,2025-12-03,
1902,6월_925 원석 반지,2026-06-09,2026-06-23,119,807188,실버925 천연 원석 반지 LR 184,샤이닝스톤,실버925,28000,2025-10-22,
1902,6월_925 원석 반지,2026-06-09,2026-06-23,120,840310,실버925 천연 원석 반지 R 1281,샤이닝스톤,실버925,35000,2025-11-28,
1902,6월_925 원석 반지,2026-06-09,2026-06-23,121,831519,실버925 천연 원석 반지 R 1417,샤이닝스톤,실버925,18000,2025-11-17,
1902,6월_925 원석 반지,2026-06-09,2026-06-23,122,819619,실버925 천연 원석 반지 R 1482,샤이닝스톤,실버925,26000,2025-11-05,
1902,6월_925 원석 반지,2026-06-09,2026-06-23,123,832426,실버925 천연 원석 반지 R 3876,샤이닝스톤,실버925,18000,2025-11-18,
1902,6월_925 원석 반지,2026-06-09,2026-06-23,124,838159,실버925 천연 원석 반지 R 3877,샤이닝스톤,실버925,35000,2025-11-26,
1902,6월_925 원석 반지,2026-06-09,2026-06-23,125,708821,실버925 천연 원석 반지 R 3902,샤이닝스톤,실버925,18000,2025-05-12,
1902,6월_925 원석 반지,2026-06-09,2026-06-23,126,849733,실버925 천연 원석 반지 R 3918,샤이닝스톤,실버925,20000,2025-12-12,
1902,6월_925 원석 반지,2026-06-09,2026-06-23,127,817716,실버925 천연 원석 반지 R 3926,샤이닝스톤,실버925,33000,2025-11-03,
1902,6월_925 원석 반지,2026-06-09,2026-06-23,128,832697,실버925 천연 원석 반지 R 3928,샤이닝스톤,실버925,19000,2025-11-18,
1902,6월_925 원석 반지,2026-06-09,2026-06-23,129,810958,실버925 천연 원석 반지 R 3930,샤이닝스톤,실버925,30000,2025-10-27,
1902,6월_925 원석 반지,2026-06-09,2026-06-23,130,835228,실버925 천연 원석 반지 R 3940,샤이닝스톤,실버925,18000,2025-11-21,
1902,6월_925 원석 반지,2026-06-09,2026-06-23,131,763300,실버925 천연 원석 반지 R 3944,샤이닝스톤,실버925,30000,2025-08-26,
1902,6월_925 원석 반지,2026-06-09,2026-06-23,132,849379,실버925 천연 원석 반지 R 3964,샤이닝스톤,실버925,21000,2025-12-12,
1902,6월_925 원석 반지,2026-06-09,2026-06-23,133,802068,실버925 천연 원석 반지 R 3966,샤이닝스톤,실버925,24000,2025-10-14,
1902,6월_925 원석 반지,2026-06-09,2026-06-23,134,802352,실버925 천연 원석 반지 R 3973,샤이닝스톤,실버925,19000,2025-10-14,
1902,6월_925 원석 반지,2026-06-09,2026-06-23,135,786429,실버925 천연 원석 반지 R 3978,샤이닝스톤,실버925,25000,2025-09-15,
1902,6월_925 원석 반지,2026-06-09,2026-06-23,136,797453,실버925 천연 원석 반지 더블렛 R 3982,샤이닝스톤,실버925,24000,2025-09-29,
1902,6월_925 원석 반지,2026-06-09,2026-06-23,137,824872,실버925 천연 원석 별 반지 R 3606,샤이닝스톤,실버925,24000,2025-11-10,
1903,6월_스포츠 악세사리,2026-06-09,2026-06-23,0,834179,스포츠아크릴 열쇠고리,남군점빵,키링/가방악세사리,1900,2025-11-20,
1903,6월_스포츠 악세사리,2026-06-09,2026-06-23,1,656782,동물 스포츠공 인형 키링 열쇠고리 가방고리,보타유통,키링/가방악세사리,3200,2025-03-14,
1903,6월_스포츠 악세사리,2026-06-09,2026-06-23,2,834251,축구공 키링 1종,스르르,키링/가방악세사리,1200,2025-11-20,
1903,6월_스포츠 악세사리,2026-06-09,2026-06-23,3,721408,정품)스포츠썸머버터베어키링,제이래빗,키링/가방악세사리,5000,2025-06-02,
1903,6월_스포츠 악세사리,2026-06-09,2026-06-23,4,734974,큐티스포츠볼키링,제이래빗,키링/가방악세사리,3500,2025-07-03,
1903,6월_스포츠 악세사리,2026-06-09,2026-06-23,5,728710,어푸 수영 키링 KRHB506C,햇빛,키링/가방악세사리,1000,2025-06-17,
1903,6월_스포츠 악세사리,2026-06-09,2026-06-23,6,655267,축구공 양모키링,김앤초,키링/가방악세사리,3000,2025-03-12,
1903,6월_스포츠 악세사리,2026-06-09,2026-06-23,7,747754,운동 테니스 축구 탁구 야구 키링 가방키링 키홀더 펜던트 스트랩,대지꿀꿀집,키링/가방악세사리,2200,2025-08-07,
1903,6월_스포츠 악세사리,2026-06-09,2026-06-23,8,806030,개당1000 구기종목 축구 야구  메탈뱃지 농구 배구 배드민턴 축구 탁구 핀뱃지,더칼라,브로치,1000,2025-10-21,
1903,6월_스포츠 악세사리,2026-06-09,2026-06-23,9,935296,개당2000 스포츠 공 볼 농구 야구 축구 골프 클리커 키캡키링,더칼라,키링/가방악세사리,2000,2026-04-07,
1903,6월_스포츠 악세사리,2026-06-09,2026-06-23,10,893401,야구 축구 농구공 키캡 군번줄 클리커 키보드 볼체인 클릭커키링 딸깍이,더칼라,키링/가방악세사리,10000,2026-02-10,
1903,6월_스포츠 악세사리,2026-06-09,2026-06-23,11,872465,축구 키링,디케이악세사리,키링/가방악세사리,4000,2026-01-21,
1903,6월_스포츠 악세사리,2026-06-09,2026-06-23,12,910493,키링 퍼즐 공 조립식 지구본/축구/농구 1팩(2200×5),디케이악세사리,키링/가방악세사리,11000,2026-03-08,
1903,6월_스포츠 악세사리,2026-06-09,2026-06-23,13,976467,축구볼키캡키링,라팡,키링/가방악세사리,3500,2026-05-28,
1903,6월_스포츠 악세사리,2026-06-09,2026-06-23,14,908697,스포츠 키링 축구 동호회 열쇠고리 미니어처 M50072,미소모아글로벌,키링/가방악세사리,1000,2026-03-04,
1903,6월_스포츠 악세사리,2026-06-09,2026-06-23,15,976115,골프 축구 볼링 사람인형 키링 _ 스포츠 흑인 백인 인형 키고리 백참,샤빌,키링/가방악세사리,8000,2026-05-28,
1903,6월_스포츠 악세사리,2026-06-09,2026-06-23,16,829932,정품 축구핑구키링,솜사탕,키링/가방악세사리,5000,2025-11-14,
1903,6월_스포츠 악세사리,2026-06-09,2026-06-23,17,931435,키캡 키링 열쇠고리 축구 농구 야구,어나더,키링/가방악세사리,2000,2026-04-02,
1903,6월_스포츠 악세사리,2026-06-09,2026-06-23,18,917161,축구선수st크림푸들키링(신상),엠유에스,키링/가방악세사리,10000,2026-03-17,
1903,6월_스포츠 악세사리,2026-06-09,2026-06-23,19,720025,공 볼 볼링 농구공 축구공 야구공 배구공 럭비 키링 폰줄 D링 소품샵 단체 우정 운동,위드삐삐마켓,키링/가방악세사리,900,2025-05-30,
1903,6월_스포츠 악세사리,2026-06-09,2026-06-23,20,950820,뽑기방 3D 키캡 키링 딸깍이 스포츠 공 농구공 야구공 축구공 열쇠고리 차키 가방고리 1구,위드삐삐마켓,키링/가방악세사리,2500,2026-04-21,
1903,6월_스포츠 악세사리,2026-06-09,2026-06-23,21,975753,축구볼키캡키링,제이래빗,키링/가방악세사리,3500,2026-05-27,
1903,6월_스포츠 악세사리,2026-06-09,2026-06-23,22,657472,예약주문?? 야구 테니스 축구 에잇볼 공 충전단자 보호캡 키링 폰줄,체리잡화점,모바일악세사리,1200,2025-03-16,
1903,6월_스포츠 악세사리,2026-06-09,2026-06-23,23,945414,미피정품 미피월드컵키링 미피축구키링,큐티피아,키링/가방악세사리,6300,2026-04-15,
1903,6월_스포츠 악세사리,2026-06-09,2026-06-23,24,964705,물병 무지네임택 축구 야구 농구 배드민턴 배구 볼링 러닝 스포츠 네임택,푸른달,키링/가방악세사리,1900,2026-05-12,
1903,6월_스포츠 악세사리,2026-06-09,2026-06-23,25,924679,공 시리즈 럭키공 축구공 야구공 농구공 키링 키캡 클리커 열쇠고리 가방악세사리,플랜제이,키링/가방악세사리,2000,2026-03-27,
1903,6월_스포츠 악세사리,2026-06-09,2026-06-23,26,968395,바다 수영 친구들 키캡 키링 키보드 led 치이카와 물개 조개,감성놀이,키링/가방악세사리,2500,2026-05-15,
1903,6월_스포츠 악세사리,2026-06-09,2026-06-23,27,965132,수영하러 가요 키링 수영,감성놀이,키링/가방악세사리,2500,2026-05-12,
1903,6월_스포츠 악세사리,2026-06-09,2026-06-23,28,791970,스포츠키링,뉴마켓,키링/가방악세사리,1200,2025-09-18,
1903,6월_스포츠 악세사리,2026-06-09,2026-06-23,29,736713,수영선수 키링 에어팟케이스포함 여름 투명백 가방악세사너,뉴얼리 newerly,키링/가방악세사리,5500,2025-07-09,
1903,6월_스포츠 악세사리,2026-06-09,2026-06-23,30,780084,수영선수키링,뉴얼리 newerly,키링/가방악세사리,1300,2025-09-07,
1903,6월_스포츠 악세사리,2026-06-09,2026-06-23,31,699904,인어 &수영하는사람 포켓 파우치 지퍼백 키링,달다,키링/가방악세사리,1800,2025-04-28,
1903,6월_스포츠 악세사리,2026-06-09,2026-06-23,32,399476,튜브 선글라스 토끼인형 키링 가방키링 봉제인형 여름 수영복 바캉스,달다,키링/가방악세사리,5800,2024-05-06,
1903,6월_스포츠 악세사리,2026-06-09,2026-06-23,33,399475,튜브 에이드음료 비키니 토끼인형 키링 가방키링 봉제인형 여름 수영복 바캉스,달다,키링/가방악세사리,6000,2024-05-06,
1903,6월_스포츠 악세사리,2026-06-09,2026-06-23,34,855821,스포츠볼 키링,대흥,키링/가방악세사리,1000,2025-12-25,
1903,6월_스포츠 악세사리,2026-06-09,2026-06-23,35,716503,개당1000 스포츠 메탈키링 야구 골프 테니스 배드민턴 탁구,더칼라,키링/가방악세사리,1000,2025-05-23,
1903,6월_스포츠 악세사리,2026-06-09,2026-06-23,36,971851,키링 딸깍이 스포츠 공,디케이악세사리,키링/가방악세사리,1600,2026-05-21,
1903,6월_스포츠 악세사리,2026-06-09,2026-06-23,37,972766,키캡 1구 LED 스포츠,디케이악세사리,키링/가방악세사리,2200,2026-05-22,
1903,6월_스포츠 악세사리,2026-06-09,2026-06-23,38,915145,키캡 1구 스포츠ㆍ태극기 에어팟&키링 1팩 2200×5,디케이악세사리,키링/가방악세사리,11000,2026-03-14,
1903,6월_스포츠 악세사리,2026-06-09,2026-06-23,39,967320,키캡키링 4구 스포츠 LED 1팩 3000×10,디케이악세사리,키링/가방악세사리,30000,2026-05-14,
1903,6월_스포츠 악세사리,2026-06-09,2026-06-23,40,938412,스포츠 클릭커 키캡 키링 8종,라온,키링/가방악세사리,2000,2026-04-09,
1903,6월_스포츠 악세사리,2026-06-09,2026-06-23,41,921082,운동 스포츠 클리커 키캡 키링??,라유니크,키링/가방악세사리,2000,2026-03-23,
1903,6월_스포츠 악세사리,2026-06-09,2026-06-23,42,901143,제작/ 수영하는 연수반 친구들 LED 키캡 키링 ???♂?,라유니크,키링/가방악세사리,2300,2026-02-23,
1903,6월_스포츠 악세사리,2026-06-09,2026-06-23,43,905575,케틀벨 운동 스포츠 키링??,라유니크,키링/가방악세사리,2100,2026-02-26,
1903,6월_스포츠 악세사리,2026-06-09,2026-06-23,44,442558,수영복베어키링,라팡,키링/가방악세사리,6500,2024-07-11,
1903,6월_스포츠 악세사리,2026-06-09,2026-06-23,45,899513,스포츠로프볼펜,라팡,키링/가방악세사리,3500,2026-02-19,
1903,6월_스포츠 악세사리,2026-06-09,2026-06-23,46,971729,스포츠볼클릭커키링,라팡,키링/가방악세사리,2000,2026-05-20,
1903,6월_스포츠 악세사리,2026-06-09,2026-06-23,47,720881,정품)스포츠썸머버터베어키링,라팡,키링/가방악세사리,5000,2025-06-01,
1903,6월_스포츠 악세사리,2026-06-09,2026-06-23,48,735306,큐티스포츠볼키링,라팡,키링/가방악세사리,3500,2025-07-04,
1903,6월_스포츠 악세사리,2026-06-09,2026-06-23,49,783286,스포츠 바벨 원판 플레이트 열쇠고리 가방 악세사리 BM-164,리더스셀러,키링/가방악세사리,1200,2025-09-10,
1903,6월_스포츠 악세사리,2026-06-09,2026-06-23,50,957891,통풍 설계 햇빛차단 페이스커버 썸머 스포츠 마스크 BM-415,리더스셀러,마스크/마스크스트랩,2800,2026-04-30,
1903,6월_스포츠 악세사리,2026-06-09,2026-06-23,51,344272,수영튜브 그로밋 가방키링,림스비쥬,키링/가방악세사리,6000,2024-02-20,
1903,6월_스포츠 악세사리,2026-06-09,2026-06-23,52,910964,곰돌이 인형 백참 키링 스트랩 핸드폰악세사리 수영복 비키니,마지,키링/가방악세사리,17000,2026-03-09,
1903,6월_스포츠 악세사리,2026-06-09,2026-06-23,53,908700,스포츠 키링 골프 동호회 열쇠고리 미니어처 M50080,미소모아글로벌,키링/가방악세사리,1300,2026-03-04,
1903,6월_스포츠 악세사리,2026-06-09,2026-06-23,54,908699,스포츠 키링 농구 동호회 열쇠고리 미니어처 M50079,미소모아글로벌,키링/가방악세사리,1000,2026-03-04,
1903,6월_스포츠 악세사리,2026-06-09,2026-06-23,55,908701,스포츠 키링 배드민턴 동호회 열쇠고리 M50081,미소모아글로벌,키링/가방악세사리,1300,2026-03-04,
1903,6월_스포츠 악세사리,2026-06-09,2026-06-23,56,908696,스포츠 키링 볼링 동호회 열쇠고리 미니어처 M50068,미소모아글로벌,키링/가방악세사리,1300,2026-03-04,
1903,6월_스포츠 악세사리,2026-06-09,2026-06-23,57,908698,스포츠 키링 테니스 동호회 열쇠고리 키홀더 M50073,미소모아글로벌,키링/가방악세사리,1350,2026-03-04,
1903,6월_스포츠 악세사리,2026-06-09,2026-06-23,58,727395,미니 피규어 수영하는 사람 키링 D고리 핸드폰줄 _ 수영복 키고리,샤빌,키링/가방악세사리,900,2025-06-16,
1903,6월_스포츠 악세사리,2026-06-09,2026-06-23,59,635525,바캉스 수영복 강아지 인형 키링 _ 선글라스 헤어밴드 강아지,샤빌,키링/가방악세사리,6000,2025-02-20,
1903,6월_스포츠 악세사리,2026-06-09,2026-06-23,60,444285,여름 바캉스 수영복 그로밍 키링 _ 강아지 열쇠고리(튜브추가금),샤빌,키링/가방악세사리,6000,2024-07-17,
1903,6월_스포츠 악세사리,2026-06-09,2026-06-23,61,660032,인형 수영복 _ 인형 비키니 인형옷,샤빌,키링/가방악세사리,1800,2025-03-18,
1903,6월_스포츠 악세사리,2026-06-09,2026-06-23,62,664626,"수영장 키링 2종(백참,백꾸)",스르르,키링/가방악세사리,2500,2025-03-25,
1903,6월_스포츠 악세사리,2026-06-09,2026-06-23,63,664628,"수영장 킥판 키링 2종(백참,백꾸)",스르르,키링/가방악세사리,3000,2025-03-25,
1903,6월_스포츠 악세사리,2026-06-09,2026-06-23,64,811589,스포츠 고무 키링 1종,스르르,키링/가방악세사리,300,2025-10-28,
1903,6월_스포츠 악세사리,2026-06-09,2026-06-23,65,669941,오리 수영장 키링 1종,스르르,키링/가방악세사리,2000,2025-03-29,
1903,6월_스포츠 악세사리,2026-06-09,2026-06-23,66,730942,미니튜브 키링 부자재 인형꾸미기 키링만들기 굿즈 DIY 돌고래 여름신상 수영장 D757,스위니,키링/가방악세사리,400,2025-06-23,
1903,6월_스포츠 악세사리,2026-06-09,2026-06-23,67,436394,그로밋 인형 수영복 모루인형 비키니 세트 모남희 옷 인형키링 10cm~15cm 모루인형옷,심이룸,키링/가방악세사리,2500,2024-06-22,
1903,6월_스포츠 악세사리,2026-06-09,2026-06-23,68,670263,스포츠 공 키링,앤디어,키링/가방악세사리,3000,2025-03-30,
1903,6월_스포츠 악세사리,2026-06-09,2026-06-23,69,399839,딸기수영복옥순이키링(신상),엠유에스,키링/가방악세사리,7500,2024-05-06,
1903,6월_스포츠 악세사리,2026-06-09,2026-06-23,70,786200,수영장가는 원숭이키링(신상),엠유에스,키링/가방악세사리,5500,2025-09-14,
1903,6월_스포츠 악세사리,2026-06-09,2026-06-23,71,392580,수영장가는뿌뿌모루키링(신상)(자체제작),엠유에스,키링/가방악세사리,8000,2024-04-28,
1903,6월_스포츠 악세사리,2026-06-09,2026-06-23,72,441226,수영장가는아기곰키링(신상),엠유에스,키링/가방악세사리,6500,2024-07-07,
1903,6월_스포츠 악세사리,2026-06-09,2026-06-23,73,383480,수영장가는옥순이키링(신상),엠유에스,키링/가방악세사리,7000,2024-04-17,
1903,6월_스포츠 악세사리,2026-06-09,2026-06-23,74,437059,체리수영복곰돌이키링(신상),엠유에스,키링/가방악세사리,8000,2024-06-25,
1903,6월_스포츠 악세사리,2026-06-09,2026-06-23,75,431585,체리수영복입은옥순이키링(신상),엠유에스,키링/가방악세사리,7500,2024-06-12,
1903,6월_스포츠 악세사리,2026-06-09,2026-06-23,76,387790,한강수영장가는곰키링(신상),엠유에스,키링/가방악세사리,7000,2024-04-22,
1903,6월_스포츠 악세사리,2026-06-09,2026-06-23,77,963187,12구 LED 뽑기 소품샵 키캡 키링 딸깍이 스포츠 공 열쇠고리 차키 가방고리 가방키링,위드삐삐마켓,키링/가방악세사리,2800,2026-05-08,
1903,6월_스포츠 악세사리,2026-06-09,2026-06-23,78,920964,자체제작 해변 모래 수영 서핑 알록달록 제주도 파우치 DIY 키링 열쇠고리 폰줄 가방꾸미기,위드삐삐마켓,키링/가방악세사리,1600,2026-03-23,
1903,6월_스포츠 악세사리,2026-06-09,2026-06-23,79,917221,자체제작 해변 튜브 수영 서핑 알록달록 제주도 파우치 DIY 키링 열쇠고리 폰줄 가방꾸미기,위드삐삐마켓,키링/가방악세사리,2200,2026-03-17,
1903,6월_스포츠 악세사리,2026-06-09,2026-06-23,80,442231,수영복베어키링,제이래빗,키링/가방악세사리,6500,2024-07-10,
1903,6월_스포츠 악세사리,2026-06-09,2026-06-23,81,899190,스포츠로프볼펜,제이래빗,키링/가방악세사리,3500,2026-02-18,
1903,6월_스포츠 악세사리,2026-06-09,2026-06-23,82,971098,스포츠볼클릭커키링,제이래빗,키링/가방악세사리,2000,2026-05-20,
1903,6월_스포츠 악세사리,2026-06-09,2026-06-23,83,745231,여름 수영장 아크릴 키링,젤리젤리,키링/가방악세사리,1000,2025-07-30,
1903,6월_스포츠 악세사리,2026-06-09,2026-06-23,84,442479,하와이안 비키니 수영복 그로밋 키링,젤리젤리,키링/가방악세사리,6500,2024-07-11,
1903,6월_스포츠 악세사리,2026-06-09,2026-06-23,85,389524,탑나래 수영복 여자 키링(패턴랜덤) 6*16,탑나래,키링/가방악세사리,6000,2024-04-24,
1903,6월_스포츠 악세사리,2026-06-09,2026-06-23,86,399474,리본 비키니 진주목걸이 토끼인형 키링 가방키링 봉제인형 여름 수영복 바캉스,달다,키링/가방악세사리,6000,2024-05-06,
1904,6월_유럽 감성 에코,2026-06-09,2026-06-23,0,882033,[2026년 신상]6가지) 2026 데일리 에코백 숄더백 낱장가능,로브,숄더백/토트백,11000,2026-01-29,
1904,6월_유럽 감성 에코,2026-06-09,2026-06-23,1,978441,[2026 신상] 9컬러 레터링 에코백 여름 숄더백 낱장가능,로브,숄더백/토트백,10000,2026-06-01,
1904,6월_유럽 감성 에코,2026-06-09,2026-06-23,2,904794,3206 에코백,웁스,에코백/캔버스,13000,2026-02-26,
1904,6월_유럽 감성 에코,2026-06-09,2026-06-23,3,929325,크림데라크림에코백,은.(하우스),에코백/캔버스,6000,2026-04-01,
1904,6월_유럽 감성 에코,2026-06-09,2026-06-23,4,969523,프렌치에코백) 데일리 자수 꽃 플라워 가방 오간자  프렌치에코백(PU),DDM82,에코백/캔버스,12000,2026-05-18,
1904,6월_유럽 감성 에코,2026-06-09,2026-06-23,5,950314,0162 에코 숄더백,웁스,숄더백/토트백,10000,2026-04-21,
1904,6월_유럽 감성 에코,2026-06-09,2026-06-23,6,908033,드림 에코백,웁스,에코백/캔버스,10000,2026-03-04,
1904,6월_유럽 감성 에코,2026-06-09,2026-06-23,7,930699,라비 에코백,웁스,에코백/캔버스,6000,2026-04-02,
1904,6월_유럽 감성 에코,2026-06-09,2026-06-23,8,917430,레드 에코 레터링 에코 캔버스 빅 숄더백,웁스,에코백/캔버스,10000,2026-03-18,
1904,6월_유럽 감성 에코,2026-06-09,2026-06-23,9,904795,민트 에코백,웁스,에코백/캔버스,10000,2026-02-26,
1904,6월_유럽 감성 에코,2026-06-09,2026-06-23,10,905836,체크 리본 에코백,웁스,에코백/캔버스,10000,2026-02-27,
1904,6월_유럽 감성 에코,2026-06-09,2026-06-23,11,929335,도트스트링에코백,은.(하우스),에코백/캔버스,8000,2026-04-01,
1904,6월_유럽 감성 에코,2026-06-09,2026-06-23,12,917880,샤인자수에코백,은.(하우스),에코백/캔버스,10000,2026-03-19,
1904,6월_유럽 감성 에코,2026-06-09,2026-06-23,13,978443,[2026 신상] 토마토 양면 숄더백 그물 여름 가방 낱장가능,로브,숄더백/토트백,11000,2026-06-01,
1904,6월_유럽 감성 에코,2026-06-09,2026-06-23,14,660817,BEST)아일랜드 스트라이프 숄더백 여름 데일리 여행 가방 낱장가능,로브,숄더백/토트백,7000,2025-03-19,
1904,6월_유럽 감성 에코,2026-06-09,2026-06-23,15,910465,"봄신상 반다나숄더백,소프트호보백,원단가방,데일리,바배 [페이즐리 에코백]",미미가,에코백/캔버스,7000,2026-03-07,
1904,6월_유럽 감성 에코,2026-06-09,2026-06-23,16,927471,"봄신상 보부상백,미니멀백,기본가방,체크,키링별도판매[데일리패턴 빅에코백]",미미가,숄더백/토트백,6000,2026-03-30,
1904,6월_유럽 감성 에코,2026-06-09,2026-06-23,17,914514,"봄신상 플라워백,데일리백,가벼운가방,에코백,러블리[자수 레이스 숄더백]",미미가,숄더백/토트백,10000,2026-03-12,
1904,6월_유럽 감성 에코,2026-06-09,2026-06-23,18,952975,"봄여름 숄더백,데일리에코백,레터링,기본토트,대용량가방[캔버스 배색백]",미미가,숄더백/토트백,10000,2026-04-23,
1904,6월_유럽 감성 에코,2026-06-09,2026-06-23,19,951233,"봄여름 숄더백,피크닉백,보부상가방,대용량경량백 [스트라이프 빅 캔버스백]",미미가,에코백/캔버스,11000,2026-04-21,
1904,6월_유럽 감성 에코,2026-06-09,2026-06-23,20,437404,"여름신상 에코백,캔버스백,데일리백,원단가방,캐쥬얼백,기본숄더[러블리 에코백]",미미가,에코백/캔버스,7000,2024-06-25,
1904,6월_유럽 감성 에코,2026-06-09,2026-06-23,21,971299,코티즈 플라워 자수레이스 숄더 에코백,비쥬얼,숄더백/토트백,8000,2026-05-20,Y
1904,6월_유럽 감성 에코,2026-06-09,2026-06-23,22,910380,폴카도트 숄더 에코백,비쥬얼,숄더백/토트백,11000,2026-03-07,Y
1904,6월_유럽 감성 에코,2026-06-09,2026-06-23,23,923994,플라워 레이지 크로스앤숄더 에코백,비쥬얼,숄더백/토트백,8000,2026-03-26,Y
1904,6월_유럽 감성 에코,2026-06-09,2026-06-23,24,971296,플로럴 시스루 레이스 토드 앤 숄더 에코백,비쥬얼,숄더백/토트백,6000,2026-05-20,Y
1904,6월_유럽 감성 에코,2026-06-09,2026-06-23,25,949746,핸드 블럭 프린트 숄더 에코백,비쥬얼,숄더백/토트백,8000,2026-04-20,Y
1904,6월_유럽 감성 에코,2026-06-09,2026-06-23,26,964803,글로우시 도트 패턴 나일론 빅 숄더 에코백,비쥬얼,숄더백/토트백,18000,2026-05-12,Y
1904,6월_유럽 감성 에코,2026-06-09,2026-06-23,27,937508,데이지 자수 레이스 홀터 숄더 에코백,비쥬얼,숄더백/토트백,16000,2026-04-08,Y
1904,6월_유럽 감성 에코,2026-06-09,2026-06-23,28,980460,레이스 프릴 벨 숄더 에코백,비쥬얼,에코백/캔버스,12000,2026-06-04,Y
1904,6월_유럽 감성 에코,2026-06-09,2026-06-23,29,937486,레이스 플라워 자수 이중 패브릭 숄더 에코백,비쥬얼,숄더백/토트백,10000,2026-04-08,Y
1904,6월_유럽 감성 에코,2026-06-09,2026-06-23,30,934863,린넨 스티치 레터링  숄더 에코백,비쥬얼,숄더백/토트백,13000,2026-04-06,Y
1904,6월_유럽 감성 에코,2026-06-09,2026-06-23,31,937480,배색 컬러라인 캔버스 숄더앤토드 에코백,비쥬얼,숄더백/토트백,9000,2026-04-08,Y
1904,6월_유럽 감성 에코,2026-06-09,2026-06-23,32,935743,라피아포레스트에코백) 플라워 자수 레이스 스퀘어 사각 데일리 시스루 여행,DDM82,숄더백/토트백,10000,2026-04-07,
1904,6월_유럽 감성 에코,2026-06-09,2026-06-23,33,935705,라피아플라워에코백) 레이스 플라워 프랜치 감성 숄더백 여름 시스루 데일리,DDM82,숄더백/토트백,10000,2026-04-07,
1904,6월_유럽 감성 에코,2026-06-09,2026-06-23,34,941785,메종플라워에코백) 캔버스 데일리 캐쥬얼 가벼운 에코백 가방 프랜치 감성,DDM82,에코백/캔버스,12000,2026-04-13,
1904,6월_유럽 감성 에코,2026-06-09,2026-06-23,35,967512,베베스트라이프) 여행 스트라이프 핑크 블루 가방 데일리 대용량 에코백,DDM82,숄더백/토트백,9000,2026-05-15,
1904,6월_유럽 감성 에코,2026-06-09,2026-06-23,36,923402,샴토드_대) 봄신상 숄더백 접이식 크로스백 데일리 천가방 에코백 여행,DDM82,숄더백/토트백,9000,2026-03-25,
1904,6월_유럽 감성 에코,2026-06-09,2026-06-23,37,918280,샴토드_중) 봄신상 숄더백 크로스백 데일리 나일론백 천가방 에코백 여행,DDM82,숄더백/토트백,10000,2026-03-19,
1904,6월_유럽 감성 에코,2026-06-09,2026-06-23,38,923401,셔링리본 에코백) 데일리 숄더백 휴가 바캉스룩 봄소풍,DDM82,숄더백/토트백,12000,2026-03-25,
1904,6월_유럽 감성 에코,2026-06-09,2026-06-23,39,981141,쉬폰플라워에코백) 플라워 레이스 가벼운 데일리 감성 에코백 리본,DDM82,에코백/캔버스,12000,2026-06-05,
1904,6월_유럽 감성 에코,2026-06-09,2026-06-23,40,922456,"신상)4037몬트캔버스백_가방,빅백,숄더백,에코백,스트랩",메바,에코백/캔버스,14000,2026-03-25,
1904,6월_유럽 감성 에코,2026-06-09,2026-06-23,41,959474,"신상)4053스트링숄더백_가방,에코백,빅백,보부상,스트랩,매듭",메바,숄더백/토트백,13000,2026-05-05,
1904,6월_유럽 감성 에코,2026-06-09,2026-06-23,42,979328,"신상)4059세이호보백_가방,캔버스,숄더백,에코백,호보백,자수",메바,에코백/캔버스,12000,2026-06-03,
1904,6월_유럽 감성 에코,2026-06-09,2026-06-23,43,959913,B07라벨에코백 캔버스 스트라이프 빅사이즈 숄더 토트백 데일리 가방,라익(like),에코백/캔버스,12000,2026-05-06,
1904,6월_유럽 감성 에코,2026-06-09,2026-06-23,44,943700,신상 2917스턴백 빅 숄더백 호보백 레더 블랙 가방,라익(like),에코백/캔버스,13000,2026-04-14,
1904,6월_유럽 감성 에코,2026-06-09,2026-06-23,45,966509,신상 B09피치에코백 체크 패턴 피치 레터링 에코백 캔버스 숄더백 데일리백 캐주얼가방,라익(like),에코백/캔버스,7000,2026-05-14,
1904,6월_유럽 감성 에코,2026-06-09,2026-06-23,46,969813,신상 B10리본에코백 리본 빅리본 체크 숄더백 에코백 가방,라익(like),에코백/캔버스,8000,2026-05-19,
1904,6월_유럽 감성 에코,2026-06-09,2026-06-23,47,969812,신상 B12코지니트백 니트 네트 숄더백 에코백 가방,라익(like),에코백/캔버스,14000,2026-05-19,
1904,6월_유럽 감성 에코,2026-06-09,2026-06-23,48,980864,신상2437빅에코백 스트라이프 패브릭 숄더 빅사이즈 데일리백,라익(like),에코백/캔버스,10000,2026-06-05,
1904,6월_유럽 감성 에코,2026-06-09,2026-06-23,49,955260,신상2708 나일론 숄더백 빅 에코백 데일리 가방,라익(like),에코백/캔버스,11000,2026-04-27,
1904,6월_유럽 감성 에코,2026-06-09,2026-06-23,50,955244,신상썬데이에코백 코튼 캔버스 레터링 숄더백 빅사이즈 에코백 쇼퍼백,라익(like),에코백/캔버스,10000,2026-04-27,
1904,6월_유럽 감성 에코,2026-06-09,2026-06-23,51,943688,주문폭주 2439 에코백 나일론 빅사이즈 숄더백 레터링 프린트 데일리백 쇼퍼백 토트백,라익(like),에코백/캔버스,9000,2026-04-14,
1904,6월_유럽 감성 에코,2026-06-09,2026-06-23,52,955238,주폭 2709 에코백 스트라이프 코튼 빅 숄더백 프린팅 로고백,라익(like),에코백/캔버스,10000,2026-04-27,
1904,6월_유럽 감성 에코,2026-06-09,2026-06-23,53,963721,신상 캔버스 도트 쇼퍼백(숄더백)(보부상),대영유통,에코백/캔버스,11000,2026-05-11,
1904,6월_유럽 감성 에코,2026-06-09,2026-06-23,54,966455,애니멀패턴에코백) 펀칭 자수 민트 에코백 데일리 코튼 패턴,DDM82,에코백/캔버스,12000,2026-05-14,
1904,6월_유럽 감성 에코,2026-06-09,2026-06-23,55,967508,애니멀패턴플라워) 에코백 코튼 플라워 데일리 가벼운 꽃 플로럴,DDM82,에코백/캔버스,9000,2026-05-15,
1904,6월_유럽 감성 에코,2026-06-09,2026-06-23,56,967516,에코백9000) 면 에코백 패턴 머스터드 패브릭 여행 가방 데일리백,DDM82,에코백/캔버스,9000,2026-05-15,
1904,6월_유럽 감성 에코,2026-06-09,2026-06-23,57,954458,엠보블라썸) 플라워 자수 코튼 에코백 데일리 러블리 감성 꽃,DDM82,에코백/캔버스,7000,2026-04-24,
1904,6월_유럽 감성 에코,2026-06-09,2026-06-23,58,981142,오간자리본에코백) 오간자 쉬폰 시스루 여름 가방 발레코어,DDM82,에코백/캔버스,9000,2026-06-05,
1904,6월_유럽 감성 에코,2026-06-09,2026-06-23,59,958556,레빗 컬러 나일론 스트링 에코백 숄더백,대지꿀꿀집,숄더백/토트백,12500,2026-05-01,
1904,6월_유럽 감성 에코,2026-06-09,2026-06-23,60,917244,골지 땡땡이 플라워 에코숄더백,림스비쥬,숄더백/토트백,7000,2026-03-17,
1904,6월_유럽 감성 에코,2026-06-09,2026-06-23,61,921106,페이즐리 반다나 면 에코백,림스비쥬,숄더백/토트백,8000,2026-03-24,
1904,6월_유럽 감성 에코,2026-06-09,2026-06-23,62,919938,땡별에코양면,신짱,숄더백/토트백,10000,2026-03-23,
1904,6월_유럽 감성 에코,2026-06-09,2026-06-23,63,951606,망에코쓰리,신짱,숄더백/토트백,10000,2026-04-22,
1904,6월_유럽 감성 에코,2026-06-09,2026-06-23,64,917911,망에코원,신짱,숄더백/토트백,8000,2026-03-19,
1904,6월_유럽 감성 에코,2026-06-09,2026-06-23,65,917912,망에코투,신짱,숄더백/토트백,9000,2026-03-19,
1904,6월_유럽 감성 에코,2026-06-09,2026-06-23,66,951629,망에코포,신짱,숄더백/토트백,10000,2026-04-22,
1904,6월_유럽 감성 에코,2026-06-09,2026-06-23,67,950136,(다음주입고)하나에코백 가방 캔버스 숄더백 인스타 리조트백 B325,아띠젠,에코백/캔버스,8500,2026-04-20,
1904,6월_유럽 감성 에코,2026-06-09,2026-06-23,68,959773,토토에코백 가방 양면 숄더백 토마토 귀여운 B329,아띠젠,에코백/캔버스,12000,2026-05-05,
1904,6월_유럽 감성 에코,2026-06-09,2026-06-23,69,971833,(내추럴 에코백 토트백 숄더백 끈 매듭 디테일 가방 데일리)ab1902,엘티이,숄더백/토트백,13000,2026-05-21,
1904,6월_유럽 감성 에코,2026-06-09,2026-06-23,70,920055,(워싱 캔버스 빅 토트백 크로스백 데미지 워싱 보부상 빈티지)ab1863,엘티이,에코백/캔버스,14000,2026-03-23,
1904,6월_유럽 감성 에코,2026-06-09,2026-06-23,71,980631,실버 에코백 보조가방,와랑온,에코백/캔버스,2000,2026-06-04,
1904,6월_유럽 감성 에코,2026-06-09,2026-06-23,72,937625,마그에코백,요즈메,숄더백/토트백,13000,2026-04-09,
1904,6월_유럽 감성 에코,2026-06-09,2026-06-23,73,937643,사이드포켓에코백,요즈메,숄더백/토트백,11000,2026-04-09,
1904,6월_유럽 감성 에코,2026-06-09,2026-06-23,74,939412,양면빅에코백,요즈메,숄더백/토트백,9000,2026-04-09,
1904,6월_유럽 감성 에코,2026-06-09,2026-06-23,75,937628,양면스트라이프에코백,요즈메,숄더백/토트백,8000,2026-04-09,
1904,6월_유럽 감성 에코,2026-06-09,2026-06-23,76,937632,양면에코백,요즈메,숄더백/토트백,9000,2026-04-09,
1904,6월_유럽 감성 에코,2026-06-09,2026-06-23,77,937641,에이치에코백,요즈메,숄더백/토트백,4000,2026-04-09,
1904,6월_유럽 감성 에코,2026-06-09,2026-06-23,78,937630,투트랩에코백,요즈메,숄더백/토트백,7000,2026-04-09,
1904,6월_유럽 감성 에코,2026-06-09,2026-06-23,79,929326,네츄럴코튼에코백,은.(하우스),에코백/캔버스,5000,2026-04-01,
1904,6월_유럽 감성 에코,2026-06-09,2026-06-23,80,947157,맨드라미 한줄에코백,은.(하우스),에코백/캔버스,7000,2026-04-17,
1904,6월_유럽 감성 에코,2026-06-09,2026-06-23,81,929323,블랙로즈에코백,은.(하우스),에코백/캔버스,9000,2026-04-01,
1904,6월_유럽 감성 에코,2026-06-09,2026-06-23,82,947156,숄더묶음에코백,은.(하우스),에코백/캔버스,8000,2026-04-17,
1904,6월_유럽 감성 에코,2026-06-09,2026-06-23,83,971030,실키웨이에코백,은.(하우스),에코백/캔버스,7000,2026-05-20,
1904,6월_유럽 감성 에코,2026-06-09,2026-06-23,84,971015,오렌지도트빅빅에코백,은.(하우스),에코백/캔버스,10000,2026-05-20,
1904,6월_유럽 감성 에코,2026-06-09,2026-06-23,85,929347,써클자수한줄에코백,은.(하우스),에코백/캔버스,10000,2026-04-01,
1904,6월_유럽 감성 에코,2026-06-09,2026-06-23,86,977800,썸머플라워에코백,은.(하우스),에코백/캔버스,8000,2026-06-01,
1904,6월_유럽 감성 에코,2026-06-09,2026-06-23,87,979333,쓰리플라워원숄더에코백,은.(하우스),에코백/캔버스,8000,2026-06-03,
1904,6월_유럽 감성 에코,2026-06-09,2026-06-23,88,955156,위자수양면에코백,은.(하우스),에코백/캔버스,5000,2026-04-27,
1904,6월_유럽 감성 에코,2026-06-09,2026-06-23,89,977804,체크시스루에코백,은.(하우스),에코백/캔버스,4000,2026-06-01,
1904,6월_유럽 감성 에코,2026-06-09,2026-06-23,90,955157,폴리줄지쇼퍼에코백,은.(하우스),에코백/캔버스,6000,2026-04-27,
1904,6월_유럽 감성 에코,2026-06-09,2026-06-23,91,947136,플라워코튼양면에코백,은.(하우스),에코백/캔버스,9000,2026-04-17,
1904,6월_유럽 감성 에코,2026-06-09,2026-06-23,92,947159,핑크오간자 쇼퍼백,은.(하우스),에코백/캔버스,4000,2026-04-17,
1904,6월_유럽 감성 에코,2026-06-09,2026-06-23,93,965185,인기폭발 가성비굿 924번 크로스백,제이컬렉션 ,에코백/캔버스,10000,2026-05-12,
1904,6월_유럽 감성 에코,2026-06-09,2026-06-23,94,939439,702마그에코백,핏보우,숄더백/토트백,13000,2026-04-10,
1904,6월_유럽 감성 에코,2026-06-09,2026-06-23,95,939459,709양면스트라이프에코백,핏보우,숄더백/토트백,8000,2026-04-10,
1904,6월_유럽 감성 에코,2026-06-09,2026-06-23,96,939445,711투트랩에코백,핏보우,숄더백/토트백,7000,2026-04-10,
1904,6월_유럽 감성 에코,2026-06-09,2026-06-23,97,939449,713양면에코백,핏보우,숄더백/토트백,9000,2026-04-10,
1904,6월_유럽 감성 에코,2026-06-09,2026-06-23,98,939467,722에이치에코백,핏보우,숄더백/토트백,4000,2026-04-10,
1904,6월_유럽 감성 에코,2026-06-09,2026-06-23,99,939460,723사이드포켓에코백,핏보우,숄더백/토트백,11000,2026-04-10,
1904,6월_유럽 감성 에코,2026-06-09,2026-06-23,100,939468,731양면빅에코백,핏보우,숄더백/토트백,9000,2026-04-10,
1904,6월_유럽 감성 에코,2026-06-09,2026-06-23,101,966416,745스티치리본에코백,핏보우,숄더백/토트백,7000,2026-05-14,
1904,6월_유럽 감성 에코,2026-06-09,2026-06-23,102,966428,755두줄페브릭에코백,핏보우,에코백/캔버스,14000,2026-05-14,
1905,6월_패턴 반팔티,2026-06-09,2026-06-23,0,971012,텐셀원단)로즈도트반팔,퍼플그레이,반소매,6000,2026-05-20,
1905,6월_패턴 반팔티,2026-06-09,2026-06-23,1,670726,스트라이프 시크 반팔,스네지,반소매,13000,2025-03-31,
1905,6월_패턴 반팔티,2026-06-09,2026-06-23,2,960709,레이스 패턴 배색 라운드 반소매 니트,인스타,반소매,13000,2026-05-07,
1905,6월_패턴 반팔티,2026-06-09,2026-06-23,3,953783,도트배색T,블로윙,반소매,23000,2026-04-24,
1905,6월_패턴 반팔티,2026-06-09,2026-06-23,4,915623,유넥 스트라이프 반소매 언발 티셔츠,가쉽,반소매,10000,2026-03-16,Y
1905,6월_패턴 반팔티,2026-06-09,2026-06-23,5,978747,텐셀단가라T(여름 신상 반팔티 스트라이프 나염티 시원한 린넨셔츠),에스에프,반소매,7000,2026-06-02,
1905,6월_패턴 반팔티,2026-06-09,2026-06-23,6,910795,크롭단가라T (면티 박스티 봄신상 스트라이프 단가라 반팔t 루즈핏),에스에프,반소매,8000,2026-03-09,
1905,6월_패턴 반팔티,2026-06-09,2026-06-23,7,911366,포뇨스트라이프T(오프숄더 루즈핏 티셔츠),위크플랜,반소매,14000,2026-03-10,
1905,6월_패턴 반팔티,2026-06-09,2026-06-23,8,924352,오버단가라티(여름신상 스트라이프 오버핏 루즈핏 스티치 박스 티셔츠),플랫유,반소매,9000,2026-03-26,
1905,6월_패턴 반팔티,2026-06-09,2026-06-23,9,899442,쿠키단가라유넥티(봄신상 여리핏 반팔 5부 스트라이프 배색 링거),플랫유,반소매,8000,2026-02-19,
1905,6월_패턴 반팔티,2026-06-09,2026-06-23,10,720969,레이스초커반팔,프릴몬드,반소매,8000,2025-06-02,
1905,6월_패턴 반팔티,2026-06-09,2026-06-23,11,950158,도트카프t,파인씨,반소매,10000,2026-04-21,
1905,6월_패턴 반팔티,2026-06-09,2026-06-23,12,971804,파인 단가라 링거티-20수코튼 스트라이프 남녀공용 레이어드티 반팔티,시기,반소매,12000,2026-05-21,
1905,6월_패턴 반팔티,2026-06-09,2026-06-23,13,971805,파인 스트라이프 링거티-단가라 20수코튼 반팔티 국내제작 남녀공용 신상,시기,반소매,12000,2026-05-21,
1905,6월_패턴 반팔티,2026-06-09,2026-06-23,14,959143,파인 스트라이프 링거티 단가라 반팔티 루즈핏 국내제작 레이어드티 신상,시기,반소매,12000,2026-05-04,
1905,6월_패턴 반팔티,2026-06-09,2026-06-23,15,726700,도트셔링반팔,프릴몬드,반소매,7000,2025-06-13,
1905,6월_패턴 반팔티,2026-06-09,2026-06-23,16,944255,26SS) 루밍도트반팔T (도트티 레이스 프릴 브이넥 땡땡이 세미크롭반팔,소르베,반소매,8000,2026-04-15,
1905,6월_패턴 반팔티,2026-06-09,2026-06-23,17,950188,델리도트T (땡땡이 레터링 키치 세미크롭 반팔티 캐주얼,소르베,반소매,7000,2026-04-21,
1905,6월_패턴 반팔티,2026-06-09,2026-06-23,18,942965,26SS) 지니레이어드T (도트 망사 퍼프소매 리본 반팔 시스루 레이스,소르베,반소매,7000,2026-04-14,
1905,6월_패턴 반팔티,2026-06-09,2026-06-23,19,951459,포잉레이스T (도트반팔티 레이스 절개 반팔티 땡땡이 세미크롭,소르베,반소매,10000,2026-04-21,
1905,6월_패턴 반팔티,2026-06-09,2026-06-23,20,917934,26SS신상) 줄빵배색티 77반가능 봄여름 소매7부기장 스트라이프 줄지,노멀,반소매,22000,2026-03-19,
1905,6월_패턴 반팔티,2026-06-09,2026-06-23,21,951481,프링펀칭T (오프숄더 펀칭나시 골지 셔링 퍼프티 레이스 여리핏,소르베,반소매,11000,2026-04-22,
1905,6월_패턴 반팔티,2026-06-09,2026-06-23,22,951460,이브머플러T (머플러세트 도트 레이스 셔링퍼프티 프릴 오프숄더,소르베,반소매,10000,2026-04-21,
1905,6월_패턴 반팔티,2026-06-09,2026-06-23,23,928313,"기본핏-단가라루즈브이넥반팔-여름,데일리,스트라이프,티셔츠,쫀쫀,심플,찰랑",데일르,반소매,6000,2026-03-31,
1905,6월_패턴 반팔티,2026-06-09,2026-06-23,24,918566,"기본핏-단가라배색나그랑반팔-루즈,여름,스트라이프,유넥,보트넥,레이어드이너",데일르,반소매,6000,2026-03-20,
1905,6월_패턴 반팔티,2026-06-09,2026-06-23,25,905791,"기본핏-단가라버튼반팔-헨리넥,스트라이프,브이넥,여름티,꾸안꾸,루즈,데일리",데일르,반소매,7500,2026-02-27,
1905,6월_패턴 반팔티,2026-06-09,2026-06-23,26,959864,레이스 배색 퍼프소매 프린트 반팔티,인스타,반소매,13000,2026-05-06,
1905,6월_패턴 반팔티,2026-06-09,2026-06-23,27,941286,배색 스트라이프 레이어드 카라 반팔 니트,인스타,반소매,13000,2026-04-13,
1905,6월_패턴 반팔티,2026-06-09,2026-06-23,28,948514,플라워 레이스 퍼프 반팔 가디건,인스타,반소매,19000,2026-04-20,
1905,6월_패턴 반팔티,2026-06-09,2026-06-23,29,710414,도트레이스티,제이투,반소매,10000,2025-05-14,
1905,6월_패턴 반팔티,2026-06-09,2026-06-23,30,713043,드레이프레이스티,제이투,반소매,7000,2025-05-19,
1905,6월_패턴 반팔티,2026-06-09,2026-06-23,31,921749,레이스오프티,제이투,반소매,11000,2026-03-24,
1905,6월_패턴 반팔티,2026-06-09,2026-06-23,32,945432,26SS)미유퍼프T (오프숄더 크롭 레이스 퍼프소배 배색반팔티 러블리,소르베,반소매,10000,2026-04-16,
1905,6월_패턴 반팔티,2026-06-09,2026-06-23,33,951486,로지리본T (리본 레이스 퍼프 셔링 소매 반팔 슬림핏 일체형,소르베,반소매,9000,2026-04-22,
1905,6월_패턴 반팔티,2026-06-09,2026-06-23,34,950186,보니반팔BL (블라우스 카라 레이어드셔츠 셔링 스트라이프 리본,소르베,반소매,10000,2026-04-21,
1905,6월_패턴 반팔티,2026-06-09,2026-06-23,35,707656,메르시도트T(발포나염),가십걸,반소매,18000,2025-05-09,
1905,6월_패턴 반팔티,2026-06-09,2026-06-23,36,854887,카누스트라이프MTM,가십걸,반소매,22000,2025-12-23,
1905,6월_패턴 반팔티,2026-06-09,2026-06-23,37,942515,135 펀칭 레이스 플라워 잔꽃 리본 프릴 여름 유넥스 라운드 반팔티 티셔츠,포에(Poe),반소매,11000,2026-04-14,
1905,6월_패턴 반팔티,2026-06-09,2026-06-23,38,942517,161 펀칭 플라워 헨리넥 단추티 레이스 프릴 잔꽃 유넥 반팔티 여름,포에(Poe),반소매,13000,2026-04-14,
1905,6월_패턴 반팔티,2026-06-09,2026-06-23,39,942519,9021 스트라이프 단가라 카라티 반팔 여름 pk티셔츠 배색,포에(Poe),반소매,11500,2026-04-14,
1905,6월_패턴 반팔티,2026-06-09,2026-06-23,40,934873,신상)8482 레이스 나시 - 티 셋트,까망여시,반소매,16000,2026-04-06,
1905,6월_패턴 반팔티,2026-06-09,2026-06-23,41,953902,레이스 뷔스티에  반소매 티셔츠,러브썸,반소매,16000,2026-04-24,
1905,6월_패턴 반팔티,2026-06-09,2026-06-23,42,885404,26ss)도트 셔링 반팔,로라,반소매,11000,2026-02-02,
1905,6월_패턴 반팔티,2026-06-09,2026-06-23,43,885401,26ss)도트레이스 반팔,로라,반소매,11000,2026-02-02,
1905,6월_패턴 반팔티,2026-06-09,2026-06-23,44,973756,신상)엑스프릴 도트 반팔티,로라,반소매,9000,2026-05-24,
1905,6월_패턴 반팔티,2026-06-09,2026-06-23,45,858220,골지 패턴 니트 반팔티 슬림한 실루엣 단추 티셔츠 LDN-20250081,리더스셀러,반소매,17200,2026-01-02,
1905,6월_패턴 반팔티,2026-06-09,2026-06-23,46,861066,사랑스러운 패턴 니트 반팔티 페미닌 퍼프소매 니트티 LDN-20250074,리더스셀러,반소매,14400,2026-01-08,
1905,6월_패턴 반팔티,2026-06-09,2026-06-23,47,861060,섬세한 레이스 디테일 블라우스 러블리 여성 반팔티 LDN-20250061,리더스셀러,반소매,26000,2026-01-08,
1905,6월_패턴 반팔티,2026-06-09,2026-06-23,48,899233,스윗 티(오프숄더 레이스 리본 셔링 슬림핏 발레코어 페미닌),뉴비(New B),반소매,11500,2026-02-19,
1905,6월_패턴 반팔티,2026-06-09,2026-06-23,49,911398,홀리 티(잔별 스트라이프 드레이프 y2k 유니크 힙),뉴비(New B),반소매,7500,2026-03-10,
1905,6월_패턴 반팔티,2026-06-09,2026-06-23,50,915973,리버스반팔니트(스트라이프니트 단가라니트 반팔니트 기본니트베이직 줄단가라 마린,더베이스,반소매,15000,2026-03-16,
1905,6월_패턴 반팔티,2026-06-09,2026-06-23,51,931466,자가드레이스티,더별,반소매,7000,2026-04-03,
1905,6월_패턴 반팔티,2026-06-09,2026-06-23,52,960632,허니자수단가라T (신상 자수 스트라이프 반팔 티셔츠 오버핏),더블에이치,반소매,12000,2026-05-07,
1905,6월_패턴 반팔티,2026-06-09,2026-06-23,53,959461,스퀘어넥 레이스 반팔,데이원(dayone),반소매,8000,2026-05-04,
1905,6월_패턴 반팔티,2026-06-09,2026-06-23,54,974353,"미니 스트라이프 반팔T (신상,여름,여름반팔,여름티셔츠,쫀쫀,슬림핏)",라코닉 (구 마가린상회),반소매,11000,2026-05-26,
1905,6월_패턴 반팔티,2026-06-09,2026-06-23,55,942491,도트반팔,미니멀,반소매,7000,2026-04-13,
1905,6월_패턴 반팔티,2026-06-09,2026-06-23,56,930252,드로잉단가라티 (컬러풀 스트라이프 랍빠배색 티셔츠),바이지오,반소매,7000,2026-04-01,
1905,6월_패턴 반팔티,2026-06-09,2026-06-23,57,934870,러키단가라티 (댕깡지 티셔츠 스트라이프 줄무늬 여름),바이지오,반소매,8000,2026-04-06,
1905,6월_패턴 반팔티,2026-06-09,2026-06-23,58,971507,반팔 마  루즈핏 라운드넥 스트라이프 체크 반팔티,반하다,반소매,27000,2026-05-20,
1905,6월_패턴 반팔티,2026-06-09,2026-06-23,59,859203,체리 패턴 루즈핏 반팔티,벨리노(Bellino),반소매,14000,2026-01-06,
1905,6월_패턴 반팔티,2026-06-09,2026-06-23,60,913749,"26s/s세인트7부 단가라(햇빛차단)속티,기존이너,스트라이프,베스트셀러",보노비,반소매,10000,2026-03-12,
1905,6월_패턴 반팔티,2026-06-09,2026-06-23,61,952152,루나 반팔티셔츠 레이스 시스루 이너티 26SS 신상,부키네,반소매,10000,2026-04-22,
1905,6월_패턴 반팔티,2026-06-09,2026-06-23,62,952142,베이비 레이스 반팔티셔츠 리본 스트링 셔링 면티 버튼 여름신상,부키네,반소매,14000,2026-04-22,
1905,6월_패턴 반팔티,2026-06-09,2026-06-23,63,952077,씨엘 반팔티셔츠 레이스 물결 썸머 스트라이프 2026SS 여름신상,부키네,반소매,10000,2026-04-22,
1905,6월_패턴 반팔티,2026-06-09,2026-06-23,64,916088,(26SS)도트투웨이(주문폭주),사이다,반소매,17000,2026-03-16,
1905,6월_패턴 반팔티,2026-06-09,2026-06-23,65,975926,더블스티치티)))))잔스트라이프 링거 반팔 티셔츠,샘스,반소매,14000,2026-05-28,
1905,6월_패턴 반팔티,2026-06-09,2026-06-23,66,944481,러키단가라티(스트라이프 빅사이즈 캐주얼 면,세종,반소매,8000,2026-04-15,
1905,6월_패턴 반팔티,2026-06-09,2026-06-23,67,966382,파인 단가라 링거피 반팔 스트라이프 남녀공용 루즈핏 레이어드 국내제작,시기,반소매,12000,2026-05-13,
1905,6월_패턴 반팔티,2026-06-09,2026-06-23,68,757192,스트라이프 티,써유니,반소매,9000,2025-08-18,
1905,6월_패턴 반팔티,2026-06-09,2026-06-23,69,979930,5356-0 ST반팔티 (캐쥬얼 무드 스트라이프 반팔티 단가라반팔티),안나ANNA,반소매,10000,2026-06-04,
1905,6월_패턴 반팔티,2026-06-09,2026-06-23,70,933224,스트라이프 배색 린넨룩 반팔 티셔츠,어린왕자,반소매,7000,2026-04-05,
1905,6월_패턴 반팔티,2026-06-09,2026-06-23,71,737001,도로시캡티셔츠(도트 캡소매 땡땡이 리본 유넥 브이넥 오프숄더),에이썬,반소매,9000,2025-07-10,
1905,6월_패턴 반팔티,2026-06-09,2026-06-23,72,736989,키온오프티셔츠(끈 y2k 오프숄더 반팔 레이어드 레이스 셔링),에이썬,반소매,12000,2025-07-10,
1905,6월_패턴 반팔티,2026-06-09,2026-06-23,73,921409,H2628 레이스 퍼프 소매 티,에이치투,반소매,14000,2026-03-24,
1905,6월_패턴 반팔티,2026-06-09,2026-06-23,74,739900,스퀘어 안개 엣지 레이스 반팔 티셔츠 봄 여름 가을 상의 여름 퍼프 반팔 상의 티셔츠 셔츠,엘은진,반소매,11800,2025-07-18,
1905,6월_패턴 반팔티,2026-06-09,2026-06-23,75,742705,스트라이프 파스텔 솔리드 반팔 티셔츠 봄 여름 가을 상의 여름 퍼프 반팔,엘은진,반소매,8600,2025-07-25,
1905,6월_패턴 반팔티,2026-06-09,2026-06-23,76,937421,"[대박상품][레이스,티셔츠,블라우스]  하단 레이스T",엣지,반소매,11000,2026-04-08,
1905,6월_패턴 반팔티,2026-06-09,2026-06-23,77,937419,레이스v넥T 0829,엣지,반소매,9000,2026-04-08,
1905,6월_패턴 반팔티,2026-06-09,2026-06-23,78,950245,"26여름신상_(세트)아이브ST(나시,스트라이프,크롭,오프숄더",카라멜,반소매,8000,2026-04-21,
1905,6월_패턴 반팔티,2026-06-09,2026-06-23,79,922517,"26여름신상_스팟ST반팔T(포인트,스트라이프,단추,브이넥,슬림핏,세미크롭",카라멜,반소매,8000,2026-03-25,
1905,6월_패턴 반팔티,2026-06-09,2026-06-23,80,915440,"26여름신상_스팟ST반팔T(포인트,스트라이프,단추,브이넥,슬림핏,세미크롭",카라멜,반소매,8000,2026-03-16,
1905,6월_패턴 반팔티,2026-06-09,2026-06-23,81,916522,"26여름신상_애니단가라지퍼카라T(반집업,스트라이프,지퍼포인트",카라멜,반소매,11000,2026-03-17,
1905,6월_패턴 반팔티,2026-06-09,2026-06-23,82,923419,"26여름신상_애니단가라지퍼카라T(반집업,스트라이프,지퍼포인트,반팔,오버핏",카라멜,반소매,11000,2026-03-25,
1905,6월_패턴 반팔티,2026-06-09,2026-06-23,83,939500,"26여름신상_프릴도트반팔(단추,포인트,도트,카라,데이트룩,꾸안꾸",카라멜,반소매,9000,2026-04-10,
1905,6월_패턴 반팔티,2026-06-09,2026-06-23,84,941038,"26여름신상_플라워레이스반팔T(레이스포인트,플라워자수,단추,세미크롭",카라멜,반소매,8500,2026-04-13,
1905,6월_패턴 반팔티,2026-06-09,2026-06-23,85,914665,"06 나리레이스 자수 벌룬 티셔츠 (미시,봄신상,여름신상)",예쁜해파리,반소매,11000,2026-03-13,
1905,6월_패턴 반팔티,2026-06-09,2026-06-23,86,734326,레이스카라단가라반팔_패치 데일리 포인트 꾸안꾸 배색 박시,오진호,반소매,15000,2025-07-02,
1905,6월_패턴 반팔티,2026-06-09,2026-06-23,87,926795,레이스카라티,오진호,반소매,15000,2026-03-30,
1905,6월_패턴 반팔티,2026-06-09,2026-06-23,88,947607,Snp스트라이프티셔츠 티셔츠 면티,와이케이(YK),반소매,15000,2026-04-17,
1905,6월_패턴 반팔티,2026-06-09,2026-06-23,89,956748,넥자수레이스티  반팔 티셔츠,와이케이(YK),반소매,13000,2026-04-28,
1905,6월_패턴 반팔티,2026-06-09,2026-06-23,90,931336,레드넥 자수포인트 스트라이프 반소매 티셔츠,와이케이(YK),반소매,12000,2026-04-02,
1905,6월_패턴 반팔티,2026-06-09,2026-06-23,91,951245,밑단 레이스 반팔티 ) 티셔츠 면티,와이케이(YK),반소매,16000,2026-04-21,
1905,6월_패턴 반팔티,2026-06-09,2026-06-23,92,972465,꽈배기도트T(땡땡이 꼬임티 레이어드 반팔티 무지),우주,반소매,12000,2026-05-21,
1905,6월_패턴 반팔티,2026-06-09,2026-06-23,93,972468,하트플라워T(레이스 나염 박스티 오버핏 루즈핏 빅사이즈),우주,반소매,13000,2026-05-21,
1905,6월_패턴 반팔티,2026-06-09,2026-06-23,94,976617,멜로버튼T(스트라이프 골지 버튼숄더 슬림핏 반팔티),원퍼센트,반소매,13000,2026-05-29,
1905,6월_패턴 반팔티,2026-06-09,2026-06-23,95,912545,레이스레이어드크롭반팔,유안느,반소매,12000,2026-03-11,
1905,6월_패턴 반팔티,2026-06-09,2026-06-23,96,951515,레이스언바루즈티,유안느,반소매,14000,2026-04-22,
1905,6월_패턴 반팔티,2026-06-09,2026-06-23,97,962231,엔젤레이스퍼프티,유안느,반소매,12000,2026-05-08,
1905,6월_패턴 반팔티,2026-06-09,2026-06-23,98,727893,G126925_스트라이프배색 차이나카라 V넥 루즈핏 셔츠 티셔츠,조원,반소매,17000,2025-06-16,
1905,6월_패턴 반팔티,2026-06-09,2026-06-23,99,970950,레이스 브이넥 반팔 티셔츠,코코듀,반소매,15000,2026-05-19,
1905,6월_패턴 반팔티,2026-06-09,2026-06-23,100,968553,레이스 러플 캡소매 라운드 티셔츠,코코블리,반소매,11000,2026-05-16,
1905,6월_패턴 반팔티,2026-06-09,2026-06-23,101,971218,레이스 브이넥 스트라이프 반팔 니트,코코블리,반소매,14000,2026-05-20,
1905,6월_패턴 반팔티,2026-06-09,2026-06-23,102,969055,레이스 브이넥 크로스끈 반소매 티셔츠,코코블리,반소매,13000,2026-05-17,
1905,6월_패턴 반팔티,2026-06-09,2026-06-23,103,921129,레이스 빅카라 퍼프 반팔 니트,코코블리,반소매,13000,2026-03-24,
1905,6월_패턴 반팔티,2026-06-09,2026-06-23,104,963793,스트라이프 카라 니트 반팔 티셔츠,코코블리,반소매,11000,2026-05-11,
1905,6월_패턴 반팔티,2026-06-09,2026-06-23,105,915410,신상)628 레이스 페이크 티,퍼프,반소매,17000,2026-03-15,
1905,6월_패턴 반팔티,2026-06-09,2026-06-23,106,933267,신상)628 레이스 페이크티,퍼프,반소매,17000,2026-04-06,
1905,6월_패턴 반팔티,2026-06-09,2026-06-23,107,915408,신상)8482 레이스 조끼 - 티 셋트,퍼프,반소매,16000,2026-03-15,
1905,6월_패턴 반팔티,2026-06-09,2026-06-23,108,945452,유유나그랑도트반팔,퍼플그레이,반소매,6000,2026-04-16,
1905,6월_패턴 반팔티,2026-06-09,2026-06-23,109,917477,레이스배색티,포포,반소매,10000,2026-03-18,
1905,6월_패턴 반팔티,2026-06-09,2026-06-23,110,918225,몽드라운드T 프릴 스트라이프 라운드넥 반소매 니트탑,헵번,반소매,13000,2026-03-19,
